t,fsr_l,fsr_r,tof_l,tof_r,imu_l_ax,imu_l_ay,imu_l_az,imu_l_gx,imu_l_gy,imu_l_gz,imu_r_ax,imu_r_ay,imu_r_az,imu_r_gx,imu_r_gy,imu_r_gz,lift_angle_l,lift_angle_r,omega_l,omega_r,jerk_l,jerk_r,tof_vel_l,tof_vel_r,frame_label,knee_angle,shin_angle_vertical,trunk_lean,ankle_disp_px,near_visibility
1773519318.4484,3,740,8190.0,8191.0,0.5637,-0.74,0.3713,2.4122,3.9771,-5.5496,0.9116,0.4067,0.0659,-0.6718,6.5344,1.3893,0.0,0.0,7.241138958064539,6.714153192324405,0.089293524776135,0.0933750735197413,0.0,-10.0,lower_right,,,,,
1773519318.5485,1,741,8190.0,8190.0,0.5864,-0.7178,0.4026,5.542,4.4733,-4.5573,0.9163,0.4058,0.1235,2.3893,8.4504,2.1603,1.1477945461352603,2.1313287432342727,8.45536280593565,9.043501022281138,0.0034461413865904,0.0645944169494716,0.0,-5.0,lower_right,,,,,
1773519318.6486,1,733,8190.0,8190.0,0.5786,-0.7109,0.4021,6.4809,5.1985,-2.8244,0.9238,0.3948,0.1323,5.6031,5.1069,3.3588,2.340587178394884,3.903934956626399,8.775175349814953,8.291965669248759,0.0094697826740597,0.0827760482002837,0.0,5.0,lower_right,,,,,
1773519318.7486,1,730,8190.0,8191.0,0.5747,-0.7217,0.417,7.6641,3.9847,-2.2061,0.916,0.4419,0.1375,12.3511,4.916,4.6718,3.3759961306400257,5.571531603640044,8.91533174424822,14.090508949289235,0.0507316484141173,0.0954407500002207,0.0,0.0,hold,,,,,
1773519318.8487,0,734,8190.0,8190.0,0.5679,-0.7236,0.4197,5.1298,0.458,-1.1832,0.9487,0.3618,0.1868,15.2672,-0.0458,4.2519,4.036807135657349,6.791037055585193,5.284370755350158,15.848285304410696,0.0063563332927574,0.1318688219433028,0.0,-5.0,lower_right,,,,,
1773519318.9487,2,728,8190.0,8190.0,0.6162,-0.6729,0.4417,6.4885,-2.0916,4.7176,0.9531,0.2729,0.1301,6.5038,-12.313,1.9542,4.499806840518508,6.896559907838928,8.290426561402013,14.06158885332664,0.0429295261351792,0.0940316889737358,0.0,0.0,hold,172.2803944351171,32.25252031800526,-0.6339904379505668,,0.0
1773519319.0488,1,721,8190.0,8190.0,0.6082,-0.6873,0.4443,-1.9389,-18.9084,17.1374,0.939,0.3816,-0.0029,9.8931,-22.0763,8.3435,3.2891485331908217,5.952813326227025,25.59252630222347,25.59004575122913,0.0844433587785392,0.0675168238567791,0.0,5.0,lower_right,175.86485184613767,30.05956322591735,-0.6339904379505668,,0.8143901824951172
1773519319.1488,0,724,8190.0,8191.0,0.5476,-0.7693,0.3193,-2.8168,-29.6794,13.2366,0.9324,0.384,-0.1008,6.5267,-15.3206,9.2061,0.9812323295845142,5.67105871476406,32.6191466191254,19.02816003874258,0.0535967562520811,0.0257644921264987,0.0,5.0,lower_right,174.7692269216463,21.533623561486408,-2.9102790165494055,-0.9999999999999698,0.9178124070167542
1773519319.2489,2,720,8190.0,8191.0,0.5371,-0.781,0.3457,1.1145,-26.8855,1.4046,0.9587,0.3232,-0.1194,11.6947,-3.6794,12.4504,-1.029891252876445,6.601694930380913,26.94522446853988,17.473306859607312,0.0832030006239464,0.0062488642993907,0.0,-5.0,lower_right,173.3516234604277,16.721832478424254,1.162923687345375,-1.1087646484374858,0.8756020069122314
1773519319.349,0,719,8190.0,8190.0,0.5508,-0.7668,0.2634,-7.229,1.9542,-17.5878,0.9551,0.3184,-0.1262,12.0916,7.3053,8.8168,-0.1339795752107029,8.591024487090479,19.11564928219808,16.652632251088715,0.206054746717289,0.043401160460561,0.0,0.0,hold,177.22906385623125,8.414760818545913,1.1348067331824176,-1.6359252929687251,0.7067263126373291
1773519319.449,1,719,8190.0,8191.0,0.6257,-0.6943,0.4788,14.2977,-8.8626,-5.2061,0.9504,0.3416,-0.0161,0.8015,3.7328,5.1908,-0.2684082301768864,10.189216790242336,17.608900626103836,6.443648246917269,0.2838014239128383,0.0118876272743306,0.0,0.0,hold,173.36029744805285,11.657216578294415,-14.147666572013367,-9.425628662109364,0.6856862902641296
1773519319.5491,1,712,8190.0,8190.0,0.7092,-0.6526,0.3826,6.3893,-34.4427,0.8626,0.9927,0.2197,-0.0251,6.8397,3.0534,8.6794,-2.775380632408716,11.833507492696528,35.04093058895554,11.464585993833357,0.068648356520008,0.0282113393313021,0.0,-35530.0,lower_right,171.65556738765446,5.178795422333795,,-1.7329101562499893,0.8258277773857117
1773519319.6492,0,710,8190.0,1085.0,0.7041,-0.6836,0.3333,-19.2137,-6.4198,5.7099,0.9629,0.2856,-0.01,13.6183,-6.9237,0.2137,-2.4931380382419537,12.387711957841043,21.04716270046868,15.278788704278885,0.1897566749110368,0.0488717758100754,0.0,5.0,lower_right,139.83644413219434,2.456052426512671,,14.005798339843789,0.0
1773519319.7492,1,709,8190.0,8191.0,0.6863,-0.6592,0.304,-38.687,32.0611,17.0763,0.9407,0.3376,-0.1252,-11.7023,-21.6794,-16.9924,1.566571724323333,11.396473799722182,53.06786338171153,29.92794459046595,0.1149828325594159,0.0287869564742754,0.0,35530.0,lower_right,127.90959465201054,4.7575414217019345,,15.816955566406286,0.9404916167259216
1773519319.8493,0,708,8190.0,8191.0,0.55,-0.824,0.2134,-63.3893,53.1527,2.6794,0.8757,0.4272,-0.219,-22.0763,-14.4198,0.1527,7.401581953175092,10.980768199931829,82.7683034508984,26.36886366569481,0.4654766378351449,0.4155984072196994,0.0,-35985.0,lower_right,,,,,0.0
1773519319.9493,1,704,8190.0,994.0,0.4028,-1.0103,0.0984,-46.313,31.4122,3.7786,1.0229,0.261,-0.2729,-13.5267,11.7405,8.4122,10.764825091159526,13.30647500479472,56.08830623044344,19.788280925335584,0.2561887056714584,0.0382543003582969,0.0,0.0,lower_right,,,,,0.0
1773519320.0494,0,699,8190.0,8191.0,0.4766,-0.8953,0.3237,-13.9389,-5.2519,-23.4962,0.9578,0.2017,-0.155,-9.3664,17.2137,-4.2824,10.566710973028346,16.22981712123579,27.81989937544707,20.059408426222344,0.3853135017514086,0.3117417448133752,0.0,35985.0,lower_right,98.42086461270897,4.147100706671049,,16.064331054687546,0.0
1773519320.1495,0,700,8190.0,8191.0,0.7178,-0.7026,0.1462,-8.7786,-6.7405,-14.313,0.9678,0.3276,0.1135,1.626,19.5115,-8.8473,10.594927677523769,19.22315685415726,18.093096120067457,21.485279275355023,0.2357996033399345,0.1577852826250075,0.0,-5.0,lower_right,105.83327117960896,2.1929693716448195,,16.28689575195315,0.8420602083206177
1773519320.2495,0,698,8190.0,8190.0,0.6995,-0.7351,0.075,-16.1527,-1.6718,-2.626,0.9595,0.3525,0.0271,-0.5573,-9.0153,-9.0611,11.087799701708022,19.35065487596809,16.449939468885592,12.79412953623653,0.1278807344080967,0.2960375873056331,0.0,0.0,hold,107.04473495018757,1.0665403666626194,,19.473388671875025,0.843194842338562
1773519320.3496,1,689,8190.0,8191.0,0.6553,-0.8083,-0.0081,22.5038,-13.0076,-6.6183,0.896,0.3291,-0.1658,-2.3359,7.2901,-4.2977,10.371913975732516,21.030945161431976,26.822016462041027,8.779078089981885,0.2594502344873278,0.0682931863159241,5.0,0.0,hold,111.36776522312863,1.4998443051836992,,17.897033691406286,0.8347259163856506
1773519320.4496,1,688,8191.0,8190.0,0.5286,-0.7915,0.1628,9.313,28.2901,-7.0229,0.9265,0.3992,-0.011,-3.7481,14.1221,-1.3664,13.600721021859426,23.327939897193897,30.60037338693762,14.67477464835491,0.3007238997597355,0.3563159291632611,0.0,0.0,hold,110.52700082805526,0.5123129121611075,,17.897033691406286,0.7703978419303894
1773519320.5497,2,687,8190.0,8191.0,0.6787,-0.665,0.2417,-10.8779,20.4504,-1.0,0.9309,0.4565,0.0825,2.5954,0.5649,3.8321,16.20899131805694,24.18697270834677,23.18507210620661,4.662639121785,0.5877661936955209,0.102742501285189,-5.0,-35140.0,lower_right,107.54957650014781,0.3125503265279428,,11.633239746093782,0.8126683235168457
1773519320.6498,7,684,8190.0,1162.0,0.8154,-0.6804,0.2131,-52.5115,37.8702,-0.9008,0.9641,0.3557,0.0613,-0.7023,-21.1908,9.3664,20.57275816066252,23.016033095152164,64.7489082605259,23.17914318714132,0.5896696921114791,0.1804746370536214,0.0,-5.0,lower_right,111.27978873615848,5.026082136559779,,14.361618041992221,0.775325357913971
1773519320.7498,0,680,8190.0,8190.0,0.4382,-0.7429,-0.0032,-4.084,18.8015,36.5802,0.9617,0.2808,-0.0654,6.2672,-22.3206,5.4504,22.614530428524727,21.83452143360101,41.33142255342779,23.81583171673834,0.0138413301909745,0.1051812604270929,0.0,-605.0,lower_right,104.81570817545638,3.213162815382065,,16.963500976562518,0.829293429851532
1773519320.8499,1,677,8190.0,1041.0,0.4612,-0.9714,0.1045,-6.3282,10.6107,16.0992,0.9377,0.3232,-0.1821,5.5115,-16.1679,-3.0534,23.70748620976026,21.18168512494965,20.293282395167125,17.35225847606011,0.8561126210309766,0.0223862008707609,0.0,0.0,lower_right,102.55461059369243,4.300523663971217,,17.261993408203136,0.8693064451217651
1773519320.95,0,672,8190.0,8190.0,0.5527,-0.8623,0.1399,-5.3206,11.3359,7.2137,0.9695,0.2512,-0.1182,3.0534,-11.0763,-5.7481,24.990675208308915,21.15298907016618,14.451604784936515,12.847113561419157,0.2680060565732722,0.1085491879088096,0.0,35750.0,lower_right,104.0902529945836,4.508213079932627,,32.708862304687514,0.748559832572937
1773519321.05,0,667,8190.0,8191.0,0.5303,-0.8696,0.1299,5.4733,2.9313,0.3359,0.9387,0.3318,-0.2644,9.2137,-2.6641,-15.1603,25.40003670711661,21.78241851175037,6.217906511841426,17.93946466843423,0.0775811874026199,0.0331332623166402,0.0,5.0,lower_right,104.25422918417081,4.642744559773379,,33.77523803710939,0.7050589323043823
1773519321.1501,2,665,8190.0,8191.0,0.4963,-0.8845,0.0901,4.0916,13.084,-13.0763,0.8867,0.3669,-0.2878,-5.2672,14.1756,-10.5878,26.75768988247034,23.98118751238321,18.945233391278133,18.460567164635,0.0486333913211911,0.0659107751366838,0.0,0.0,hold,102.55755423711146,6.511991168288757,,26.777099609375004,0.7173895239830017
1773519321.2501,4,659,8190.0,8191.0,0.5278,-0.8503,0.1812,8.0382,15.5878,-18.8321,0.8979,0.4573,-0.1372,-17.8015,13.6794,-4.2519,28.375371279149952,26.082128852734904,25.73402724973299,22.84946476878616,0.0038888822598404,0.1373152328426519,0.0,-5.0,lower_right,102.55755423711146,6.511991168288757,,22.039825439453153,0.7640323042869568
1773519321.3502,0,646,8190.0,8190.0,0.6052,-0.783,0.2429,-0.7405,4.0305,-14.9924,0.946,0.4021,-0.0535,-6.7557,14.0763,5.3359,28.931562036634425,28.275771919864507,15.542372028104332,16.500107059955702,0.0009385969813291,0.0156416295431283,0.0,0.0,hold,102.74025579489353,5.775370421280161,,22.80882263183595,0.7224750518798828
1773519321.4503,1,645,8190.0,8191.0,0.6604,-0.7585,0.1528,-0.855,2.5344,-2.6947,0.9609,0.3389,-0.0486,-0.8321,6.7176,7.687,29.41092984481729,29.77636336966024,3.7967902825939706,10.242485497670964,0.2952586989769534,0.3884679888646986,0.0,-35555.0,lower_right,104.82669059054949,4.451990861317572,,17.53994750976564,0.8099110126495361
1773519321.5504,1,643,8190.0,1079.0,0.7407,-0.7593,0.1924,28.374,-0.4656,-0.9084,0.8926,0.3,-0.1372,-15.9237,5.0611,-1.2901,29.645061451006857,31.071160665288648,28.39235548382698,16.758380378485267,0.5412023774403141,0.1090479973116609,0.0,-5.0,lower_right,101.37555246430098,5.978524681316297,,8.694152832031286,0.7805360555648804
1773519321.6504,0,638,8190.0,8190.0,0.397,-0.7937,0.1968,-7.5115,20.0076,-0.6412,0.937,0.4429,-0.1067,12.687,5.7328,-6.0687,31.530824957698552,32.29296945691387,21.380781731498967,15.18730010666807,0.7984166372492163,0.8709170450640485,0.0,35555.0,lower_right,103.68918697780862,1.6877976146301892,,6.179016113281275,0.8675636053085327
1773519321.7505,0,638,8190.0,8190.0,0.8538,-0.8738,0.1987,-0.5038,20.7557,-0.2366,1.0398,0.4229,-0.0859,3.855,-0.9618,-10.0763,33.80656784826772,32.90206691260427,20.76316152444035,10.83133906449244,0.1730971989145341,0.1395590158211901,0.0,0.0,hold,104.8856320676947,1.4278285193321263,,3.0545654296875213,0.8374987840652466
1773519321.8506,1,635,8190.0,8190.0,0.498,-0.7925,0.1199,19.2595,24.0076,5.8855,0.9731,0.2581,-0.1208,-9.8931,11.6794,-20.8092,36.120251911963535,34.862155256514875,31.33579914825853,25.832239868234424,1.1712109846884344,0.8350604318506355,0.0,0.0,hold,109.54503931523453,2.389228972420912,,15.192398071289084,0.8708165287971497
1773519321.9506,2,626,8190.0,8190.0,0.5537,-0.7871,0.2844,18.9847,47.2748,-2.3206,0.8428,0.4434,0.1111,-2.6107,10.9313,-56.6641,40.700553256738864,36.4667006350748,50.99716397497022,57.76789162666402,1.2416055391332208,0.1823450640235013,0.0,0.0,hold,109.58786553603208,1.5464388799103548,,13.33740234375,0.866135835647583
1773519322.0507,0,622,8190.0,8190.0,0.5752,-0.8135,0.6543,3.7863,11.2519,7.1832,0.7078,0.7581,-0.1665,3.9237,-19.9847,-7.5191,41.56629668459304,34.626109245912865,13.875866947329811,21.709917562948046,0.1306777343454235,0.459002112655032,0.0,-36010.0,lower_right,109.58786553603208,1.266601278927729,,6.196990966796925,0.8203122019767761
1773519322.1507,2,628,8190.0,988.0,0.522,-0.7712,0.4392,-33.0763,8.4198,4.8855,0.7842,0.6985,-0.0291,-2.6565,-22.6641,7.771,42.16936885394691,32.678172022323544,34.47901918529586,24.10615817711317,0.2588301730060094,0.0566104896856933,0.0,0.0,lower_right,109.0058826960546,1.6299422968459427,,11.0833740234375,0.8529333472251892
1773519322.2508,0,624,8190.0,8190.0,0.4324,-0.9709,0.4128,-29.3359,-14.7557,2.8855,0.7773,0.6855,-0.0752,16.7481,-2.5038,36.7557,40.32565133992621,32.74765412905197,32.964402338735034,40.46911600887768,0.8808617582369338,0.2510354632087475,0.0,36015.0,lower_right,105.90414480071524,3.6725700570960296,,7.749450683593757,0.7568856477737427
1773519322.3509,0,603,8190.0,8191.0,0.9031,-0.7971,0.0547,0.2061,1.9084,-24.3588,0.9263,0.3425,-0.1594,18.3511,10.8321,44.9237,40.67617626864112,34.51050154880419,24.43431204699653,49.72158568780766,1.2863228580419006,0.0183435358582384,0.0,0.0,hold,105.65451945890507,3.03825973029826,,7.749450683593757,0.800136148929596
1773519322.451,2,605,8190.0,8190.0,0.4421,-0.7444,0.1731,-2.7099,-0.6183,-31.8321,1.0264,0.1355,-0.0171,11.0687,22.0076,5.6565,40.40301885945492,37.625449060008506,31.953222737464213,25.275414332904614,1.436257058504966,0.7559561695392747,0.0,-5.0,lower_right,112.16678916367806,1.1520019006864717,,5.7022094726562855,0.881782054901123
1773519322.551,1,602,8190.0,8190.0,0.7517,-0.4492,0.2773,-45.4656,28.7557,-41.8931,1.0959,0.3484,-0.061,-8.7634,20.0076,-21.7405,43.51143142947434,40.27593698772487,68.18389027812948,30.81802358312421,0.2440623765594496,0.1434195094560997,-40665.0,-36095.0,lower_right,112.16678916367806,4.1992462499435925,,3.787994384765625,0.8953686952590942
1773519322.6511,1,587,57.0,971.0,0.562,-0.7002,0.249,-34.0,10.0687,-27.771,0.8665,0.5122,-0.02,5.7557,4.4198,-13.9847,44.36989168077783,41.091417910093824,45.040061730530525,15.75546091423542,0.4105007299040952,0.6653211542865056,-40750.0,-35405.0,lower_right,112.55087772330715,4.5283774871164,,4.753387451171882,0.8959070444107056
1773519322.7511,1,579,40.0,1109.0,0.6426,-0.7244,0.2522,-11.7634,-10.5573,-9.6794,0.8865,0.4951,0.0796,-6.4809,-7.5878,36.1679,43.24697631156917,40.73608260935315,18.534426001632745,37.51924524907184,0.2832674028332632,0.6865883560296576,-175.0,-4560.0,lower_right,106.6207768495912,2.25671570301733,,12.086730957031264,0.9323391914367676
1773519322.8512,0,565,22.0,59.0,0.7117,-0.6646,0.1694,-18.6031,-7.4885,-1.5344,0.783,0.3779,0.0061,25.1679,29.7176,43.5267,42.56935740136201,44.11835946500464,20.112367966502603,58.40490178966145,0.170653994276565,0.0806555101976291,-30.0,-5385.0,rest,105.75784843586021,0.9530683714656701,,13.191650390625043,0.9283352494239807
1773519322.9513,1,557,34.0,32.0,0.6567,-0.6992,0.1184,-9.3053,8.8626,0.8626,1.0176,0.1848,0.0283,12.2901,31.9695,18.0687,43.442519253547474,47.960796510438776,12.87937753193065,38.72432579077394,0.4064433603346767,0.8875102024248499,130.0,-170.0,rest,105.75784843586021,2.269405651853857,,9.503967285156278,0.9292817711830139
1773519323.0513,0,555,48.0,25.0,0.7043,-0.7703,0.2341,-1.2214,2.1069,-2.8168,1.042,0.1016,-0.0034,41.0229,26.7405,17.4962,43.60374181009042,51.31070743547083,3.7236014569231215,52.00047768145981,0.4311707228893435,0.0330878720381899,-20.0,-20.0,rest,104.88134646166532,3.754133035547346,,6.637725830078143,0.9404774308204651
1773519323.1514,1,541,30.0,28.0,0.7476,-0.7217,0.1689,-1.0916,11.1298,3.4733,0.9905,0.3152,0.0613,-14.5802,-3.2061,-7.1832,44.72731302020152,51.41105690689569,11.7101601820812,16.566824423829694,0.0420739497349254,0.2227023658561888,-80.0,10.0,rest,106.72331182484949,5.557138725969942,,-4.02557373046875,0.9455677270889282
1773519323.2514,0,526,32.0,27.0,0.7385,-0.7776,0.1106,0.0458,5.9847,1.542,0.9817,0.1113,0.1694,14.2977,19.5954,-1.8626,45.28399246293963,53.86986589511573,6.180331360857604,24.32844436477598,0.2456707283634274,0.1876145045791011,5.0,-25.0,rest,110.21957753345475,6.274375353617226,,-4.02557373046875,0.9403320550918579
1773519323.3515,3,515,31.0,23.0,0.6396,-0.7419,0.2185,1.9542,23.4046,0.5573,0.98,0.2112,0.0496,-3.0458,18.9695,-6.374,47.46377194967045,56.20183033418501,23.492653789855243,20.24220106337253,0.028247469075131,0.2330263517336939,-15.0,40.0,rest,110.6516673618808,6.961370236965378,,-3.0068359374999964,0.9450514912605286
1773519323.4516,1,485,29.0,35.0,0.7092,-0.7747,0.2168,-7.084,-1.1908,-1.1603,1.0134,0.2402,0.1255,12.9618,6.2672,-5.7023,47.22577372833101,57.19253850832594,7.276493436401904,15.485550696374991,0.0546096592856104,0.0952154915225811,-35.0,75.0,rest,110.41152132748645,6.965148536362301,,-4.227996826171854,0.9482771754264832
1773519323.5516,3,356,24.0,38.0,0.6931,-0.7334,0.105,-3.5649,6.5344,2.0992,0.9729,0.2908,0.1223,1.3893,-4.7252,-7.2977,47.78346319899235,57.02630373258545,7.733921127733331,8.804208926416955,0.1554405070848386,0.3921688984027394,-20.0,25.0,rest,110.41152132748645,6.958957159127107,,-4.227996826171854,0.9498490691184998
1773519323.6517,1,580,25.0,40.0,0.7891,-0.6448,0.2144,3.1832,-6.3282,14.3893,0.9377,0.2393,0.074,4.7634,3.2214,-4.6641,47.19298183517331,57.70235918703795,16.03841737734743,7.4041357584798515,0.0976751169940159,0.0545862375553329,15.0,5.0,rest,114.97757397244858,6.068618734287036,,-5.184753417968722,0.959480345249176
1773519323.7517,1,506,27.0,39.0,0.698,-0.7556,0.1057,-16.4504,-0.5344,16.1832,0.9714,0.332,0.1211,-3.3664,-4.7786,1.6565,47.045834659757226,57.48018005573618,23.082400346584407,6.075496619207355,0.1677592983719888,0.2576829556430449,10.0,-5.0,rest,111.62282475622344,5.282174673544338,,-7.515686035156222,0.9578453898429871
1773519323.8518,3,2,27.0,39.0,0.6367,-0.7812,0.0002,-20.2595,11.1603,20.1756,1.0076,0.1494,0.0845,13.9084,2.2214,4.4122,47.98224742067138,58.15492708446722,30.692905885562546,14.759597466055771,0.3867765059695183,0.2276124177513877,20.0,-10.0,rest,105.45918106295042,1.0575897334759348,,-8.260864257812486,0.9697191715240479
1773519323.9519,304,413,31.0,37.0,0.5374,-0.79,-0.0491,2.6641,29.0076,9.4885,0.9233,0.3521,0.0032,7.1298,-1.4046,-6.5649,50.548832734593326,58.23667547837597,30.636088503919687,9.7931027366203,0.3917822561360917,0.0402055171796367,5.0,-5.0,rest,100.81731153657925,0.9239303349721245,,-5.042541503906239,0.9619983434677124
1773519324.0519,296,458,28.0,38.0,0.5242,-0.908,0.2837,1.8244,12.1527,-11.4122,0.9954,0.1924,-0.0225,-5.8779,5.0076,-5.1221,51.30595299215314,59.14243719710797,16.770654772250246,9.266157487329902,0.3393569170733734,0.0515525738471683,-15.0,5.0,rest,98.75718776079174,3.8579464783414354,,-5.067260742187489,0.9723943471908569
1773519324.152,247,581,28.0,38.0,0.4883,-0.8826,0.1799,-6.7634,3.9237,-9.7099,0.957,0.2744,0.0762,1.3664,12.6107,-1.5878,51.23360344496812,60.6639983134441,12.466802286873728,12.78350156608118,0.2374883726952226,0.2985865115483976,25.0,0.0,rest,98.72590344050319,3.8579464783414354,,-7.883178710937493,0.9553978443145752
1773519324.2521,0,264,33.0,38.0,0.6929,-0.759,0.1504,0.8702,-17.4351,-7.1374,1.033,0.2788,0.0906,-5.2214,7.7328,-1.771,49.33718037830084,61.69166818095768,18.859545031893,9.49713929559844,0.0540236899488433,0.1866766329530012,10.0,-75.0,rest,100.43969003774548,2.376161197823324,,-8.468322753906214,0.9454359412193298
1773519324.3522,2,0,30.0,23.0,0.6194,-0.7988,0.0776,-11.7023,1.771,-3.4275,0.9919,0.262,0.1428,1.6947,-10.6031,1.0687,49.27719954516361,60.88387856096871,12.321851425009148,10.79073016018842,0.1134648415138028,0.9515859967382834,-20.0,-80.0,rest,98.12889567409752,1.939199474363783,,-12.621093749999979,0.9413508176803589
1773519324.4523,1,2,29.0,22.0,0.6396,-0.7883,0.041,-6.1069,-1.374,-1.4809,0.8496,0.2385,0.0427,4.5115,-19.7786,-3.2061,48.93734051995025,59.2095522326325,6.432353256779358,20.53839641792903,0.0828520813707922,0.3144975769164881,0.0,170.0,rest,98.17304252416805,1.9931606129437343,,-13.307891845703121,0.9522377252578735
1773519324.5523,2,1,30.0,57.0,0.6118,-0.8276,0.0491,-11.4809,13.084,-2.3664,0.9214,0.2844,0.1292,8.6565,6.6947,0.7634,49.969333959554056,60.10688967709552,17.567070608670075,10.969812208966934,0.0647938787827506,0.5966843746903205,0.0,205.0,rest,101.19321282480573,2.028985777710261,,-18.335449218749957,0.9202765822410583
1773519324.6524,1,0,29.0,63.0,0.698,-0.7544,0.0486,6.9618,2.4504,0.2061,0.9768,0.2256,0.0244,-3.9466,-3.4275,0.0,50.06442749891702,60.107294071478776,7.383332351316715,5.227179718548044,0.0797264198718128,0.1861516457697853,5.0,45.0,rest,101.69114195794835,1.382394852410552,,-14.651123046874961,0.8801440596580505
1773519324.7524,243,560,31.0,66.0,0.6086,-0.8018,0.1255,-1.4122,17.9695,-3.5191,0.9919,0.1814,0.0601,15.2672,10.6641,5.5344,51.56148303179523,61.532133163172254,18.365219952399155,19.42781531747716,0.1209426746872643,0.0543264278435784,-5.0,0.0,rest,101.62204303178156,0.9990484637486796,,-14.0252990722656,0.9026128649711609
1773519324.8525,187,657,28.0,63.0,0.5986,-0.7991,0.1123,0.0458,13.2519,-2.2137,0.9648,0.3059,0.0559,3.2137,0.8779,1.6718,52.56030256523045,61.830230687842686,13.435602663818246,3.7273973949660895,0.0117669925745389,0.1852912903474479,-20.0,15.0,rest,100.43423285999633,1.0247374850728435,,-14.5727844238281,0.9071502685546875
1773519324.9526,50,844,27.0,69.0,0.6594,-0.7607,0.1426,-2.5496,17.3588,-3.8931,1.0325,0.1748,0.0037,-4.8931,-1.5954,3.916,54.01887392074896,62.04505585102755,17.971773012421448,6.467053793652871,0.0154184289522507,0.0623008995678286,10.0,50.0,rest,101.90017411653521,1.1208018785126979,,-14.411346435546868,0.9082076549530029
1773519325.0526,20,890,30.0,73.0,0.6885,-0.7107,0.1555,26.6336,-25.5344,7.4275,0.9697,0.2471,0.0325,-0.3053,2.374,3.6947,51.30456199180161,62.548527945185,37.63671065024148,4.402259894645022,0.1314657998962043,0.2004261485818204,5.0,0.0,rest,100.77347571469579,1.3865572708716114,,-14.56088256835935,0.9142781496047974
1773519325.1527,116,782,28.0,69.0,0.5979,-0.7795,0.1262,-1.7634,14.3206,-3.374,0.9814,0.2261,-0.0032,-2.4122,1.5496,-0.5115,52.42452865632983,62.98991863415202,14.817997162909702,2.912318878488412,0.0658436540309204,0.094456717847875,-10.0,-10.0,rest,101.04167243937871,1.9757019850521114,,-11.582641601562482,0.8962951898574829
1773519325.2527,83,817,28.0,71.0,0.6211,-0.7856,0.1641,-5.0305,19.4656,-4.4198,0.9895,0.248,0.002,0.0076,4.7863,-1.8015,54.03839433162446,63.71776288543441,20.585192387976363,5.114110646045899,0.1372137660978201,0.0829483372399053,0.0,-5.0,rest,103.39651241348741,3.9431602112312416,,-12.058349609374961,0.8582349419593811
1773519325.3528,98,811,28.0,68.0,0.6443,-0.7639,0.1936,-13.855,14.3588,-8.1908,0.9854,0.2761,0.0269,-0.5344,3.458,0.313,55.15016844507026,64.26783485704048,21.569083593885026,3.513020973464292,0.0061415734853009,0.0197628606288613,5.0,0.0,rest,104.39107035509807,3.9431602112312416,,-19.354461669921825,0.8454217910766602
1773519325.4529,88,827,29.0,71.0,0.6697,-0.741,0.1726,-4.084,4.2061,-3.1527,0.9875,0.2373,0.0332,0.6489,3.0611,0.5115,55.286457714496734,64.80968794865156,6.656564466750097,3.1706524044745112,0.0225652106442508,0.0307532300834822,5.0,10.0,rest,103.9507879325586,1.9648072739409808,,-20.696716308593732,0.8837472200393677
1773519325.5529,2,930,29.0,70.0,0.6377,-0.7769,0.1294,-8.3588,9.5038,-4.1679,0.9919,0.2258,0.0237,3.1527,3.7023,-3.7252,55.89202356810875,65.41846784385704,13.325282071686138,6.125655688985466,0.0254998430029529,0.0301080962879696,-5.0,20.0,rest,104.18319031292444,2.4270801501922334,,-7.817138671874968,0.8849794864654541
1773519325.653,10,923,28.0,75.0,0.6416,-0.7808,0.1282,-3.1145,9.2595,-2.3053,0.978,0.252,0.0195,4.2137,5.2366,-2.687,56.46236122471567,66.1334771129164,10.037572345442896,7.238592145576375,0.0174768684564463,0.0380832796644614,0.0,-5.0,rest,104.18319031292444,2.9932057235089986,,-5.8596191406249964,0.8958458304405212
1773519325.753,17,923,29.0,69.0,0.645,-0.7717,0.1501,-3.8015,8.8397,-1.6336,0.9751,0.262,0.0225,4.0076,4.5954,-3.0153,56.9867420648402,66.75930774885327,9.7601407418131,6.802249114079842,0.0493079091800918,0.1057971026627169,5.0,-55.0,rest,104.12192439237165,2.4845302973856147,,-5.8596191406249964,0.8868622183799744
1773519325.8531,13,929,29.0,64.0,0.6475,-0.7822,0.1638,-5.0458,8.9008,-2.7252,1.0051,0.2305,0.0144,-4.0916,2.458,-2.2824,57.49958661283298,67.2061924699143,10.58825072049203,5.290775398748278,0.1015840814582347,0.0184951932268973,-5.0,-10.0,rest,104.12192439237165,2.3203413555333845,,-9.403228759765607,0.8652125597000122
1773519325.9532,14,932,28.0,67.0,0.644,-0.7949,0.1709,-3.5878,6.1069,-2.4351,0.9536,0.3184,0.0422,0.687,4.5115,-3.9313,57.71570183583242,67.73191228037201,7.489742883437322,6.023347984302418,0.0191980241730194,0.1180492408294098,0.0,15.0,rest,104.97737779709257,2.8205035256919397,,-20.759460449218725,0.8350130319595337
1773519326.0532,11,941,29.0,67.0,0.6501,-0.7737,0.1697,-2.5038,5.084,-2.4046,0.9658,0.2861,0.0283,4.2672,3.5038,-1.5038,57.8471603177436,68.18910547814998,6.156149088513045,5.722501613804927,0.0801681721952196,0.0471634648866581,-5.0,-20.0,rest,104.97737779709257,2.5605210472786735,,-20.537139892578118,0.826444149017334
1773519326.1533,10,934,27.0,63.0,0.6538,-0.7673,0.1631,-4.7252,3.4122,-1.8931,0.9746,0.2849,0.0239,2.8473,3.3359,1.0916,57.820808147536354,68.62525859593414,6.128168689747371,4.519616870930544,0.0275245547252633,0.0498919906601369,-15.0,-15.0,rest,102.59664437022745,2.5605210472786735,,-17.208496093749996,0.8259642720222473
1773519326.2533,12,935,26.0,64.0,0.6458,-0.7698,0.1707,-4.3282,1.9618,-1.4962,0.9739,0.293,0.0361,0.4351,1.7099,4.6107,57.6430147775273,68.8830540066514,4.982026587644831,4.936762553536477,0.0952779269003067,0.0129924356708499,-5.0,0.0,rest,102.61549883962107,1.294396020222589,,-15.65200805664059,0.9004119634628296
1773519326.3534,2,952,26.0,63.0,0.6826,-0.7688,0.1584,-5.3282,0.2214,-0.5267,0.9868,0.2461,0.0503,1.4809,0.3969,4.6031,57.332063485960006,69.05866467748557,5.358744824116931,4.8517135148316415,0.0295051735060114,0.0562266632284136,5.0,-15.0,rest,103.3036068704271,1.4956289499001447,,-15.059204101562464,0.8693887591362
1773519326.4535,5,951,27.0,61.0,0.6106,-0.8037,0.0896,-4.1985,4.8015,0.313,0.9749,0.249,0.021,-0.0916,-2.0763,1.3664,57.39706799332669,68.98648578154675,6.385904282088794,2.487259779355586,0.0863122930077331,0.0280180202262103,10.0,10.0,rest,103.3036068704271,1.7804100811957526,,-15.059204101562464,0.879783034324646
1773519326.5535,56,894,28.0,65.0,0.6392,-0.7866,0.1384,-0.3053,5.9618,-1.374,0.991,0.208,-0.012,4.2137,2.6947,-2.8779,57.606801208143175,69.43337987821401,6.125695334408984,5.770527202084745,0.0276987724057686,0.0331823393873353,-10.0,25.0,rest,103.72980613469032,2.203977613002065,,-15.064392089843732,0.8894215822219849
1773519326.6536,109,838,25.0,66.0,0.6333,-0.7891,0.1196,-3.3969,8.6718,-4.542,0.9695,0.2935,0.0142,1.8626,6.0076,-5.916,58.07313984871399,70.09622910032334,10.361892146225031,8.634789662753807,0.0420458772674514,0.0171250002912026,-5.0,-15.0,rest,103.68808100320273,3.376431691807695,,-10.866363525390579,0.8814496397972107
1773519326.7537,45,902,27.0,62.0,0.6626,-0.7529,0.1531,-1.0916,5.0611,-4.5191,0.9683,0.281,0.0447,2.5573,7.7863,-3.8092,58.2231636960827,70.92985542535183,6.872305914320171,9.0374916663862,0.0176094018014894,0.0353788055671266,-5.0,-10.0,rest,,1.811974020849306,,-10.866363525390579,0.9338796138763428
1773519326.8537,45,915,24.0,64.0,0.6501,-0.7693,0.1282,0.1221,8.2672,-2.1221,0.9634,0.2881,0.0291,0.0992,4.1832,-0.0687,58.66515004391405,71.38663140027117,8.536088838572383,4.1849399720904,0.129222927844701,0.0012390307336451,0.0,5.0,rest,104.72617151207088,1.7089771483318228,,-10.889709472656204,0.9320092797279358
1773519326.9538,38,907,27.0,63.0,0.6799,-0.7708,0.1614,-3.3969,11.6947,-1.2748,0.9714,0.271,0.0317,-1.9237,1.5038,2.0,59.45403919501652,71.59249036825595,12.244592796005916,3.1562693373665054,0.0885914651885955,0.0703968278624023,20.0,0.0,rest,105.29744658905976,1.733870238062219,,-11.710815429687482,0.9363982677459717
1773519327.0538,54,879,28.0,64.0,0.6616,-0.7791,0.1499,-6.0916,8.3435,-3.0,0.9856,0.2615,0.0269,0.4427,1.4198,0.4198,59.879109592796205,71.80109479744954,10.757396655789911,1.5453308286577343,0.0498304850831232,0.0526591172086987,5.0,-10.0,rest,106.54505563833018,1.9215507093306927,,-9.453674316406211,0.9053861498832703
1773519327.1539,96,843,28.0,61.0,0.6399,-0.7927,0.1548,-0.8244,6.0534,-1.3359,0.9856,0.2598,0.0229,1.5573,3.3817,-1.1756,60.04253918945134,72.20004422904567,6.253632202968128,3.904243017538739,0.0101313033156824,0.0221522970661669,-10.0,-5.0,rest,106.56507967097323,2.3481213372777803,,-7.929870605468743,0.9013838768005371
1773519327.254,99,839,26.0,63.0,0.6624,-0.7705,0.1748,-1.3359,3.0382,-0.1221,0.9805,0.2634,0.0271,-0.0916,4.4122,-2.7252,59.93895926401845,72.68618706695958,3.321173958105778,5.1867730276155335,0.0997029505315461,0.0060578994749882,-5.0,-5.0,rest,106.89907280816287,2.516880995949394,,-7.381988525390604,0.9114865064620972
1773519327.354,119,824,27.0,60.0,0.647,-0.7656,0.1279,-3.8092,3.5038,-2.4427,0.9766,0.2815,0.063,-0.0992,1.7099,-0.6641,59.87980192648239,72.87091665793147,5.723058829856636,1.837015911743826,0.0741415409219281,0.0086655348290609,-5.0,-15.0,rest,102.95129382478868,2.3313111637763115,,-9.059753417968714,0.9125787019729614
1773519327.4541,157,787,25.0,60.0,0.6548,-0.7644,0.1399,-2.3893,4.5115,-1.4962,0.9785,0.2654,0.0088,0.5344,3.0458,-0.1756,59.9266984178499,73.20832124934722,5.319868530330425,3.0973079214052968,0.0406927015672942,0.0017802671372635,0.0,5.0,rest,103.65296538811405,2.799658025994148,,-16.602630615234375,0.901764452457428
1773519327.5541,159,779,27.0,61.0,0.658,-0.7654,0.1372,-3.3511,6.3664,-2.542,0.9783,0.2781,0.0427,0.8244,3.3435,1.1756,60.15682559446719,73.55091317940074,7.630379031869911,3.6387721789087046,0.0115163117904781,0.0111111981177147,10.0,10.0,rest,104.55910951362861,2.799658025994148,,-17.494689941406225,0.8736481666564941
1773519327.6542,149,794,27.0,62.0,0.6631,-0.7554,0.1328,-4.5115,8.8702,-1.5191,0.9836,0.2537,0.0256,1.3359,2.3664,0.2977,60.63987290558121,73.82113383673817,10.066863717166337,2.733697689943056,0.0116901260118251,0.004186279954329,-10.0,0.0,rest,104.51570173344572,2.361098912238163,,-19.674377441406214,0.8192011713981628
1773519327.7543,155,787,25.0,61.0,0.6458,-0.7659,0.1709,-3.6947,6.0153,-1.3588,0.9805,0.2761,0.0181,1.8473,3.2748,-0.5649,60.8056300519902,74.15046505501695,7.188948436315286,3.802097360668188,0.012396419503674,0.029268650331341,0.0,15.0,rest,103.61458252175711,2.5445687922257036,,-17.92047119140621,0.8509808778762817
1773519327.8543,139,799,27.0,65.0,0.645,-0.7673,0.1348,-3.7863,7.3282,-2.0611,0.9724,0.2734,0.0178,1.2366,3.0916,-0.1908,61.10012892042549,74.45572330618151,8.502159498621513,3.3352023566794267,0.0576571784788615,0.028285982692241,20.0,5.0,rest,103.3211160962854,2.6910238966207856,,-14.414459228515586,0.8249036073684692
1773519327.9544,131,803,29.0,62.0,0.6543,-0.7507,0.1338,-3.3588,6.1145,-1.8855,0.9729,0.281,0.0308,1.1298,3.1145,0.5725,61.28998139671339,74.74779795834355,7.226600718180021,3.362188950668894,0.0010822371495544,0.0292189017411736,-10.0,-5.0,rest,101.74929959522392,1.4432019339769235,,-7.713623046874982,0.8834846615791321
1773519328.0544,127,791,25.0,64.0,0.6584,-0.7556,0.1377,-3.0916,6.1908,-1.4885,0.9797,0.2683,0.0259,0.2977,2.2595,0.6718,61.482971406033904,74.96660692611026,7.078109030666312,2.375979962036717,0.0471231694282858,0.0188039548030916,-25.0,5.0,rest,99.99725106597833,0.7129831993211815,,-10.003326416015614,0.8882148861885071
1773519328.1545,130,790,24.0,63.0,0.6541,-0.7644,0.1282,-3.5802,7.7176,-1.5038,0.9729,0.2654,0.0432,1.1832,2.5649,0.5038,61.81286880561062,75.20963722221309,8.639478933361664,2.8692313761702803,0.0342719398167257,0.0104567613790307,0.0,-10.0,rest,97.77135318122176,0.5736930783077484,,-9.86187744140624,0.8886169791221619
1773519328.2546,130,770,25.0,62.0,0.6526,-0.769,0.1416,-3.7557,7.7939,-3.8702,0.9761,0.272,0.0383,0.9771,2.4427,-1.9542,62.1373835591328,75.43048756066965,9.47779551056046,3.27725576359246,0.0038948003710503,0.0046039188378999,5.0,15.0,rest,100.09309356858748,0.8790435031411522,,-9.86187744140624,0.9476695656776428
1773519328.3549,126,781,25.0,66.0,0.6509,-0.7632,0.155,-3.5038,6.8092,-1.5191,0.9792,0.2473,0.0266,3.8931,3.6412,-0.8626,62.35971085180285,75.79366996639021,7.807015043536165,5.399874425391761,0.0089568195419142,0.0257255169046022,0.0,15.0,rest,101.29924113920882,0.8790435031411522,,-9.812347412109332,0.9264647960662842
1773519328.455,124,822,25.0,65.0,0.6541,-0.7717,0.1326,-2.458,6.8321,-1.626,0.9709,0.272,0.0344,1.374,2.6412,-1.626,62.57954765433726,76.02125751092173,7.440647176825413,3.3922985481823384,0.0126389570952734,0.0200994868944881,10.0,-25.0,rest,101.42934198246381,1.0880547233428157,,-11.05206298828124,0.912574827671051
1773519328.5551,108,829,27.0,61.0,0.6484,-0.7642,0.1436,-3.3206,7.0916,-1.8931,0.9758,0.2737,0.0417,1.0382,3.1603,-0.374,62.8194109666445,76.29374294211493,8.056115846361694,3.347421594302098,0.0463204844258202,0.0254065760094912,10.0,-5.0,rest,101.74277652748061,1.1583746361448286,,-11.571716308593718,0.9273990392684937
1773519328.6552,53,892,27.0,64.0,0.6716,-0.7678,0.1392,-3.5496,7.8092,-1.5878,0.9797,0.2588,0.0361,1.2519,3.0458,0.542,63.14268055066176,76.5676709951521,8.723782072014407,3.3373515322782525,0.0173866412983125,0.001092392370654,-5.0,5.0,rest,101.82591903710221,2.9884065282561654,,-17.400695800781207,0.8667163848876953
1773519328.7552,56,880,26.0,62.0,0.6538,-0.7649,0.1399,-3.0153,6.5725,-1.3664,0.979,0.2642,0.0322,0.6412,2.6947,-1.9466,63.32507742840208,76.79621660608782,7.359133053560045,3.385527594039074,0.0571472499643355,0.0100377568546683,-15.0,-10.0,rest,101.4680593277744,3.637019050736285,,-8.110290527343729,0.8869258761405945
1773519328.8553,112,832,24.0,62.0,0.6531,-0.7683,0.1404,-6.0992,5.4351,-2.5649,0.98,0.2668,0.0242,1.626,2.8855,0.0534,63.38927037463886,77.03729145610863,8.5626669128257,3.3125274051696536,0.0312541740885963,0.0039869921890234,-20.0,-15.0,rest,101.02705710882499,3.4766817971856225,,-9.24349975585935,0.8801553249359131
1773519328.9553,122,824,22.0,59.0,0.6599,-0.7673,0.1436,-2.4656,6.1603,-1.5725,0.9783,0.2642,0.0281,0.7939,2.6489,-0.3893,63.52938575089725,77.25225573416438,6.819181453811008,2.79257997378768,0.0146962104135106,0.0152600380504197,0.0,10.0,rest,102.41668699689733,3.0377586952771987,,-11.83020019531245,0.8541539907455444
1773519329.0554,98,838,24.0,64.0,0.6614,-0.7661,0.1348,-2.7328,7.5802,-1.374,0.978,0.2617,0.0317,1.3511,2.8321,-0.3664,63.80912906546779,77.48305320296707,8.174075108536746,3.1591946093901844,0.0134566546828673,0.0119700426684277,20.0,15.0,rest,102.71359793268785,3.3065415195678396,,-12.989349365234357,0.8324734568595886
1773519329.1555,73,862,26.0,62.0,0.655,-0.7693,0.136,-3.229,6.6794,-1.5954,0.9802,0.2651,0.0381,1.2901,2.7786,-0.5191,63.98707233999762,77.70005228386985,7.5885523336141,3.107159600020572,0.0042573961474334,0.0342570302719791,5.0,-10.0,rest,102.78846914760504,3.6030855755156392,,-12.989349365234357,0.8398600816726685
1773519329.2555,102,841,25.0,62.0,0.655,-0.7708,0.1453,-3.3664,6.8168,-1.3435,0.9722,0.2568,0.032,1.4275,2.8015,-0.0992,64.17265499923927,77.92248412558541,7.720518340759252,3.145790701874491,0.0010542718547956,0.0120971482697962,-5.0,-5.0,rest,102.70604963214114,3.310575728323739,,-3.0058593749999574,0.8850439786911011
1773519329.3556,102,816,25.0,61.0,0.6519,-0.772,0.134,-2.8855,6.0534,-1.8473,0.978,0.2642,0.0364,0.7023,3.0305,-0.1221,64.27763733675673,78.15595549437806,6.955737135631277,3.11320798373639,0.009469554774395,0.0499098356516813,-5.0,-5.0,rest,102.65187410389557,2.964849311823882,,-3.0058593749999574,0.87004154920578
1773519329.4557,42,902,24.0,61.0,0.6624,-0.7632,0.1384,-2.7405,6.2901,-1.4504,0.9802,0.2639,0.0435,0.9847,2.8702,0.1374,64.41845850850984,78.36886795363306,7.012799613563758,3.037525455037373,0.0138043310760371,0.0037236800841367,-5.0,0.0,rest,105.37900244775003,2.1030177586781957,,-4.053161621093722,0.9538872241973877
1773519329.5557,2,939,24.0,61.0,0.6523,-0.7688,0.1294,-3.6641,6.8244,-2.1603,0.9766,0.2661,0.0393,0.7863,1.6794,0.1985,64.59726246113142,78.45808709187386,8.041452621261907,1.8649542353634312,0.0134757338715185,0.0120906426553257,-5.0,5.0,rest,104.25887266776085,2.1030177586781957,,-4.053161621093722,0.9509832262992859
1773519329.6558,1,940,23.0,62.0,0.6558,-0.7727,0.137,-3.4962,5.7481,-1.8397,0.9797,0.2588,0.0251,0.7481,2.5954,-0.2137,64.66632691480301,78.64599963475689,6.974852266535829,2.709505943894569,0.0159474710695195,0.0132477722587054,10.0,5.0,rest,102.97630237836661,1.3150166615344319,,-13.752014160156225,0.8971260190010071
1773519329.7559,3,940,26.0,62.0,0.6604,-0.7654,0.1335,-2.7099,6.2672,-1.8855,0.9766,0.2563,0.0361,1.313,3.5878,-0.5115,64.79446648872964,78.92780565933789,7.083534717921554,3.8545959697483214,0.0650938745272133,0.0081814117920797,10.0,0.0,rest,102.72004322200377,1.1854559801983826,,-12.159210205078104,0.909208357334137
1773519329.8559,3,936,25.0,62.0,0.6621,-0.7505,0.1335,-2.6107,7.2366,-1.3359,0.9768,0.2622,0.0349,1.7023,2.7939,0.1069,65.02730068441282,79.12001139779089,7.808249666858764,3.273397334574585,0.0223252893467451,0.0356642084407765,-5.0,-10.0,rest,102.44493119868827,2.1386744505749022,,-4.522430419921832,0.9562774300575256
1773519329.956,0,929,25.0,60.0,0.6519,-0.7681,0.1255,-3.1374,6.7176,-1.771,0.978,0.2786,0.0332,1.0687,3.0229,-0.0458,65.18407749017251,79.31371006337041,7.622720611435263,3.2065778861583887,0.0567495969068754,0.0143006167570292,-5.0,-15.0,rest,103.2431021698706,3.1924699363603453,,-4.877593994140597,0.914226233959198
1773519330.0561,2,928,24.0,59.0,0.6548,-0.771,0.1389,-3.5496,6.3664,-1.687,0.9795,0.2634,0.0332,0.6947,2.5954,-0.6489,65.30210164509441,79.4784826314019,7.481756352622022,2.764015278539538,0.0163680220894302,0.0114903479460415,0.0,-5.0,rest,102.10182480464144,3.1924699363603453,,-5.2978515624999645,0.901796281337738
1773519330.1561,0,911,25.0,59.0,0.6592,-0.7681,0.1133,-3.5649,7.3206,-1.9924,0.9817,0.2556,0.0383,0.7481,2.4733,-0.4275,65.52012654650449,79.63630343752567,8.38268179820754,2.6190881523919733,0.0129389099351573,0.0013060465199388,-10.0,10.0,rest,101.58419303817138,3.0387884566662295,,-6.143707275390611,0.9093062281608582
1773519330.2562,2,929,22.0,61.0,0.658,-0.7703,0.1465,-3.3282,6.2672,-1.7863,0.9812,0.2578,0.0349,1.1603,3.1221,-0.6718,65.62395747644874,79.8525528534121,7.317484456423532,3.3978110218197832,0.0253478776007598,0.0326437256754985,0.0,0.0,rest,102.35206196186857,3.0284757743064104,,-6.7700805664062,0.9021272659301758
1773519330.3563,0,932,25.0,59.0,0.6621,-0.77,0.1282,-3.4275,6.8473,-1.6031,0.9749,0.2561,0.0361,1.1908,3.0611,-0.5038,65.78860223974219,80.0583339061735,7.823247608889802,3.322973410967954,0.0078984148375316,0.0205218662555328,10.0,0.0,rest,103.64321067016449,3.041749606209241,,-7.8805541992187145,0.9300922751426697
1773519330.4563,6,940,24.0,61.0,0.6599,-0.7678,0.1399,-2.7481,6.5573,-1.1221,0.9773,0.2583,0.0168,0.9695,2.7328,-0.5191,65.91976745865439,80.22828908958847,7.197870887283266,2.945775093247956,0.0162638592009733,0.037555195896638,-15.0,5.0,rest,103.61254851078131,4.325017578544363,,-11.679809570312454,0.9348968863487244
1773519330.5564,0,912,22.0,60.0,0.6584,-0.7693,0.1255,-3.7328,6.8931,-1.8092,0.9807,0.2634,0.0371,1.6412,3.145,0.0305,66.08063614822866,80.42842340895999,8.044987761954644,3.547603795521704,0.0189276672984339,0.0128891118847396,30.0,-5.0,rest,102.96575567098473,4.325017578544363,,-11.679809570312454,0.8590129613876343
1773519330.6565,3,927,30.0,60.0,0.6582,-0.7654,0.1333,-2.9313,6.7863,-1.5344,0.9736,0.26,0.0376,1.0916,2.5267,-0.6718,66.22949991841189,80.56546357573659,7.549885478601645,2.833217021338111,0.0026008146188083,0.0168057234184693,15.0,-5.0,rest,102.93247807527571,3.844739521517664,,-7.694152832031236,0.9208468198776245
1773519330.7565,0,931,25.0,59.0,0.6536,-0.7725,0.1267,-3.1756,6.2443,-1.1298,0.9768,0.2649,0.0374,0.7023,2.6489,-0.2519,66.31404085471554,80.70741375079471,7.095926006519515,2.751972040192269,0.0242102466888971,0.0212386889063731,-35.0,5.0,rest,102.78823781191474,4.301650263096414,,-7.15185546874995,0.8990124464035034
1773519330.8566,0,922,23.0,61.0,0.6582,-0.7693,0.1472,-1.8321,4.7557,-1.374,0.9792,0.2563,0.0312,0.9466,3.4198,0.0458,66.25465089089654,80.93297888839145,5.278366120306548,3.548687255873642,0.0041789573999873,0.0266522072081654,5.0,-5.0,rest,,4.424576716501653,,-6.3255310058593395,0.8779993653297424
1773519330.9567,1,921,26.0,58.0,0.6589,-0.7661,0.1313,-3.0992,7.2595,-1.4046,0.9729,0.259,0.0364,0.7481,3.3969,0.3588,66.44675469853559,81.14627331431751,8.017373762648216,3.4967585933261107,0.0388228922165523,0.004562793222782,10.0,-10.0,rest,121.31196163972344,4.133687162565925,,-6.586425781249972,0.8886017203330994
1773519331.0567,2,918,25.0,59.0,0.6636,-0.7585,0.1233,-3.6031,8.542,-2.084,0.9812,0.2512,0.0386,0.084,3.7863,0.313,66.77118019369536,81.40397529944343,9.50216552213231,3.800143772280202,0.0097849875939148,0.0219626290675123,-5.0,0.0,rest,102.80449436203786,1.529333855351885,,-7.003082275390575,0.9245222210884094
1773519331.1568,0,919,25.0,58.0,0.6633,-0.7605,0.1548,-4.0229,5.7939,-1.8092,0.9705,0.2493,0.0457,0.1374,2.5496,-0.3435,66.81394486050358,81.53302938663941,7.281909520173949,2.576301839847187,0.0093571715147755,0.0354182827941784,-10.0,-5.0,rest,103.32366312572282,1.3806599146582017,,-8.83642578124995,0.9331570863723755
1773519331.2568,0,916,23.0,58.0,0.6482,-0.7744,0.1218,-4.145,4.7786,-1.9466,0.9727,0.2571,0.0281,4.0687,1.6565,-0.6031,66.73769530271139,81.56690869196377,6.61855683060892,4.434190066968262,0.0390050394576269,0.0282099059271789,-5.0,20.0,rest,104.02102888967185,1.3806599146582017,,-6.9091796874999645,0.9375892281532288
1773519331.3569,0,925,24.0,62.0,0.6628,-0.7563,0.123,-2.8855,3.3893,-1.4198,0.9692,0.2786,0.0222,2.7405,3.2519,0.9389,66.55229339559193,81.7325428085565,4.672183299058375,4.355080604305734,0.0105233330704757,0.0801765509040375,-5.0,-10.0,rest,103.80493722475076,1.239370003138957,,-6.126922607421825,0.9352811574935913
1773519331.457,0,933,22.0,56.0,0.6538,-0.7661,0.1267,-4.3817,6.3588,-2.5649,0.9836,0.2769,0.0378,-0.8015,0.9466,3.6183,66.64634166233124,81.67343225504369,8.137096800456536,3.824990026130787,0.048052035942836,0.0274230178267353,-5.0,-15.0,rest,106.48067187997577,1.3454121128092273,,-13.694427490234329,0.9007114768028259
1773519331.557,1,927,23.0,59.0,0.7078,-0.7295,0.1133,1.9847,-4.626,0.084,0.9707,0.2422,0.0742,5.1679,-0.2748,4.8015,65.73594354424974,81.52052184124864,5.034477737561266,7.059540190409004,0.0402162765443847,0.0865697544274524,-5.0,0.0,rest,104.16737881420133,0.5766690618944481,,-11.697143554687468,0.9132160544395447
1773519331.6571,1,935,21.0,56.0,0.6372,-0.7896,0.1316,-5.0229,6.5878,3.7023,0.9822,0.2114,0.0325,5.6718,-1.8168,-1.6107,65.83723251110403,81.26636639449558,9.073899852874728,6.169637912389997,0.0514398185610565,0.0212519482146611,15.0,-5.0,rest,102.15431344110226,1.2437938135624336,,-17.456024169921847,0.9140726327896118
1773519331.7572,0,942,26.0,58.0,0.6084,-0.8008,0.1167,1.8779,0.7099,4.687,0.981,0.2292,-0.0088,8.2443,-1.8397,-2.313,65.32877439127927,80.9975486594214,5.098866091593306,8.758021898807973,0.0106549478111073,0.0034981456870197,10.0,-10.0,rest,104.82159939431332,1.2437938135624336,,-12.588012695312454,0.9315367937088013
1773519331.8572,2,932,23.0,54.0,0.6355,-0.7915,0.1101,-2.4122,4.2748,0.3435,0.9709,0.2571,-0.0176,-0.7252,0.1069,0.4122,65.21099799944719,80.89077370140065,4.9204284498405215,0.8409824552272182,0.0281159502955852,0.1081551056156393,-5.0,-10.0,rest,110.35786579998083,0.22038632115599466,,-11.485015869140582,0.9069871306419373
1773519331.9573,0,924,25.0,56.0,0.6514,-0.7593,0.1133,-0.4656,-3.1756,-1.4733,1.0059,0.2146,0.0337,-0.0763,4.3511,1.626,64.40186218273101,81.25564174669644,3.5315480472450043,4.645618247338022,0.0160047784704575,0.0655522074146863,-10.0,0.0,rest,111.2363872603429,0.5001655133055235,,-13.592468261718729,0.8874506950378418
1773519332.0574,0,921,21.0,54.0,0.6719,-0.7705,0.0623,-3.4733,8.0382,-0.6565,0.9958,0.2083,0.0237,1.6107,2.8473,0.2977,64.72150831526889,81.4717891334037,8.78108560372805,3.284828316670447,0.069809261501148,0.0688363556902549,-5.0,-20.0,rest,110.69378642685922,0.8797359799645312,,-15.2978820800781,0.9135779738426208
1773519332.1574,1,940,24.0,52.0,0.6375,-0.7927,0.085,-0.2672,6.9389,0.5344,0.9861,0.2417,0.0081,6.0153,3.8855,-2.9924,64.88002761553261,81.74754194598508,6.964575536958444,7.761146957763395,0.0464265188793322,0.0107182625912471,5.0,-20.0,rest,106.1310601994416,0.7691344863858042,,-19.423553466796832,0.8372941613197327
1773519332.2575,3,948,22.0,50.0,0.6479,-0.7732,0.1116,3.6031,4.084,-0.1756,0.9939,0.228,-0.0107,4.5496,6.626,-2.7634,64.77607266811461,82.30326279275751,5.449056888122934,8.4993597241204,0.1566267979976499,0.0925020680524557,-15.0,-5.0,rest,103.82538348888502,1.4634797482500592,,-24.25027465820312,0.8769780397415161
1773519332.3576,2,939,21.0,51.0,0.6306,-0.8198,0.1929,3.2366,5.916,2.6031,1.0093,0.2129,0.0691,1.6489,1.4427,-6.8092,64.79680940978402,82.34849924931922,7.228469075122339,7.153003504822292,0.0995016425142975,0.0446451649126433,15.0,15.0,rest,103.22830611958578,1.9041215149470947,,-11.6498413085937,0.8478805422782898
1773519332.4576,6,942,25.0,53.0,0.5991,-0.7849,0.1228,-0.8397,-10.2901,5.2824,0.9897,0.2747,0.0571,5.2824,-0.7939,-12.0,63.23284846471535,82.10717520094015,11.5971981038525,13.135220857298137,0.1599278953331029,0.1228795690019335,20.0,-25.0,rest,111.923057383114,1.0941893706276007,,-12.065032958984325,0.883685290813446
1773519332.5577,1,940,25.0,46.0,0.6997,-0.7402,0.0564,-10.6947,4.5878,3.3206,0.9402,0.365,-0.0371,5.7863,-1.6412,-3.4046,63.28391761385512,81.67786405990198,12.101690017927249,6.911302792527614,0.4846681828142557,0.1786724331585837,5.0,-30.0,rest,131.3644661265992,0.8922387294034254,,-16.474090576171854,0.817244827747345
1773519332.6577,3,938,26.0,47.0,0.5447,-0.9392,0.1165,-12.9847,9.687,-1.0382,0.9429,0.3113,-0.0039,-2.374,-2.5954,2.7939,63.56601749072396,81.22451629427299,16.23324558829811,4.491976666235033,0.1518545903154955,0.1153130817637804,0.0,-15.0,rest,131.28533601322664,1.547390027665792,,-11.518890380859332,0.8704872727394104
1773519332.7578,0,938,25.0,43.0,0.5764,-0.8694,0.1243,8.9542,2.5038,2.229,1.0022,0.2468,-0.0186,-3.0992,-1.229,-0.5496,63.20561699912433,81.0021437817908,9.561127186686726,3.3789853210690337,0.4520492033417611,0.0960422610349648,0.0,-20.0,rest,122.3446194610503,3.1078240967227315,28.287656367636096,-11.518890380859332,0.5901970863342285
1773519332.8579,3,971,26.0,43.0,0.5903,-0.8069,0.0596,1.626,11.2824,1.1069,0.9729,0.2773,-0.0327,-0.3817,1.1298,3.9695,63.76945303868292,80.97255272444235,11.452582825284434,4.144764550610806,0.1024091890587264,0.1771336181358496,0.0,-10.0,rest,100.71990372487382,9.702377662564281,54.83850645601079,-22.347869873046857,0.7955266237258911
1773519332.9579,1,950,25.0,41.0,0.6062,-0.8179,0.1565,2.4809,17.2901,2.5954,0.9695,0.2319,-0.0081,5.7023,2.4504,-1.3359,64.90955618994987,81.12403998441364,17.658950251359787,6.348646647908513,0.2637115913305721,0.0484390766564901,0.0,-10.0,rest,89.99894558913225,9.71214758280687,58.804720329978174,-22.347869873046857,0.8223122358322144
1773519333.058,1,947,26.0,41.0,0.6335,-0.8149,0.2148,-4.2901,-1.1908,1.5191,0.9729,0.3049,-0.0686,6.4046,3.3664,-0.374,64.23332482331178,81.27529775620866,4.704320084773143,7.245096695006907,0.0651018861321706,0.0996597943700683,10.0,15.0,rest,99.34142034497758,7.554885280637417,58.804720329978174,-29.344696044921825,0.8244598507881165
1773519333.1581,0,947,27.0,44.0,0.5984,-0.8167,0.0959,-10.3206,2.0076,-0.3282,0.9714,0.3,-0.0171,0.626,-1.3435,0.4351,63.86627454192374,80.97435657666031,10.519170944518397,1.5447265971685733,0.3092820430795984,0.0229965138724552,10.0,-10.0,rest,102.1566840623251,9.575639647950831,63.406425323091355,-30.116760253906243,0.7156047224998474
1773519333.2581,1,942,28.0,39.0,0.5842,-0.8022,0.0103,-3.6641,14.3969,-1.9542,0.9978,0.238,-0.0371,-2.6107,-3.145,-4.4809,64.72107788345787,80.57522255730011,14.983833156438976,6.0650840307451634,0.0251139494221885,0.0605803102087587,15.0,-15.0,rest,100.36595364098362,14.298092891420122,53.905013865990334,-13.44595336914061,0.725495457649231
1773519333.3582,3,946,30.0,41.0,0.6033,-0.8071,0.1707,-7.0,8.8321,1.7328,0.9558,0.3086,-0.0251,-2.7176,0.2748,-2.1221,65.01577238198797,80.43166726005886,11.402130776745196,3.4589265979491386,0.0802321555570328,0.1147095274755727,15.0,0.0,rest,87.10772600014154,12.704188137246511,53.905013865990334,-7.2127685546874964,0.7612932324409485
1773519333.4583,1,940,31.0,39.0,0.5825,-0.8223,0.0393,-7.2977,5.5573,1.7252,0.957,0.2979,-0.0496,-5.5954,-0.6183,0.5725,64.96571491558221,80.21215736014855,9.3336125707038,5.658493819029936,0.0687038407509299,0.0964380269793008,-15.0,-10.0,rest,98.48221199007776,4.194565100334342,56.35265996479011,-9.940673828124975,0.823195219039917
1773519333.5583,0,951,27.0,39.0,0.561,-0.8586,0.1445,-2.4733,8.9695,-0.1756,0.9868,0.269,-0.0491,-1.6794,0.0687,-1.1603,65.20130795245768,80.1048835319206,9.305910944125785,2.0424005826477822,0.0686676802112445,0.0307039309795398,0.0,-10.0,rest,92.54528561464993,4.194565100334342,58.12930753512542,-18.364776611328075,0.7933512926101685
1773519333.6584,0,947,31.0,37.0,0.5791,-0.803,0.0967,-3.5191,3.2443,-2.9618,0.9585,0.313,-0.0522,5.6565,3.9618,-1.0534,64.9272746988763,80.32468735945824,5.628659391009551,6.985807258291629,0.0069278716987108,0.0287020758384493,25.0,-15.0,rest,112.58173390697057,13.697600403070911,71.67954582674537,-25.15057373046872,0.7540156245231628
1773519333.7585,2,942,32.0,36.0,0.5798,-0.8582,0.0547,-6.1679,8.2748,-5.3893,0.98,0.2678,-0.0686,3.2977,2.5954,0.6641,65.11944174290171,80.45747982284016,11.643017647500152,4.248759261243216,0.2227016953259214,0.0716944243105388,-5.0,-5.0,rest,115.01683194212742,14.301139824965983,68.99718948872567,-30.137390136718736,0.7882130742073059
1773519333.8585,4,930,30.0,36.0,0.5837,-0.8516,0.1191,2.0229,13.6718,-1.8321,0.9878,0.2537,-0.092,3.1145,4.9313,-4.6947,65.84026984570112,80.8259920822192,13.941550489812816,7.4871915983231,0.0250511478671244,0.0696173666550281,-5.0,-10.0,rest,104.21058177485273,15.441472995347208,66.50409913797357,-26.75683593749998,0.7885497212409973
1773519333.9586,2,944,31.0,34.0,0.6074,-0.8386,0.1179,-7.5267,8.8092,-4.145,0.9536,0.3062,-0.0745,5.1527,8.6107,-6.3817,66.09976459602863,81.48758108124848,12.305862120550517,11.892037952764866,0.1696723379375797,0.0614261487090916,-5.0,-20.0,rest,104.21058177485273,16.405088692654733,69.75651785477339,-23.055267333984375,0.9124283194541931
1773519334.0587,209,749,29.0,32.0,0.5955,-0.8066,0.0742,-7.2137,-0.2824,-2.4885,0.948,0.3513,-0.0381,-3.6107,4.6031,-1.229,65.47654576258766,81.70008187544099,7.636088638825508,5.977969981523828,0.0182175440508658,0.0561923327180435,0.0,15.0,rest,91.90267074628498,16.55346391057494,71.35773802845976,-12.770324707031229,0.846156895160675
1773519334.1587,278,687,31.0,37.0,0.5598,-0.8721,0.0676,-7.1298,10.2748,-4.5878,0.9763,0.2788,-0.0217,-5.8168,3.3664,-3.145,65.82631312647467,81.87631966660622,13.32116631230164,7.42016416260449,0.0215257674191193,0.0687492464696487,10.0,30.0,rest,120.93712194984535,11.856663897523987,71.35773802845976,-27.017517089843732,0.7758982181549072
1773519334.2588,292,682,31.0,38.0,0.6084,-0.7986,0.1072,6.7252,13.8779,-1.0382,0.9539,0.292,-0.0273,1.9466,4.8779,5.0229,66.61092156948835,82.17503001856275,15.45646410696832,7.267233612592897,0.0330786524203374,0.0835260775203194,5.0,-25.0,rest,123.92705476210129,11.856663897523987,72.43998054109572,-27.017517089843732,0.7504343390464783
1773519334.3589,269,698,32.0,32.0,0.5867,-0.8567,0.1189,-10.1145,12.7099,-7.1221,0.9841,0.3064,-0.0569,4.1527,4.8015,3.9313,67.20728186403817,82.45064398487625,17.73609248594515,7.466889528444893,0.0173754643972501,0.0233451535716228,-15.0,-15.0,rest,135.46747909729385,5.056335610646726,54.73626038623786,-30.833190917968736,0.8312205672264099
1773519334.459,248,714,28.0,35.0,0.6106,-0.7944,0.1501,-6.084,7.2061,-6.9847,0.9692,0.2556,-0.0244,2.5496,6.1985,-0.0534,67.31058473159077,82.91232353666503,11.735798536955208,6.702590094135252,0.1552901575430032,0.0383221139427647,-10.0,15.0,rest,120.85011828531364,5.056335610646726,48.553988866269464,-17.584045410156204,0.7964439392089844
1773519334.559,78,879,30.0,35.0,0.5991,-0.8022,0.1609,3.145,-6.2672,-3.7099,0.9797,0.2976,-0.0378,8.8168,9.2061,0.2366,66.07444726525698,83.61577576691579,7.932980451885659,12.74928307827542,0.0628148540507633,0.0538080772815097,0.0,0.0,rest,133.45868232324986,3.2605254971436577,26.33883728101987,-16.323913574218736,0.8126420974731445
1773519334.6591,14,927,28.0,35.0,0.6279,-0.8025,0.1174,3.9542,-12.1374,-2.1527,0.9753,0.2751,-0.009,4.9466,6.5344,-5.9924,64.31842619883925,84.06863105824156,12.94551249236584,10.152639690248048,0.0087978886265482,0.0207417592927805,-10.0,-5.0,rest,135.77209708379894,3.9943870752593593,10.727974797570536,-12.46322631835934,0.9131672382354736
1773519334.7592,1,941,28.0,34.0,0.6665,-0.7666,0.0029,4.0458,4.3435,-2.7557,0.9678,0.3232,0.0151,-4.2443,0.7099,-3.3588,64.27780582648019,83.88711489175812,6.544338956686152,5.458898967740656,0.1395214634434549,0.006938615947738,-20.0,0.0,rest,101.85363612003607,8.094837114804083,,-6.812927246093743,0.9092681407928467
1773519334.8592,0,945,24.0,35.0,0.5852,-0.8645,0.1423,-5.9389,16.2672,-4.916,0.959,0.3232,0.0046,-1.9847,0.5802,-2.0992,65.26124219366885,83.69370249949371,18.001649509142208,2.9465754309027963,0.0309775315440363,0.0027141034490485,-25.0,0.0,rest,103.25034429406227,7.88532602141469,,-13.367401123046871,0.9484410285949707
1773519334.9593,0,939,23.0,34.0,0.5195,-0.8682,0.1445,-6.7405,12.6565,-1.9389,0.9707,0.3157,-0.0225,3.0458,2.6183,3.1832,65.8073747432933,83.71524637999488,14.46999190428246,5.124954123697108,0.2428040880877979,0.0131750508325168,20.0,-5.0,rest,152.51183569164985,3.6389635451376314,,-18.5748901367187,0.9566738605499268
1773519335.0594,3,944,28.0,34.0,0.6089,-0.7886,0.1321,12.3664,-5.8473,7.7099,0.9802,0.2402,-0.0186,-0.4198,-1.5573,-1.2977,64.66399001141745,83.41215090690214,15.702271308954002,2.070130580422404,0.0842362844896627,0.0727249408991081,25.0,5.0,rest,138.39371584068337,2.1785984979760826,,-18.601867675781207,0.9697505831718445
1773519335.1594,5,944,28.0,35.0,0.6475,-0.7585,0.1257,-2.4733,1.9924,0.6183,0.9585,0.303,-0.0491,4.7557,2.1756,-4.7557,64.36802848886579,83.40197118070131,3.2356089905920338,7.068705704724168,0.0734759965717746,0.0378004308060375,-20.0,10.0,rest,,6.263847437298565,,-12.706848144531246,0.9106307029724121
1773519335.2595,1,944,24.0,36.0,0.6001,-0.8164,0.115,-3.2977,4.8015,-1.687,0.9573,0.3398,-0.0476,1.7863,3.0687,-0.1527,64.27221031537346,83.44028801980635,6.0642556459964645,3.5540265432323377,0.0926923773953747,0.0093715686225326,-15.0,0.0,rest,,9.446016644892282,,-11.243804931640575,0.9557920098304749
1773519335.3595,1,944,25.0,35.0,0.6035,-0.8198,0.1082,-0.7405,3.9466,-2.1985,0.9653,0.2898,-0.0305,0.0305,3.2443,2.2366,64.09599167662692,83.55346792427508,4.577924645513511,3.940658866230367,0.015690976568865,0.0639486889025586,10.0,-10.0,rest,,9.446016644892282,,-5.2484741210937,0.9301069974899292
1773519335.4596,0,947,26.0,34.0,0.605,-0.8083,0.1187,-1.2061,9.8015,-2.5344,0.9646,0.2783,-0.02,1.4962,2.9924,-1.916,64.5050489173985,83.65299564568427,10.19545304633394,3.855402469263099,0.0230025657445331,0.0102281419019734,5.0,5.0,rest,,8.17177140972096,,-5.2484741210937,0.946230947971344
1773519335.5597,2,943,26.0,36.0,0.6387,-0.7827,0.1343,-0.5954,11.2824,-1.2366,0.9539,0.3198,-0.02,-1.3282,1.4122,-2.5954,65.09679519521384,83.54697678540566,11.36557215805698,3.239525465249502,0.0520662961885309,0.0521566486058067,-5.0,0.0,rest,,9.00103645361214,,-9.586547851562486,0.9270198345184326
1773519335.6597,0,938,25.0,34.0,0.5742,-0.8149,0.1365,-0.5725,6.4427,-1.1527,0.9382,0.3264,-0.0266,1.0153,0.9618,0.9695,65.12218694243536,83.38545914846323,6.569996714611051,1.701711955649369,0.2169204933433255,0.0288886799200882,10.0,-10.0,rest,,9.164025071098854,,-8.698120117187464,0.9195693731307983
1773519335.7598,2,939,28.0,34.0,0.688,-0.8015,0.1147,-2.2595,15.5573,-3.0763,0.9607,0.3171,-0.0276,-0.3664,1.313,2.7786,66.15147205108347,83.27980291479865,16.018693618082594,3.0949694538072583,0.0464356903642459,0.1315975051391815,5.0,0.0,rest,97.15360249770167,8.42746209788231,,-7.070739746093722,0.9344613552093506
1773519335.8599,0,942,26.0,34.0,0.6121,-0.7729,0.1475,-7.1756,5.7328,-3.6336,0.9841,0.2668,-0.0288,4.1298,3.0,0.9847,66.1478534734701,83.40314890664858,9.877108896838184,5.198546155416916,0.2696308971194583,0.047903592794164,0.0,10.0,rest,97.15360249770167,8.164143352422117,,-2.0853881835937393,0.9274266362190247
1773519335.9599,1,945,28.0,36.0,0.6328,-0.7688,0.1604,-5.6718,-2.8397,-0.9008,0.9731,0.3069,-0.0513,5.084,0.5191,0.9237,65.323808989264,83.23131427585831,6.406610021688538,5.193240077254275,0.0146483091854682,0.0425733627824798,-5.0,5.0,rest,,8.038635910260057,,-2.865997314453086,0.9266669154167175
1773519336.06,1,941,25.0,35.0,0.6191,-0.7666,0.1304,-5.6183,6.542,-1.8244,0.9844,0.2947,-0.0449,1.5038,-0.9924,1.855,65.42895392924788,82.93248041613268,8.814277863217155,2.5859808970678806,0.0245825590024706,0.0359711464346168,-10.0,5.0,rest,,8.490502265845292,,-5.24630737304685,0.9087966084480286
1773519336.1601,249,720,26.0,37.0,0.5955,-0.8018,0.0991,-2.145,9.5954,0.3206,0.97,0.2852,-0.0828,2.145,0.5115,-1.6336,65.78859907048349,82.78350684223919,9.83745447359224,2.74432254117478,0.2458798296288328,0.1077290903948113,10.0,0.0,rest,,9.518493723828882,,-11.881042480468746,0.9412391781806946
1773519336.2601,398,578,27.0,35.0,0.6277,-0.8176,0.1602,2.0763,4.1527,-1.0305,0.9587,0.3032,-0.0549,2.5802,3.5115,-1.6336,65.61968532240121,82.91561119431135,4.75582476863898,4.653677389978811,0.0357669030671936,0.0337493304970371,5.0,-15.0,rest,,9.451213417980304,,-11.403686523437475,0.9293107986450195
1773519336.3602,427,546,27.0,34.0,0.6003,-0.8,0.1462,-3.7328,8.7786,-1.4504,0.958,0.3098,-0.0413,1.1908,2.2443,-0.1985,65.8962522194698,82.91586934364385,9.64890014250329,2.548389565980837,0.1340734877958249,0.007407033721698,-5.0,5.0,rest,87.24098916773626,9.67733323238758,,-15.319946289062454,0.9575245380401611
1773519336.4603,441,534,26.0,36.0,0.5901,-0.8105,0.1667,-4.0763,3.1298,-1.0611,0.9548,0.3145,-0.0227,2.4504,3.4198,0.3053,65.59493246838362,83.02718114843164,5.247647371918201,4.218139434632288,0.028621603019675,0.0002071272238057,-5.0,-5.0,rest,87.24098916773626,7.747862406121614,,-15.75347900390625,0.9546974897384644
1773519336.5603,443,531,26.0,33.0,0.5979,-0.7957,0.1399,-3.9237,4.6031,-1.1985,0.9707,0.2668,-0.0457,2.2595,3.3435,-0.8779,65.46421253551819,83.18267141842703,6.16606467286875,4.129774922438268,0.002853009745013,0.0150803124333442,5.0,-5.0,rest,,6.898584445340048,,-15.75347900390625,0.9516969323158264
1773519336.6604,447,526,27.0,35.0,0.6221,-0.7949,0.1233,-2.4962,11.2977,-1.6641,0.9524,0.3071,-0.0603,-0.0916,3.3282,-1.1145,66.01644566072389,83.28136524530163,11.68923729505052,3.5110420176921835,0.0959167804908001,0.0393578499123559,0.0,10.0,rest,,1.9358202512266611,,1.3599243164062713,0.8777079582214355
1773519336.7605,450,527,26.0,35.0,0.6094,-0.8103,0.1455,-0.8092,8.8321,0.4656,0.9602,0.3279,-0.0442,-1.4198,1.4427,-0.1069,66.29186035850239,83.1768641178426,8.881304994762875,2.0269787714724594,0.0844870572433786,0.110371064317879,-15.0,10.0,rest,,4.781860635386734,,-5.389251708984375,0.8511452078819275
1773519336.8605,454,525,24.0,37.0,0.5784,-0.8428,0.1545,-6.626,5.2748,-0.0076,0.9839,0.2847,-0.0254,1.4198,3.0763,-1.1527,66.1633682263236,83.29082417759483,8.469205913189265,3.5788505165765163,0.0468112197375691,0.0574176036556417,0.0,-5.0,rest,,6.700797224556153,,-5.389251708984375,0.9114471673965454
1773519336.9606,461,529,26.0,34.0,0.5884,-0.8193,0.1121,-3.6412,3.6107,-0.4198,0.9602,0.2898,-0.0479,1.9542,2.855,-1.458,65.90262039558472,83.36461289080091,5.145067926665303,3.754422277794548,0.144633785887086,0.0657787512050733,15.0,0.0,rest,115.37729252700899,2.8582993413768847,,0.6228027343750497,0.8682954907417297
1773519337.0607,456,534,27.0,37.0,0.6167,-0.7837,0.1235,-5.8779,3.9618,-1.5802,0.9639,0.303,-0.0454,2.3969,2.6107,-1.3206,65.72999413072178,83.40050476172833,7.262410046947226,3.782177740403008,0.0027706937088012,0.0916306132825095,5.0,0.0,rest,113.72419789658996,4.199586332214397,,1.376464843750007,0.89788419008255
1773519337.1608,465,539,27.0,34.0,0.6248,-0.7927,0.1008,-2.7252,2.7939,-0.1221,0.967,0.3262,-0.0625,0.5573,1.7863,0.6183,65.44963069315813,83.32843294868066,3.904804817145154,1.9707221696626849,0.058735178827719,0.0372623826983098,-5.0,-25.0,rest,115.2299854601683,3.763019529248649,,7.115173339843768,0.9022079110145569
1773519337.2608,460,521,26.0,32.0,0.6277,-0.7913,0.1155,-1.2672,7.7863,-1.0229,0.9634,0.2754,-0.063,-0.7481,2.7176,-0.5802,65.66628707416791,83.40131692897955,7.954783965639796,2.877783072088652,0.0155296432725438,0.0241528595541162,-25.0,5.0,rest,,2.9313386008210154,,5.781738281250011,0.8645952343940735
1773519337.3609,454,527,22.0,35.0,0.6116,-0.7993,0.0984,-0.6794,6.2366,0.5573,0.9817,0.3,-0.0396,5.0763,4.8779,-3.0229,65.70843527835669,83.66869365966699,6.298201902924358,7.66163523733674,0.0382159248752189,0.0185653968486498,0.0,15.0,rest,112.3695469788888,2.9313386008210154,,5.002014160156296,0.888560950756073
1773519337.461,454,498,26.0,35.0,0.605,-0.8113,0.1577,-2.0611,4.374,-0.3588,0.9541,0.3223,-0.0352,0.2977,2.5573,-1.8321,65.54701303503585,83.6705656422651,4.848581921551908,3.1599049020500605,0.0122633772471936,0.0725231447999785,30.0,10.0,rest,112.3695469788888,4.751213051262103,,5.002014160156296,0.8754097819328308
1773519337.561,482,515,28.0,37.0,0.6038,-0.8071,0.1077,-6.6794,5.1527,-2.1069,0.9561,0.332,-0.0369,0.5191,2.2366,-0.6641,65.47220385908719,83.63117101180515,8.695040497893038,2.390161747664789,0.1114219458172027,0.0080100006596128,5.0,5.0,rest,,7.598876417394346,,-5.958129882812475,0.8397413492202759
1773519337.6611,461,516,27.0,36.0,0.5815,-0.8066,0.1233,-3.9618,11.5115,-5.7252,0.9604,0.2954,-0.095,2.4733,5.8015,-2.2672,66.00039751668571,83.96898723607445,13.453193172254682,6.701851309899377,0.1692093478807221,0.051156309559035,-15.0,-25.0,rest,,8.047687524835473,,-9.857879638671836,0.8583882451057434
1773519337.7612,473,522,25.0,32.0,0.5227,-0.8926,0.1655,1.8855,4.313,-5.2824,0.946,0.3286,-0.0469,-0.9695,6.4733,0.1527,65.70171239176153,84.33729445810656,7.075367764999922,6.547278856899254,0.0567240800262514,0.0368453584117167,-5.0,-10.0,rest,113.8011147845324,8.299386009518356,,-9.857879638671836,0.8812990784645081
1773519337.8613,5,958,26.0,34.0,0.6523,-0.7659,0.1213,-2.7252,10.687,-7.7405,0.9592,0.2849,-0.051,-0.4046,3.8397,1.084,66.23641059975279,84.49102616777223,13.474198465585994,4.010243539986069,0.1507574291876201,0.1117252676330526,0.0,15.0,rest,114.24622353622554,7.09556808753092,,-8.083435058593746,0.8947701454162598
1773519337.9613,2,952,25.0,35.0,0.6309,-0.7771,0.1821,-17.9008,10.542,-11.2366,0.9678,0.3325,-0.0566,2.1145,14.0763,-8.0305,66.71129198550237,85.59640918258674,23.61850088807501,16.343263511000487,0.0123744687199789,0.2124064676886339,5.0,-5.0,rest,,7.09556808753092,,-7.496643066406232,0.9313993453979492
1773519338.0614,1,967,27.0,33.0,0.5864,-0.8279,0.0505,-0.1221,-0.542,-3.0,0.959,0.4136,0.0042,1.374,11.0458,0.4885,66.02914419712411,86.30035400835138,3.051011702697976,11.141642872126177,0.1543097645213725,0.0147346853508545,20.0,5.0,rest,,5.925890763971099,,-10.034973144531225,0.9042609333992004
1773519338.1615,1,947,29.0,36.0,0.6868,-0.7073,-0.0356,-1.6718,12.2214,-6.4198,0.9744,0.3054,0.0405,-1.8473,7.1374,6.7328,66.78868473417353,86.72290679520351,13.905803293589331,9.984267218479282,0.0571313741855883,0.114703260167176,10.0,5.0,rest,101.97920002477501,4.6242963417137855,,-14.553619384765586,0.9410594701766968
1773519338.2616,2,947,29.0,34.0,0.6643,-0.7515,0.052,4.3359,23.4046,-5.6718,0.9832,0.2764,0.0171,2.084,6.7099,2.1985,68.57471540026361,87.13141039159407,24.469259188009755,7.362011699257208,0.1867598754896421,0.0210344391120731,-10.0,-10.0,rest,120.49584526816518,6.751746015507078,,-12.92248535156249,0.8723356127738953
1773519338.3616,3,962,27.0,34.0,0.6475,-0.7751,0.1682,2.3664,30.9542,-5.1527,0.9712,0.301,0.0442,-1.0,6.2366,-4.4809,71.02127970737757,87.4521061772821,31.469233608240287,7.744265256949816,0.0385354374623903,0.1206228004732778,0.0,10.0,rest,120.68156185094585,8.229046679686375,,-7.305572509765597,0.856018602848053
1773519338.4617,0,944,29.0,36.0,0.6245,-0.7744,0.186,7.3969,19.4962,1.0687,0.9963,0.3164,0.0227,3.0076,4.7176,-9.1298,72.27350285755823,87.61216839796118,20.87960880236984,10.70769142065646,0.2140149252757711,0.1914025731979385,-5.0,5.0,rest,,,,,0.0
1773519338.5618,0,939,26.0,35.0,0.5381,-0.7925,0.2119,11.9771,16.8779,-6.5115,0.9182,0.4741,0.2175,8.458,-3.9466,6.2672,73.14732240459358,86.68115835492846,21.695945821051453,11.242384595805287,0.2249284967644804,0.2754277949711159,-15.0,-5.0,rest,,2.5691595561694087,,7.0900573730468786,0.8559972047805786
1773519338.6618,0,943,26.0,35.0,0.7634,-0.6523,0.3303,0.9008,17.1908,3.1527,0.9172,0.3733,-0.0217,0.0992,-19.1374,-1.6718,74.29379055558266,84.42846867680483,17.50070177364325,19.210539675917488,0.0881365700506231,0.1530502336515193,5.0,-10.0,rest,103.63883975390013,2.7000073201280324,,-5.202972412109368,0.8964312076568604
1773519338.7619,2,949,27.0,33.0,0.5454,-0.8005,0.2432,-6.5725,12.7634,6.1374,0.9834,0.2444,-0.157,-1.542,-6.1221,0.1679,74.7207366310301,83.61080503717673,15.61312955720281,6.315541371885707,0.207195432909063,0.1234949888401559,10.0,0.0,rest,106.45915712019954,2.452639534986909,,-7.4548950195312,0.9406518340110779
1773519338.862,2,948,28.0,35.0,0.552,-0.8132,0.2559,-4.9847,6.6947,-2.4427,0.9377,0.3811,-0.0781,3.9618,7.9313,7.771,74.54086135582212,84.06521782819489,8.696724985303376,11.789394383512668,0.0405784697091632,0.0518604973877945,5.0,10.0,rest,105.8080136709467,2.151200189011853,,-7.481903076171825,0.8927987813949585
1773519338.962,3,948,28.0,35.0,0.6055,-0.7656,0.2468,1.1908,0.1756,-4.4733,0.9602,0.3291,0.0012,5.0305,17.1832,14.4733,73.8066564802059,85.48949084373963,4.632413290068148,23.022699784777632,0.0667121605055443,0.0100133098203669,-5.0,-10.0,rest,103.93753946829504,1.2258068801681423,,-13.0352783203125,0.8767600655555725
1773519339.0621,4,943,27.0,33.0,0.6396,-0.7683,0.2437,-0.4809,6.4885,-4.1985,0.9758,0.2815,0.0571,6.5496,11.1832,13.1221,73.73505381053025,86.3476122579465,7.743339028481189,18.44317572464135,0.0111870093055366,0.0398352657449352,5.0,0.0,rest,102.34245227205899,1.4960498303363656,,-10.98959350585936,0.9125487208366394
1773519339.1622,0,929,29.0,35.0,0.6423,-0.7288,0.2559,-7.3053,12.8015,-2.4275,1.0085,0.167,0.0396,-0.4656,1.0229,0.1374,74.30979818465141,86.32773803432775,14.93782335516122,1.132248440051917,0.0436926932917935,0.0356496435492548,5.0,15.0,rest,98.30959730499981,1.1683172525796874,,-12.22372436523436,0.902005136013031
1773519339.2623,0,952,28.0,36.0,0.6243,-0.7869,0.2605,-10.1756,8.0458,-2.5802,1.0078,0.1831,-0.0076,7.7405,4.3588,-6.2901,74.35180890977885,86.62222530411917,13.226305797160444,10.88484431216175,0.1153029629809032,0.016815491403167,0.0,0.0,rest,96.82490476122729,0.8412463505248003,,-11.302215576171868,0.9135497212409973
1773519339.3623,0,942,29.0,35.0,0.613,-0.7891,0.24,-9.8321,7.4962,-2.8168,0.9797,0.2817,-0.0222,0.7328,1.7099,-10.1527,74.33180923770023,86.53556961704304,12.680598057268435,10.321728108219087,0.0542436490717945,0.0304391840305029,-10.0,-25.0,rest,97.5479396872603,1.3399678663975065,,-11.52682495117185,0.8916294574737549
1773519339.4624,0,948,26.0,31.0,0.6313,-0.7708,0.2485,-6.8168,2.6794,-1.4962,0.9661,0.3208,-0.0234,-0.4504,2.7786,-3.6336,73.86649004880086,86.50886885776526,7.475731471902933,4.596360199114077,0.1033209130104773,0.046554536301967,-15.0,0.0,rest,95.81410193357053,3.6075030618931883,,-10.361145019531222,0.946974515914917
1773519339.5625,2,923,26.0,35.0,0.6135,-0.7791,0.175,-7.5878,6.2672,-3.3969,0.969,0.2849,-0.0251,0.2672,3.0153,2.6336,73.75405004643963,86.54530811535172,10.411120702883046,4.012390670161618,0.2248266818793476,0.0248988800463534,-5.0,10.0,rest,93.25934905744083,2.7678396698353427,,-9.797515869140625,0.9110240340232849
1773519339.6625,1,952,25.0,33.0,0.6287,-0.7317,0.1829,0.2824,5.1756,-1.6107,0.9746,0.2769,-0.0132,-0.2137,4.1603,2.1145,73.58245884089646,86.7045547517319,5.42779325416877,4.671709968523303,0.0456617373117029,0.0033320572668471,-5.0,-10.0,rest,93.25934905744083,2.7678396698353427,,-8.996032714843736,0.8929609060287476
1773519339.7626,0,965,25.0,33.0,0.6282,-0.769,0.2156,-0.771,11.3435,-0.9313,0.9792,0.2515,0.0046,1.916,2.2748,1.229,73.98622732589982,86.70525546895969,11.40774968782187,3.2181069031342013,0.1913362977542654,0.0102996986949632,5.0,10.0,rest,90.89874880436362,3.5971520481783577,,-8.996032714843736,0.9125782251358032
1773519339.8627,0,944,26.0,35.0,0.6318,-0.7703,0.2195,-3.6718,10.3664,-1.2977,0.9785,0.2549,-0.0093,1.7557,2.4885,-0.7023,74.28773758688425,86.7228156140692,11.07377033760408,3.125434374610992,0.056647774495705,0.010876072512076,-5.0,10.0,rest,85.35712859699566,2.64944994468576,,-13.803710937499982,0.940559983253479
1773519339.9627,3,936,24.0,35.0,0.6108,-0.7654,0.2251,-3.4122,7.1756,-1.0229,0.9766,0.2524,-0.0161,1.2748,2.374,-0.8168,74.25393921515487,86.73062965938684,8.011159005412388,2.8156976542235497,0.1485364096517738,0.0455138297745649,15.0,-15.0,rest,87.57491485254482,2.264565961413546,,-17.533691406249954,0.9065046310424805
1773519340.0628,2,943,29.0,32.0,0.6392,-0.7932,0.2539,-3.7634,2.9618,-1.0916,0.9797,0.2847,-0.0122,-0.4504,1.6107,1.313,73.80923395132642,86.62950747187192,4.911927255161665,2.1263075153890605,0.005144752469165,0.0190998445932344,15.0,0.0,rest,89.673592200507,1.791814733330131,,-15.464416503906246,0.919000506401062
1773519340.1629,3,947,27.0,35.0,0.594,-0.7852,0.1953,-3.9771,4.1069,-1.0916,0.9731,0.2505,-0.0186,0.4504,1.8473,2.5267,73.4611938481363,86.58847285924983,5.820269974837938,3.1622128865716803,0.2084436942391043,0.01799665412478,-5.0,5.0,rest,90.78512794085583,2.1272901173181,,-15.145538330078079,0.9201843738555908
1773519340.2629,1,952,28.0,33.0,0.6082,-0.7798,0.196,-0.9008,3.0611,-1.0611,0.9873,0.2693,-0.033,-1.0,1.1145,2.7634,73.03404676689345,86.45860777969826,3.362693423433067,3.1430064921981944,0.0840002661760908,0.0484705083544212,5.0,-5.0,rest,90.41276644570266,2.9330446589636727,,-17.257751464843736,0.903713047504425
1773519340.363,8,937,28.0,34.0,0.6401,-0.7634,0.2214,0.5878,6.5649,-0.1756,0.9824,0.2537,-0.0112,-1.1298,1.1985,3.3282,72.9936174057045,86.35701852977182,6.5935010586182505,3.713457355349593,0.0960537915840675,0.0562960063208928,-10.0,10.0,rest,92.18373038443424,2.8407217034629406,,-18.885681152343707,0.9076999425888062
1773519340.4631,2,930,26.0,35.0,0.6216,-0.7908,0.2092,-2.3206,6.5038,-1.5573,0.9807,0.2522,-0.0081,-0.0992,0.9618,3.2061,72.91574091763964,86.23555465732169,7.078826321502739,3.3487276822697902,0.0886853660773934,0.0187114140985888,0.0,0.0,rest,92.67704859305192,2.7025212235018663,,-19.911499023437464,0.9114630222320557
1773519340.5631,0,947,28.0,34.0,0.6238,-0.792,0.2483,3.5649,3.2824,0.5191,0.9949,0.217,-0.0171,1.8931,1.2061,1.2137,72.51764031913136,86.18221747809875,4.873615350025071,2.5517783034581982,0.1871951112053166,0.0162199212204738,0.0,-5.0,rest,94.99427893779296,2.3961137887032966,,-20.320159912109368,0.9117830395698547
1773519340.6632,0,947,26.0,34.0,0.6155,-0.7522,0.188,-5.9924,6.6489,-2.8702,0.9861,0.2432,-0.022,2.2214,2.5649,-3.2519,72.48776398735556,86.23176036786779,9.399722177277368,4.69980675985726,0.0385671094650552,0.0492817190671335,0.0,0.0,rest,93.5073108651457,2.365588627472075,,-14.0582580566406,0.9141443371772766
1773519340.7633,2,943,28.0,34.0,0.6187,-0.7959,0.2141,-1.0763,7.2672,-1.1603,0.9751,0.2568,-0.0215,1.1679,3.2595,-1.8626,72.48808556002174,86.33048375468329,7.43753410882935,3.9316166420443386,0.1133543967841649,0.01777236550765,-5.0,-10.0,rest,,2.064049261944521,,-13.30093383789059,0.9113759994506836
1773519340.8633,1,935,25.0,32.0,0.6294,-0.7607,0.2249,-0.5115,9.0229,-1.0458,0.9854,0.2612,-0.0044,2.6412,1.7786,1.1908,72.69116963022991,86.28121710111577,9.09769499928416,3.3996117484206927,0.1824824239420786,0.0408404974973841,-10.0,10.0,rest,,2.1912350882568816,,-11.812255859374972,0.9174081087112427
1773519340.9634,1,952,26.0,36.0,0.6406,-0.8188,0.2405,0.4733,14.4504,-5.2061,0.988,0.2385,-0.0273,0.0534,-1.0687,2.687,73.39136264744053,85.97772636305153,15.366897873676391,2.892220643381137,0.2457759155250005,0.045801173890223,-5.0,5.0,rest,103.5733554546244,2.7800671834417563,,-11.812255859374972,0.9001941680908203
1773519341.0635,0,942,24.0,33.0,0.6167,-0.8245,0.2593,-1.3435,12.3359,-1.7634,0.9858,0.2205,-0.0156,0.9618,0.855,-3.9924,73.84262195858697,85.88918837187856,12.533515094338062,4.194680202351545,0.3869040993864425,0.0006439826197923,5.0,-10.0,rest,103.14746190310169,1.4351997843838318,,-9.897399902343729,0.9209747314453125
1773519341.1635,3,942,27.0,34.0,0.6831,-0.8794,0.2642,6.5344,17.5115,1.2977,0.9824,0.2583,-0.041,3.9389,1.4351,-2.8168,74.81483087089885,85.81389484829522,18.73592914429386,5.050624462380865,0.5127648608470781,0.0569112748405942,-65.0,10.0,rest,100.41482990242864,1.0426647027403895,,-6.289031982421864,0.8992189764976501
1773519341.2636,2,944,11.0,35.0,0.7588,-0.8352,0.2869,9.6794,12.9847,-5.0916,0.9871,0.2576,-0.0554,0.2595,0.9084,-0.5267,75.40444667473989,85.68772654452009,16.97697290479077,1.0816393576419083,0.7547219214057055,0.0046965281505295,355.0,-15.0,rest,99.97628742376462,0.9580369400699609,,-2.734619140624961,0.9004267454147339
1773519341.3637,1,939,98.0,31.0,0.6624,-0.6663,0.323,-6.6718,14.7023,-56.0763,0.979,0.2756,-0.032,-0.1221,6.5954,-1.0305,76.17348419531075,86.10386342739443,58.35427972496962,6.676536513792162,1.043394683298401,0.0452613802908519,455.0,-5.0,rest,100.34174113848438,4.520573949292034,,2.213317871093796,0.9512710571289062
1773519341.4637,0,945,102.0,34.0,0.8196,-0.3533,0.3416,19.2443,8.3282,-99.9542,0.9797,0.2546,-0.0273,0.0916,6.5496,1.6336,76.64723391961923,86.53069779883049,102.13003522651894,6.750873993787767,0.2054440102230997,0.0249755740888257,45.0,20.0,lift_left,94.30819339481745,6.732397734551211,,15.035171508789107,0.9287548661231995
1773519341.5638,0,939,107.0,35.0,0.7351,-0.509,0.3281,33.0382,-5.3053,-98.916,0.9929,0.2444,0.0054,0.916,5.374,2.2748,75.60472895106662,86.85010461200405,104.4224301734546,5.907084478827097,0.1087325043805015,0.0166695878985256,70.0,-15.0,lift_left,88.25118862418307,7.60570957520172,,40.83123779296878,0.0
1773519341.6639,1,942,116.0,31.0,0.8289,-0.3867,0.3445,24.374,26.1069,-104.4046,0.9858,0.2161,-0.0117,1.3664,2.8779,0.2595,77.81116760622612,86.94749787713481,110.34483497096728,3.196356929380697,0.724755029455954,0.0458509377783367,70.0,-15.0,lift_left,92.38179743519211,0.1620159825429309,13.81042913059107,38.68975830078129,0.0
1773519341.7639,2,941,121.0,32.0,1.0269,-0.262,0.2847,25.313,-17.7099,-101.9084,0.9888,0.2205,-0.0244,2.9847,3.0229,-3.229,75.90647278872035,87.05188397519916,106.48807687985544,5.335990957638516,0.2765584859983544,0.0115989315376208,55.0,0.0,lift_left,92.38179743519211,0.1620159825429309,13.81042913059107,38.68975830078129,0.0
1773519341.864,3,939,127.0,31.0,0.8765,-0.0681,0.2781,5.2672,18.2519,-68.5649,0.9763,0.261,-0.0452,2.542,4.9542,-4.7481,77.6152276491154,87.29276223400745,71.14787952890795,7.317808090541867,0.9934553793124156,0.0743071513244891,60.0,10.0,lift_left,,,,,0.0
1773519341.9641,1,941,133.0,34.0,0.8706,0.0747,0.21,2.2672,5.9695,-34.9618,0.9607,0.2722,-0.002,0.9389,6.8168,-2.5878,78.16072672460311,87.69855955744636,35.5401545484822,7.351666769515604,0.307941320386137,0.0131485972186562,35.0,5.0,lift_left,,,,,0.0
1773519342.0641,1,943,134.0,32.0,0.9109,0.0625,0.366,-8.9618,13.229,-1.1756,0.9705,0.2759,-0.0046,-0.5954,2.0076,-1.5802,79.25042158827995,87.62389662249407,16.021932954547026,2.6233549054598004,0.5268188795028617,0.0951378244058182,40.0,0.0,lift_left,,,,,0.0
1773519342.1642,2,939,141.0,34.0,0.8994,0.1321,0.4263,-11.229,3.1985,0.9466,0.9814,0.2686,-0.0105,-1.2901,3.3053,0.5878,79.25103771362002,87.68898561179715,11.713961533571808,3.596508715407208,0.3648507225198727,0.0009054498287963,45.0,20.0,lift_left,,,,,0.0
1773519342.2643,1,942,143.0,36.0,0.9802,0.1108,0.3787,-2.5496,-1.7939,-6.7099,0.9736,0.2654,0.0066,-0.4122,1.7786,0.7939,78.85167313883665,87.60445586544873,7.398736066383231,1.9908802098569367,0.2927000642408817,0.0165613979208456,45.0,-5.0,lift_left,,,,,0.0
1773519342.3643,0,939,150.0,33.0,0.9626,0.1221,0.4331,-3.1832,-0.5496,-14.0611,0.9839,0.2432,-0.0383,1.0611,1.6718,-0.3282,78.51968958834307,87.53523457271069,14.427382146806814,2.007128219621258,0.4335406298800665,0.0086744550889372,100.0,-15.0,lift_left,,,,,0.0
1773519342.4644,0,944,163.0,33.0,0.8987,0.1033,0.3499,-6.3359,5.8702,-6.9695,0.9714,0.2795,-0.012,-0.0458,2.9618,-1.0916,78.88267858563528,87.55346449673158,11.098504723610294,3.156888886229606,0.4435760709080621,0.0616168300182984,35.0,-15.0,lift_left,,,,,0.0
1773519342.5645,1,940,157.0,30.0,0.8984,0.123,0.3552,-4.7634,20.5115,-4.4046,0.9985,0.2368,-0.0273,0.1679,2.4198,-0.5649,80.66105996810772,87.57100111326838,21.51306842293772,2.490528951849386,0.1806498545195628,0.05411649437005,5.0,0.0,lift_left,,,,,0.0
1773519342.6645,0,952,164.0,33.0,0.9043,0.1313,0.4209,-11.3664,7.8092,4.5573,0.9626,0.271,-0.0088,1.9389,3.771,-2.8321,81.09329638171447,87.67451232855957,14.524036521917727,5.099074878838318,0.4266361047456563,0.0660993562143974,100.0,0.0,lift_left,,,,,0.0
1773519342.7646,0,946,177.0,30.0,0.9368,0.1421,0.4734,-5.3206,10.7176,0.687,0.9719,0.2866,-0.0112,0.4733,2.0992,0.7176,81.76542174249492,87.5979050783818,11.98531197424581,2.2683922257845976,0.0902926303640522,0.0709092822074863,50.0,15.0,lift_left,,,,,0.0
1773519342.8647,0,943,174.0,36.0,0.8792,0.1299,0.4316,-7.3664,-0.0382,-1.1679,0.9788,0.2649,-0.0215,0.1908,1.6718,1.8855,81.3835280934325,87.50596110385928,7.458505118989998,2.5271387239326613,0.2371642324416789,0.0072587365119325,20.0,20.0,lift_left,,,,,0.0
1773519342.9647,2,939,181.0,34.0,0.9104,0.0852,0.4331,-0.7939,6.6947,-1.5802,0.9839,0.2478,-0.0183,0.7863,3.2595,1.2901,81.69461637563957,87.5918094734132,6.924327934175273,3.5926266087641228,0.2658267712453815,0.0330736527957098,65.0,-5.0,lift_left,,,,,0.0
1773519343.0648,0,951,187.0,35.0,0.9302,0.0862,0.4597,-2.1221,7.1145,-1.3893,0.9756,0.252,0.0032,-4.687,3.2672,-2.1527,82.02407271794578,87.67047487503855,7.553116783818452,6.105463301830583,0.0719486622874288,0.0178917161419589,50.0,-15.0,lift_left,,,,,0.0
1773519343.1649,0,942,191.0,31.0,0.9128,0.1001,0.458,-4.6565,6.5267,-2.9008,0.9836,0.2344,0.0117,0.7023,2.0458,-2.6947,82.27951000698567,87.64915114489538,8.526162429839113,3.455420527229645,0.0708558797894554,0.0238565875666552,20.0,-10.0,lift_left,,,,,0.0
1773519343.2649,5,939,191.0,33.0,0.9275,0.1074,0.4277,0.1374,0.4046,-0.2443,0.9778,0.2622,-0.0103,2.1221,2.3435,-2.145,81.96499695538307,87.62539214588276,0.4922015948775461,3.8205137952898434,0.1973089984015752,0.0105608659869438,40.0,0.0,lift_left,,,,,0.0
1773519343.365,2,939,199.0,31.0,0.9551,0.1172,0.4578,4.3893,1.9695,-2.4427,0.9741,0.2791,-0.0076,-0.229,2.5878,-0.4427,81.79220274044616,87.60661395617402,5.395522961678506,2.635362049131011,0.1479466322360156,0.0121090712991855,95.0,0.0,lift_left,,,,,0.0
1773519343.4651,0,940,210.0,33.0,0.9058,0.1201,0.3999,-3.9389,3.9313,2.4733,0.9756,0.2612,-0.0054,0.1221,2.2595,-0.0458,81.84666186099759,87.57608300630557,6.089931509467081,2.263260104362731,0.1184272921769091,0.0012580955083574,45.0,-5.0,lift_left,,,,,0.0
1773519343.5651,2,953,208.0,30.0,0.9307,0.1067,0.4561,-1.771,7.2061,-4.6107,0.9775,0.2661,-0.0002,0.5954,2.7634,-2.5802,82.18161091413994,87.59080780568677,8.73629628046119,3.827311427098663,0.1755069011756865,0.0331232235189205,25.0,-10.0,lift_left,,,,,0.0
1773519343.6652,1,939,215.0,31.0,0.8547,0.1355,0.4209,-3.5344,4.4198,-5.4809,0.9763,0.282,-0.0281,2.3206,3.8244,-0.1145,82.22402966248941,87.69004784409717,7.878253626915042,4.474855301571214,0.4159602346455066,0.0053255439937793,100.0,0.0,lift_left,,,,,0.0
1773519343.7652,1,941,228.0,30.0,0.8394,0.1091,0.4502,-5.1221,-0.3511,0.6641,0.9683,0.2942,0.0002,0.3893,2.0916,2.855,81.7672907065903,87.60321498260602,5.176891773062287,3.560529462032297,0.111432229122208,0.0254229251805437,65.0,15.0,lift_left,,,,,0.0
1773519343.8653,3,939,228.0,34.0,0.8296,0.0918,0.4324,-9.9847,13.8855,9.9466,0.9905,0.2502,0.0122,1.4656,3.4504,1.1374,82.73172161671012,87.70543967924394,19.7847465462664,3.9175148091615433,0.0672709635136475,0.0195795652095831,45.0,0.0,lift_left,,,,,0.0
1773519343.9654,0,941,237.0,30.0,0.8535,-0.0361,0.4641,-7.1603,14.0916,43.542,0.9788,0.2412,0.0046,4.3206,3.4962,2.7023,83.68589985880693,87.81704498025304,46.32222847240836,6.180082854622582,0.3326138917188387,0.0200888159832013,160.0,-25.0,lift_left,,,,,0.0
1773519344.0654,0,939,260.0,29.0,0.8574,-0.2502,0.4641,-33.5496,-10.7863,96.1832,0.9834,0.2615,0.0137,2.0992,0.313,2.5191,82.12334701918826,87.59316467289706,102.43596970835,3.294005836363985,0.4143962766092385,0.0155796630873927,100.0,5.0,lift_left,,,,,0.0
1773519344.1655,0,942,257.0,31.0,0.7168,-0.3704,0.374,-62.4656,5.0458,119.6947,0.9741,0.2471,-0.0068,0.1527,2.1603,0.5802,82.04954034960669,87.56822776265501,135.10822509784518,2.242062760049325,0.1401705546336323,0.0338630227711855,15.0,0.0,lift_left,,,,,0.0
1773519344.2656,0,937,263.0,29.0,0.7593,-0.5051,0.3547,-45.9618,0.313,121.8244,0.9866,0.2197,-0.0161,0.9389,5.0763,-0.7786,81.4571004348552,87.86260843433159,130.20664139589806,5.220782782303818,1.2859484994885777,0.0799865293000112,50.0,15.0,lift_left,,,,,0.0
1773519344.3656,1,939,267.0,34.0,0.8157,-0.7334,0.3335,-52.0076,-17.6031,87.5802,0.9924,0.2385,0.0254,1.5115,3.8626,-2.4122,79.00994611203076,88.01215081507425,103.3680367396518,4.798230908366124,0.5142132646394709,0.0396220629170718,85.0,20.0,lift_left,170.46426933712107,10.630393242048555,-13.70741050133028,23.831298828125025,0.0
1773519344.4657,1,939,280.0,33.0,0.7852,-0.7063,0.2322,-41.145,-10.3206,55.4656,0.9817,0.2725,0.0,1.6565,0.7252,-2.6107,77.34958715139565,87.81270590144833,69.82734845832255,3.175793094645808,0.9367971969480182,0.0151876412272944,10.0,0.0,lower_left,170.46426933712107,10.630393242048555,-13.70741050133028,23.831298828125025,0.0
1773519344.5658,0,939,269.0,34.0,0.6199,-0.7156,0.1536,-27.2214,-20.0763,12.4122,0.9817,0.269,0.0098,1.2366,1.5725,-0.3664,74.64039307921912,87.70388821343359,36.029503861280126,2.033761237215421,0.2853631916855115,0.0074667619782864,-645.0,-10.0,lower_left,86.40396247320089,8.5086699592812,,44.16307067871097,0.0
1773519344.6658,2,941,151.0,31.0,0.6033,-0.8247,0.071,-0.626,-15.1756,-5.4962,0.9873,0.2449,0.0146,1.7863,2.1832,0.7099,72.38209968930758,87.68466761160137,16.152365950534925,2.908812118374097,0.6570302273820683,0.0618109717752068,-1095.0,-20.0,lower_left,91.671178026413,4.119165136101458,,21.823852539062507,0.8810431361198425
1773519344.7659,1,939,50.0,30.0,0.6785,-0.8286,0.2058,19.0,15.1679,14.2672,0.9746,0.2476,-0.0051,3.9695,4.771,-0.2901,73.19039938771058,87.91338243329037,28.18897277748872,6.213173847559716,0.2601015591721844,0.0083626098575695,-465.0,0.0,rest,101.11689682236313,2.514471118906263,,12.356292724609403,0.9808300733566284
1773519344.866,0,940,58.0,31.0,0.4702,-0.9644,0.0852,-17.4351,16.3435,-5.6489,0.9856,0.2451,-0.0083,0.4885,-0.0382,2.3359,73.8463392704924,87.6719154740882,24.55611482849028,2.38673842303676,0.6811415149371958,0.0001915040925304,-130.0,20.0,rest,103.72883194896612,1.7414747894192129,,12.356292724609403,0.9597808122634888
1773519344.966,0,938,24.0,34.0,0.6218,-0.687,0.2283,21.542,-20.0076,6.458,0.9744,0.2476,-0.0222,0.916,3.8168,-2.7252,71.22186012869392,87.80627865376883,30.100956558886963,4.778465577986306,0.0870783283061926,0.0849235958639837,-165.0,5.0,rest,98.06999001668865,1.7414747894192129,,6.822143554687532,0.967139720916748
1773519345.0661,2,936,25.0,32.0,0.6377,-0.8711,0.1753,-16.9389,12.0076,-2.6947,0.9993,0.2598,0.0156,2.0916,2.0611,1.374,71.687488981354,87.76017332656731,20.93729206607196,3.242036361609783,0.3080418705646237,0.0327891247791478,-10.0,0.0,rest,95.74136283727734,0.8090615330604306,,-1.0718688964843714,0.9368287324905396
1773519345.1662,0,938,22.0,34.0,0.5007,-0.8765,0.1147,-6.5267,4.6718,-1.1374,0.9827,0.2424,-0.0054,1.0229,1.5115,1.3664,71.30213725806108,87.67590299061744,8.106615008127621,2.279913511517488,0.3492841710184158,0.1162931101804798,-15.0,0.0,rest,,0.19567755652703292,,0.354400634765657,0.9270403385162354
1773519345.2662,0,934,22.0,32.0,0.5669,-0.8386,0.1538,4.2672,5.3893,2.3817,0.9797,0.2424,-0.0166,1.4427,3.4885,-0.4504,71.07665853775839,87.78568874005921,7.27502888104233,3.8018253116102008,0.0994055071888222,0.0276521384895478,5.0,-10.0,rest,94.38974256782228,2.0875167091526046,,-3.716979980468711,0.9252423644065857
1773519345.3663,1,935,23.0,32.0,0.551,-0.8191,0.1326,-4.1679,4.8321,-0.9618,0.9753,0.249,-0.0105,1.4427,4.0916,0.2901,70.80038983271932,87.94426737182354,6.453343324200255,4.348187192382591,0.1344152414114086,0.0109433644740386,10.0,-10.0,rest,94.91575044766499,2.0369772145216767,,-4.846618652343739,0.9232999086380005
1773519345.4664,1,933,24.0,30.0,0.5891,-0.8494,0.1885,-5.7099,0.6794,-2.7786,0.981,0.2466,-0.0098,0.7252,2.3817,0.7099,70.13298301435566,87.93636619946173,6.386326043195728,2.5888931882176984,0.0398730781824074,0.0177056595636326,-15.0,-10.0,rest,94.91575044766499,1.1352218096475568,,-2.3041687011718714,0.9360204935073853
1773519345.5664,3,931,20.0,30.0,0.5703,-0.8164,0.1277,-1.313,10.0992,1.3053,0.981,0.241,-0.0046,1.8779,3.0153,-0.5954,70.41228471656852,87.99704222979481,10.267502993912396,3.601811163845212,0.3320999809610553,0.0310157760213802,0.0,15.0,rest,91.8252198118746,1.1352218096475568,,-1.2319946289062145,0.9399986267089844
1773519345.6665,2,935,24.0,33.0,0.5366,-0.8123,0.1453,2.5267,10.7939,2.6565,0.9749,0.2454,-0.0103,1.5649,1.8779,-0.7939,70.72253779608464,87.93831963523616,11.399538690227777,2.5701551762490915,0.1447190132053799,0.0061737659673788,15.0,10.0,rest,93.9784913731894,0.9439037770626708,,-0.5637207031249503,0.925026535987854
1773519345.7666,1,934,23.0,32.0,0.5586,-0.8499,0.1807,-7.8015,9.542,-0.9618,0.9805,0.2478,-0.0132,0.5649,1.7634,-0.3511,70.89792918774083,87.86831516819747,12.36277580036134,1.884665163895168,0.1937428463857021,0.0347607044955977,0.0,-15.0,rest,94.58930276343335,1.7597651361588746,,-1.3317871093749645,0.951603353023529
1773519345.8667,5,939,24.0,30.0,0.532,-0.8601,0.1545,-2.916,12.3206,-0.9771,0.9851,0.2327,-0.0146,0.7634,2.9237,-0.5267,71.3140411424976,87.93115222565709,12.698620585323432,3.067281229362577,0.0598756159599944,0.0645419190823337,10.0,5.0,rest,94.07329028199337,3.857631263268097,,-1.3317871093749645,0.9694371819496155
1773519345.9667,1,936,25.0,33.0,0.5437,-0.8521,0.144,-2.1527,5.145,-1.1374,0.9934,0.2493,0.0156,1.771,3.5115,-1.1756,71.0354912695256,88.03437106811874,5.6919962271596765,4.104766571925863,0.1793561391945791,0.005866017891497,-15.0,20.0,rest,93.3197849908717,3.556013504421739,,-5.790832519531222,0.9229357242584229
1773519346.0668,2,923,21.0,34.0,0.5229,-0.8191,0.1738,-0.5802,6.3206,-0.1679,0.9802,0.248,-0.0107,2.8626,3.0992,-2.2519,70.8738798413101,88.09318332999777,6.349394208111511,4.782318790084994,0.0601454090283004,0.0513989140263637,-10.0,0.0,rest,93.42958133672265,3.7550528741346922,,-5.303771972656222,0.9315040111541748
1773519346.1669,4,931,23.0,33.0,0.5271,-0.8494,0.1367,-2.916,2.1832,-1.7252,0.9824,0.2512,-0.0085,0.9313,2.8702,-2.4504,70.30024860781758,88.12557743520135,4.030599617922872,3.8871362067722814,0.1503403571389477,0.0028230393204475,5.0,0.0,rest,92.97716019627077,3.9012578076669273,,-3.4929199218749574,0.9238107204437256
1773519346.2669,2,937,22.0,34.0,0.5591,-0.8403,0.127,-6.3435,6.4275,-2.4046,0.979,0.2502,0.0151,1.2214,2.313,-1.2595,70.19094598483062,88.10251883715003,9.345311640603535,2.9031236987079967,0.0368181023865954,0.0007838557759842,15.0,0.0,rest,90.38889352524879,1.8975031590630056,,-6.058258056640575,0.9427406191825867
1773519346.367,2,934,26.0,33.0,0.5327,-0.8542,0.1396,-6.5496,10.2977,-2.8397,0.9802,0.2603,-0.0073,1.6947,2.4962,0.2366,70.42851399905746,88.08754232467305,12.530114985106882,3.0263843262216388,0.0505838962932125,0.0163095925218903,5.0,-10.0,rest,91.46641737289005,1.8911297986297297,,-6.803344726562486,0.948448657989502
1773519346.4671,0,939,23.0,32.0,0.5012,-0.8625,0.1387,-5.8626,13.9618,-3.2366,0.9819,0.2517,-0.0198,0.3359,4.0611,-0.5267,70.98508416023628,88.23537584404943,15.484751130063408,4.108865404220489,0.0436001359599047,0.0028416562899347,-10.0,0.0,rest,93.18363882641391,1.6452322679315943,,-7.161132812499975,0.9339607954025269
1773519346.5671,0,935,24.0,33.0,0.553,-0.8472,0.1648,-1.7939,2.084,-1.7328,0.9839,0.2437,-0.0002,0.2137,2.4122,-0.7634,70.42259148259845,88.22883407827177,3.2501890791152444,2.5391250638753498,0.0973169523083494,0.0078201803904154,-20.0,0.0,rest,94.20466327578751,0.9292922480689607,,-6.0473937988281,0.9376018047332764
1773519346.6672,0,934,19.0,32.0,0.5564,-0.8418,0.189,-6.1298,5.458,-2.3435,0.9795,0.2551,-0.0144,0.7405,1.2748,-0.8626,70.20539105169968,88.09678744128418,8.535584589821601,1.7080790526202232,0.0183401933998927,0.0117856529990179,-10.0,15.0,rest,92.59118339871193,1.765264046802468,,-3.803466796874968,0.924776017665863
1773519346.7673,3,923,22.0,36.0,0.5376,-0.8589,0.1284,-3.2443,4.855,-2.2214,0.9805,0.2661,-0.0066,0.0153,2.0229,0.4733,69.91225475092564,88.02932894344424,6.247489531803955,2.0775878778044503,0.0649963397459363,0.0018390596540962,30.0,-10.0,rest,91.93869023270649,3.6533613107454506,,-3.8362426757812074,0.9184353947639465
1773519346.8673,1,935,25.0,30.0,0.5564,-0.8357,0.1394,-5.9542,6.2214,-2.5878,0.9832,0.2424,-0.0029,0.855,2.4427,1.0992,69.78957739261071,88.03111564707945,8.991942195098899,2.811769714966004,0.0037269212373047,0.0150863296053016,15.0,-20.0,rest,92.90352848484014,2.660548793610346,,-3.8362426757812074,0.9192273020744324
1773519346.9674,1,939,25.0,32.0,0.5356,-0.854,0.1597,-1.1374,5.5878,-1.2137,0.9893,0.2437,-0.0164,1.9084,2.2061,0.2595,69.57445010666511,88.00931967965475,5.83011623297512,2.928516351328775,0.1503185085461811,0.0444724731218149,-10.0,15.0,rest,92.75282098843093,2.5195580015037744,,-3.476684570312454,0.9079902768135071
1773519347.0675,0,938,23.0,33.0,0.5552,-0.8696,0.1575,-1.1679,4.5191,-1.4427,0.9844,0.2712,0.0308,2.8626,3.9924,-0.2443,69.26860114234887,88.13044784905104,4.885451720158536,4.918680616791458,0.0645016933546493,0.0468493197288888,-25.0,5.0,rest,91.5768258989866,2.5195580015037744,,-4.936828613281232,0.9554364681243896
1773519347.1675,0,937,20.0,33.0,0.5576,-0.8267,0.1455,-5.6718,3.9313,-2.6641,0.9868,0.2126,-0.0198,2.4962,-0.313,-0.7786,68.94040152855251,87.89298039606416,7.397422776886556,2.6334770551497124,0.0920999277782952,0.0461649593265467,5.0,0.0,rest,92.25406220582009,1.2750805350988288,,-4.936828613281232,0.9262887239456177
1773519347.2676,1,936,24.0,33.0,0.5601,-0.8467,0.1433,3.4275,-5.4427,-2.8779,0.97,0.2876,-0.0339,1.8168,0.7786,-2.0153,67.69048408676883,87.67896636343121,7.046491889585909,2.822837985078137,0.2718362560167808,0.0668055816381529,15.0,0.0,rest,91.65799337018365,1.8925638795225341,,-6.907958984374982,0.9259507060050964
1773519347.3677,2,933,23.0,33.0,0.5708,-0.8867,0.1265,-6.542,17.2061,-6.4962,0.9746,0.3103,-0.0198,-0.8244,-2.1985,6.5038,68.67304524239142,87.15604444751497,19.520457362725907,6.914654875696979,0.2156507671689544,0.0458205950338796,-15.0,0.0,rest,91.74338897679156,1.2378178614670423,,-5.3921508789062145,0.9302977323532104
1773519347.4677,0,938,21.0,33.0,0.625,-0.8591,0.113,-6.2672,14.4275,-2.542,0.9844,0.189,-0.0391,-1.5573,0.0229,5.6794,69.42953211861965,86.99331292604819,15.933998747646491,5.889082446357836,0.1378907701751841,0.0463461642597617,100.0,0.0,rest,102.33212157172979,2.2362484117221744,,-3.5665588378905966,0.9638906121253967
1773519347.5678,2,936,43.0,33.0,0.6021,-0.8267,0.1558,-2.145,10.0458,-20.542,0.9902,0.2119,-0.0474,0.771,3.8397,2.0916,69.7372695961031,87.18236969397773,22.96721329722002,4.43987923822259,0.1547720068631342,0.0748490867859141,530.0,0.0,rest,121.58266305018182,1.5601397824135805,,-0.435333251953125,0.9545276761054993
1773519347.6679,0,935,127.0,33.0,0.6619,-0.7642,0.2327,3.0763,14.6412,-45.8015,0.9958,0.2114,-0.0156,0.2137,5.4198,-0.9084,70.57024624222632,87.52952032502567,48.18304433491101,5.49955364461517,0.0972366203453456,0.0031436557116681,525.0,-15.0,lift_left,114.4118365328131,1.5601397824135805,,6.6629638671875036,0.9660235047340393
1773519347.7679,2,942,148.0,30.0,0.6931,-0.7109,0.2112,15.542,7.2748,-47.9084,0.9897,0.2212,-0.022,2.1374,3.1756,-1.8855,70.73304169892785,87.63696216266553,50.88900932028447,4.267086168569835,0.0279093020882525,0.0365193967708898,185.0,-15.0,lift_left,97.57128147307768,1.0410906554348225,,18.774536132812543,0.932297945022583
1773519347.868,0,936,164.0,30.0,0.6833,-0.7219,0.2769,3.458,10.626,-52.7099,0.9783,0.2522,-0.0325,0.2443,2.687,-0.4122,71.18910067762579,87.65614419639778,53.88138081016484,2.729388270290616,0.1821949196903954,0.0123311348160226,140.0,10.0,lift_left,94.03671004425831,6.099588575153392,,34.6721343994141,0.7652685046195984
1773519347.9681,0,937,176.0,32.0,0.7695,-0.5474,0.2568,22.2977,12.7023,-45.1145,0.9878,0.2402,-0.022,0.542,3.1985,1.374,72.04696663755448,87.7420301073334,51.90235024379917,3.523072841994613,0.1151726559007948,0.0118277065560767,100.0,0.0,lift_left,90.50213861543895,6.455651191915684,,41.43441772460939,0.0
1773519348.0681,0,940,184.0,30.0,0.8352,-0.5654,0.3091,28.8092,27.542,-60.916,0.9897,0.2163,-0.0151,1.2595,3.7099,0.3893,74.35212337278097,87.90361383945933,72.79622809349397,3.9371630332004286,0.5534329734336124,0.0202833824269743,75.0,0.0,lift_left,,,,,0.0
1773519348.1682,0,939,191.0,32.0,0.9424,-0.3994,0.3728,54.6718,3.0611,-73.8168,0.9954,0.2261,-0.0159,0.7557,4.2977,-1.1145,74.36301269245706,88.11015896901584,91.90917261454376,4.5037115837939705,0.0050373694909267,0.0175907808123521,100.0,15.0,lift_left,101.0085663812104,1.8150587790186563,,10.155090332031289,0.0
1773519348.2683,0,947,204.0,33.0,0.9231,-0.2742,0.4282,33.8855,4.6641,-95.855,0.991,0.2271,-0.0024,1.7099,3.1832,-1.9313,74.55589032436114,88.20175186185135,101.7750557064942,4.097125814519246,0.2906045193272788,0.0450187695684867,110.0,0.0,lift_left,98.13877740205734,3.1712068354388814,-22.917314023410164,19.740234375000032,0.0
1773519348.3683,4,941,213.0,32.0,1.0728,-0.0952,0.3958,19.9008,17.2519,-78.5954,0.9829,0.2385,-0.0303,1.6336,1.6947,-0.7939,76.13986057109433,88.12890422167608,82.89093313149515,2.4841365220132325,1.2079099065425605,0.0086001733494878,130.0,0.0,lift_left,95.2689884229043,4.5273548918591064,-22.917314023410164,29.325378417968775,0.0
1773519348.4684,4,939,230.0,33.0,0.7871,-0.0359,0.1975,-5.6489,3.8931,-57.2672,0.9822,0.2532,-0.0366,5.2137,9.458,3.0,76.51244086215023,88.80122363181708,57.67667201442885,11.20876584151886,1.13389216150931,0.0450032271547495,200.0,10.0,lift_left,,3.1376140407045554,,15.751770019531275,0.0
1773519348.5685,0,924,253.0,34.0,0.8652,0.0449,0.3115,-12.9618,4.6565,-8.0763,0.9812,0.207,0.0125,5.2901,10.5954,2.5191,76.83874859250554,89.62487102897137,15.966147725108897,12.107581260516072,0.9259632801313822,0.014571331313683,105.0,10.0,lift_left,,3.1376140407045554,,15.751770019531275,0.0
1773519348.6685,0,927,251.0,35.0,0.9248,0.0735,0.3665,-3.1374,14.4885,-4.3053,0.9907,0.2063,0.0146,0.5954,4.8702,-0.7863,78.08168263911288,89.87382171108767,15.436823478293713,4.969065997750483,0.6578456632681629,0.0670740796140234,35.0,-10.0,lift_left,,,,,0.0
1773519348.7686,0,941,260.0,32.0,0.9695,0.106,0.395,-4.9847,11.5267,1.1679,0.989,0.2339,0.0039,1.9924,2.0,-2.1145,78.99222465521125,89.80618856136365,12.612534931170655,3.527147290658557,0.1187474799573995,0.0065163610394314,120.0,-15.0,lift_left,,,,,0.0
1773519348.8687,0,942,275.0,32.0,0.8789,0.075,0.4124,-3.4885,12.4046,-12.8321,0.9846,0.2397,-0.0024,1.2748,3.3664,-0.855,79.918083472711,89.86630992259913,18.18533815522824,3.6998363477321536,0.462078030540658,0.0149555653229938,105.0,0.0,lift_left,,,,,0.0
1773519348.9687,0,939,281.0,32.0,0.8816,0.0461,0.3767,-18.6947,12.7634,-18.5573,0.9868,0.2302,0.0029,1.6412,3.3435,0.2137,80.90471768575038,89.93400489745656,29.27062641864708,3.730710036976876,0.2336036393789464,0.0059065482672826,95.0,-5.0,lift_left,,,,,0.0
1773519349.0688,1,915,294.0,31.0,0.8901,0.1108,0.4866,-13.8168,8.5954,-11.7634,0.9897,0.2227,0.0139,-0.2595,3.4885,0.1756,81.34340881920954,90.02309329885256,20.078905422358066,3.5025430561236504,0.2621475906711656,0.0014881379256082,170.0,-5.0,lift_left,,,,,0.0
1773519349.1689,7,948,315.0,31.0,0.897,0.0967,0.459,-12.0305,14.8702,-3.4351,0.9885,0.2239,0.0107,1.9924,2.5496,0.7099,82.42168450376278,90.0169620566026,19.43336538790953,3.312714284389766,0.1274689434808973,0.0311360038058094,90.0,15.0,lift_left,,,,,0.0
1773519349.269,0,939,312.0,34.0,0.8713,0.0857,0.4727,-4.458,13.1069,-5.4656,0.9824,0.2271,0.0037,1.5038,3.5115,-0.2443,83.28030939129174,90.10038967786818,14.884131649847763,3.827757722218061,0.1881159698653356,0.002026803277223,85.0,15.0,lift_left,,,,,0.0
1773519349.3691,0,939,332.0,34.0,0.9224,0.0823,0.4946,-6.5191,10.1374,-1.7405,0.9858,0.2332,0.0193,0.9695,2.458,-0.9084,83.83761383180567,90.07220480096598,12.177638679974043,2.7940803155958136,0.0070631307590529,0.0195472179098243,115.0,-10.0,lift_left,,,,,0.0
1773519349.4691,2,940,335.0,32.0,0.8838,0.1238,0.4431,-6.6107,12.2214,-1.6565,0.9822,0.2444,0.0122,0.6947,2.9466,-0.7023,84.60856645207389,90.0797314354726,13.993139915687255,3.107778135581753,0.1193439739677515,0.0179868597828647,120.0,-10.0,lift_left,,,,,0.0
1773519349.5692,1,940,356.0,32.0,0.9111,0.0984,0.4614,-4.4122,7.0916,-5.4351,0.9846,0.2231,0.0083,1.1832,3.1603,-1.1679,84.86386122970683,90.13233463810724,9.964868860652407,3.5709170726859507,0.2223729550870035,0.0031695514026564,135.0,-5.0,lift_left,,,,,0.0
1773519349.6693,4,940,362.0,31.0,0.929,0.1226,0.4531,-6.7176,3.8244,-6.687,0.9854,0.2334,0.0198,0.3817,2.9695,-0.6336,84.80525536472591,90.15326799788885,10.220966398535904,3.060240856534008,0.0565036537262508,0.0293336996696957,145.0,5.0,lift_left,,,,,0.0
1773519349.7694,1,930,385.0,33.0,0.9197,0.0964,0.4177,-6.0611,7.9237,-1.1069,0.9753,0.2363,0.0205,1.7939,3.4962,-0.5115,85.18586066518374,90.21945686784738,10.037289599787384,3.9627167322431713,0.0884291042748486,0.0207462660851487,180.0,15.0,lift_left,,,,,0.0
1773519349.8694,2,939,398.0,34.0,0.9097,0.0784,0.4617,-9.9771,10.4046,2.1832,0.9834,0.2236,0.0205,0.3893,3.1527,0.7405,85.75701046024103,90.26679739585548,14.579594912410975,3.2618111579305142,0.3508122167827554,0.0604000679298444,155.0,-15.0,lift_left,,,,,0.0
1773519349.9695,1,941,416.0,30.0,0.9521,0.084,0.5132,-9.5878,2.7634,6.2443,0.9905,0.2253,0.0037,0.3206,2.7099,2.2748,85.53982347405972,90.27070790213934,11.77087808491788,3.552612758238646,0.2920038724643292,0.015900339508762,215.0,-5.0,lift_left,,,,,0.0
1773519350.0696,2,931,441.0,33.0,0.9451,0.0818,0.5195,-0.8397,-1.3206,0.0153,0.9824,0.2144,0.0032,1.3435,2.1145,0.2748,84.91773342756878,90.22626305911764,1.5650286067673012,2.520241563818834,0.2015697104979341,0.0615566659804578,215.0,10.0,lift_left,,,,,0.0
1773519350.1697,1,939,459.0,32.0,0.937,0.0894,0.4529,-3.1603,5.7252,-5.4198,0.9824,0.2036,-0.021,2.7252,2.2824,-1.2595,85.05587935432132,90.2100321563824,8.49350594101164,3.7712604060181256,0.8070302186334843,0.0050231283271851,-10.0,-10.0,lift_left,,,,,0.0
1773519350.2698,0,949,439.0,31.0,0.8386,0.0732,0.3716,-2.5649,3.6794,-1.687,0.9744,0.2439,-0.0112,1.7328,3.1069,-1.6489,85.02923099422185,90.2289663935704,4.791937538198928,3.921006842636212,0.613276295482934,0.0750760122781479,145.0,-10.0,lift_left,,,,,0.0
1773519350.3698,0,951,488.0,30.0,0.8154,0.0862,0.4214,-3.8092,1.4962,2.2061,0.989,0.2434,0.0,0.5649,3.0,-0.542,84.71903825756479,90.24186446832762,4.649246851910533,3.100463837879745,0.3650455953326559,0.0763246298087294,205.0,0.0,lift_left,,,,,0.0
1773519350.4699,1,939,480.0,31.0,0.8809,0.0842,0.4509,-4.4046,14.0305,4.8931,0.9941,0.2273,0.0083,1.8626,3.542,-1.3817,85.6495167487383,90.32639269755902,15.498317941634827,4.233690783465415,0.69637359110717,0.0114696554550941,145.0,0.0,lift_left,,,,,0.0
1773519350.57,1,942,517.0,30.0,0.9316,0.1152,0.4949,-3.7557,3.5878,-3.0,0.9944,0.2305,0.009,2.0076,3.0534,-1.7023,85.5159353823787,90.3578945369566,5.998132320147664,4.031319214599608,0.4765223620867292,0.0365146652143033,140.0,-5.0,lift_left,,,,,0.0
1773519350.6701,3,939,508.0,30.0,0.7952,0.0186,0.4165,-14.8397,23.8244,7.4656,0.9983,0.2412,0.0117,1.2366,1.7863,1.1908,87.38705674539445,90.25382721361744,29.04399963520865,2.4775092108809607,0.3749641423415012,0.0082248188384781,165.0,-5.0,lift_left,,,,,0.0
1773519350.7701,1,945,550.0,29.0,0.8472,0.0193,0.5044,-13.9695,6.3664,12.9389,0.9998,0.2131,0.0198,0.8092,4.3969,-1.2061,87.44748576230049,90.43799828260772,20.077178895950496,4.630573556267085,0.4930268093238354,0.0788881255884133,255.0,0.0,lift_left,,,,,0.0
1773519350.8702,1,939,559.0,30.0,0.9148,-0.1016,0.3818,-27.0229,31.313,52.2748,0.9849,0.2295,0.0076,0.9618,1.5344,0.6794,90.100035609473,90.31713232255552,66.65880143274404,1.934173456544164,0.0192750387778101,0.0737639972632209,60.0,5.0,lift_left,,,,,0.0
1773519350.9703,1,941,562.0,30.0,0.8594,-0.1575,0.4656,-32.0305,15.4046,37.9313,0.9805,0.2322,0.0125,0.8779,2.9313,0.2595,91.012353986086,90.331220622759,51.9811326454128,3.070923045274824,0.436021800022896,0.0076879786600791,60.0,5.0,lift_left,,,,,0.0
1773519351.0704,0,940,571.0,31.0,0.7639,-0.3333,0.3635,-35.3588,-13.1527,89.1756,0.979,0.2456,0.0298,0.2748,2.0611,0.7786,89.04621581344537,90.24294022757428,96.8272993018498,2.220330202920277,0.341583410799342,0.0079743866808201,30.0,-5.0,lift_left,,,,,0.0
1773519351.1704,0,942,568.0,29.0,0.9014,-0.3389,0.439,-26.1145,11.8626,72.0687,0.9863,0.2131,-0.0217,0.6336,3.0916,0.2137,89.59578133602051,90.29599688294206,77.56665461846347,3.163085077894681,1.0654639224349505,0.031507417276807,130.0,10.0,lift_left,,,,,0.0
1773519351.2705,1,942,597.0,33.0,0.7759,-0.6106,0.5337,-19.4656,-2.9695,60.626,0.9797,0.217,0.0078,5.3359,5.7481,-0.9008,88.38753583890906,90.60345108464814,63.743543905324245,7.894550212646696,0.649490973496365,0.0288565870172519,-10.0,10.0,lift_left,112.88906205089161,10.684751336929313,,38.17385864257817,0.0
1773519351.3706,2,943,566.0,31.0,0.8027,-0.6802,0.5522,-19.0229,-13.0687,55.1221,0.9763,0.2314,0.0186,4.4351,2.6031,-0.3359,86.18896604525887,90.57897587892153,59.75874456939336,5.153549304120414,0.6376714173875081,0.0656928175971593,-40.0,-10.0,lift_left,115.41726540054702,13.793181598689264,,41.061782836914105,0.9310007095336914
1773519351.4707,0,947,589.0,31.0,0.6296,-0.6677,0.384,-17.7252,-11.5267,38.0153,0.9915,0.2207,0.0415,4.2595,0.5878,1.8321,84.12082204020646,90.36976510425662,43.499546687523086,4.673910514761702,0.9242403046438784,0.023475839277417,165.0,-10.0,lift_left,117.94546875020245,13.0401152523335,,18.505310058593754,0.8963152170181274
1773519351.5708,7,941,599.0,29.0,0.6292,-0.7112,0.3242,-21.4122,-13.4809,40.2443,0.9939,0.167,-0.0278,4.1756,-0.1221,0.2901,81.89396363812658,90.1570676377435,47.53757099537165,4.187445734573763,0.0608443130542313,0.0698495261591247,155.0,20.0,lift_left,119.57912781028378,8.604957664679537,,25.21493530273439,0.9168964624404907
1773519351.6708,0,941,620.0,35.0,0.554,-0.7744,0.2429,-27.313,-19.0916,30.0458,0.9746,0.2334,-0.0312,5.0534,3.3664,-5.8397,79.0714577504644,90.21217167265978,44.86913479442188,8.424464173465278,0.2430221476916261,0.0051205278730392,65.0,20.0,lower_left,116.37657935043313,4.498409997528474,,23.38366699218751,0.0
1773519351.7709,0,942,612.0,33.0,0.5662,-0.8555,0.2329,-22.855,-11.2137,22.2748,0.9749,0.2524,0.0173,-1.3588,1.9466,-4.1374,77.04232698705971,90.10774124389404,33.826983426400886,4.770080477308533,0.2413758460321841,0.1208038136238975,-40.0,-20.0,lower_left,,,,,0.0
1773519351.871,3,938,612.0,31.0,0.551,-0.8557,0.1643,-18.6794,-22.0382,21.4351,0.9968,0.2458,0.0173,-1.4885,2.0611,-0.1527,73.98789438238511,90.02987213763159,35.9731254634623,2.546975215819738,0.18847594549944,0.0623652473181479,-1900.0,-20.0,lower_left,83.90119291207391,7.166775569908269,,38.129791259765646,0.0
1773519351.9711,0,943,232.0,29.0,0.5369,-0.8381,0.1953,-12.6183,-14.3435,15.2595,0.9993,0.2026,-0.0083,0.1603,1.9695,1.7328,71.74167444484736,89.99288030580625,24.45014984391712,2.628159466242488,0.1483598497218818,0.0542274058721159,-2810.0,-5.0,lower_left,83.90119291207391,2.08476695581726,,25.16363525390627,0.8669255971908569
1773519352.0711,1,944,50.0,30.0,0.4224,-0.897,0.1396,-18.1832,5.2366,1.9466,0.9924,0.2175,-0.0029,0.7939,3.2595,0.4733,71.31908059723386,90.06519613495784,19.02209224454555,3.388012743482528,0.0395987945757503,0.0537804561665411,-1025.0,10.0,rest,,0.5159590429021311,,7.069335937500032,0.8832255005836487
1773519352.1712,1,942,27.0,31.0,0.5403,-0.8606,0.1113,1.4275,0.2824,-9.1145,0.9871,0.207,0.0261,0.313,1.3664,-1.5496,70.55852877936141,89.95910551691513,9.229930458026214,2.089564098083617,0.7483703779807871,0.0378597622389453,-120.0,5.0,rest,88.7546820292855,1.6426731014217388,,2.997833251953139,0.8962365388870239
1773519352.2713,1,943,26.0,31.0,0.5659,-0.9961,0.1104,-11.8779,11.5954,5.4351,0.9858,0.2122,0.0037,3.5191,-0.6031,-2.4351,70.87273939939814,89.65782508587883,17.466485667700873,4.321748075721212,0.1290453002001129,0.0001839892930066,0.0,-15.0,rest,90.71583653920867,6.879176918037078,,-1.8042602539062003,0.9242203235626221
1773519352.3714,0,943,27.0,28.0,0.4041,-0.9053,0.0999,-6.0305,8.6107,6.6031,0.981,0.2324,-0.0381,4.9542,-1.8702,-2.8321,70.7776495384414,89.21140542370274,12.414186012381158,6.005209079624122,1.025835374110743,0.0474060178186769,-10.0,15.0,rest,92.75860771670146,4.048444680045987,,-3.7108154296874574,0.9027618765830994
1773519352.4714,2,942,24.0,34.0,0.4353,-0.835,0.0881,-16.9771,15.0992,6.916,0.9514,0.2979,-0.0625,1.1908,2.2366,-1.1679,71.38989845364783,89.0915387411753,23.74950149055765,2.790049212827616,0.0268719685287427,0.0107607530443376,-5.0,10.0,rest,93.76502435284429,7.102559914946125,,-7.704650878906243,0.9098107814788818
1773519352.5715,2,945,26.0,30.0,0.4971,-0.8506,0.1074,-3.9618,-3.8702,-1.3893,0.9778,0.2556,-0.0273,-3.2366,2.4504,2.4198,70.18493044995166,89.05526308990402,5.710031678546101,4.726041870318121,0.8881687414840095,0.0036673431917294,10.0,-10.0,rest,92.93979427759231,7.102559914946125,,-4.08782958984375,0.9041576385498047
1773519352.6716,420,557,26.0,32.0,0.4805,-1.011,0.095,-6.0763,7.4122,-8.7176,0.97,0.2405,-0.0232,0.3206,4.8168,1.3969,70.01408603913261,89.26646200071539,12.956028723725492,5.025502582826915,0.1631663540302935,0.030293180871268,5.0,0.0,rest,91.93395669042926,6.568260935645993,,-2.735504150390593,0.9685641527175903
1773519352.7717,414,550,27.0,30.0,0.4346,-0.854,0.0188,-6.8473,5.5344,-4.7405,0.9924,0.2227,-0.002,-0.5725,3.8244,1.8855,69.69549354046029,89.40295494136066,9.999372025282389,4.302197329272566,0.1841524799331961,0.049510064576792,10.0,-20.0,rest,90.96056078195996,4.555662198949539,,-4.958038330078125,0.9253749251365662
1773519352.8718,118,862,28.0,28.0,0.5083,-0.9597,0.0352,-6.0916,12.7481,-2.9084,0.9861,0.2161,-0.009,5.3969,4.8702,-0.9771,70.1087328051687,89.6447528205655,14.42499340485118,7.334855285552673,0.193205645949101,0.06003961677426,20.0,15.0,rest,91.89048130561787,4.478005038081831,,-6.5636596679687464,0.9161267280578613
1773519352.9718,200,770,31.0,33.0,0.408,-0.9089,0.0393,-0.916,9.0687,-0.1832,0.9753,0.2419,-0.0212,-1.374,2.8473,-2.5496,70.07839180078238,89.6512719477867,9.11668459090255,4.061459522142256,0.1601779170690864,0.0101841592627771,20.0,0.0,rest,97.73017373580738,4.838808997041847,,-6.135314941406218,0.9580733776092529
1773519353.0719,143,817,32.0,28.0,0.489,-0.9316,0.071,0.1145,9.3664,-1.0916,0.99,0.2043,-0.0381,-1.3053,2.1298,-1.0229,70.14726938955495,89.62985748842803,9.43049043104334,2.6992925999231723,0.1692807656013262,0.1475847758551729,0.0,-5.0,rest,92.75392243096746,4.828064643960267,,-6.135314941406218,0.9515576958656311
1773519353.172,28,930,31.0,32.0,0.459,-0.9211,0.0605,-7.0916,9.2748,-2.1069,0.999,0.2688,0.0112,-1.8931,3.4427,-1.4427,70.18202776410065,89.673198497798,11.86388356357226,4.185378619671105,0.1388603756550743,0.0475621337845588,0.0,0.0,rest,95.79332179309029,4.828064643960267,,-4.487487792968743,0.9462199807167053
1773519353.272,5,957,32.0,28.0,0.4812,-0.905,0.0605,-4.3511,5.8931,0.0992,0.9963,0.2229,-0.0181,2.4198,0.8779,-0.9695,69.91485555322,89.51274553114318,7.326017981140914,2.750649141566405,0.0738677141706289,0.1112243519139122,5.0,-5.0,rest,93.38803715885504,4.927289028152426,,-6.653533935546836,0.9448087215423584
1773519353.3721,197,771,32.0,31.0,0.4507,-0.9089,0.0574,-0.5115,7.229,1.8321,0.981,0.249,-0.022,2.5191,0.542,-1.5038,69.7516057611046,89.28969850102963,7.475069475262421,2.983461622008904,0.0237952308833389,0.1047070876740285,20.0,0.0,rest,92.99680597707808,4.762146990114143,,-6.653533935546836,0.9318581819534302
1773519353.4722,3,958,36.0,28.0,0.4233,-0.928,0.0642,-2.8092,7.7405,-0.8168,0.9692,0.2449,-0.0312,0.7481,1.8244,0.5878,69.60450517516709,89.196880651366,8.274908285292351,2.057570851756993,0.0629753358172813,0.0047922841304692,10.0,-5.0,rest,92.71137344023799,4.5590061753876,,-13.07830810546875,0.9177266359329224
1773519353.5723,2,958,34.0,30.0,0.4302,-0.9316,0.073,-1.9695,4.5649,-1.6183,0.9839,0.2405,-0.0298,0.0916,3.3435,0.2901,69.15417842636228,89.2638700235844,5.228397187475336,3.357311546460948,0.0105091560402315,0.0539430751181169,0.0,5.0,rest,93.11791491706353,5.265975012768194,,-13.551605224609329,0.9073094725608826
1773519353.6723,0,959,36.0,29.0,0.4482,-0.9175,0.0781,-2.3893,5.1069,-3.0153,0.9836,0.2334,-0.0071,-0.084,3.0687,0.0916,68.79065288772789,89.31222786769786,6.393842052318778,3.0712157608999084,0.0473190663181821,0.0101938597742268,0.0,0.0,rest,93.23873213845087,4.906528297212136,,-14.936767578124961,0.9054439663887024
1773519353.7724,0,943,34.0,30.0,0.4568,-0.9084,0.071,-2.6183,7.1145,-2.1298,0.9841,0.2327,-0.0076,0.229,3.4733,-2.6107,68.6445833999374,89.40015421690703,7.874493836431647,4.35109277998068,0.0315796549591962,0.0543754905767757,-15.0,-10.0,rest,93.69060524480234,3.929655026505306,,-14.358642578124954,0.8900912404060364
1773519353.8725,0,938,33.0,27.0,0.4604,-0.9055,0.0632,-0.9389,6.3817,-1.7252,0.99,0.2527,-0.012,0.771,2.2672,-1.7176,68.43499396328136,89.34764458037324,6.677120872052566,2.94699619952249,0.0440447802122689,0.089992342398929,-15.0,10.0,rest,94.501441067572,5.711227231626038,,-12.29718017578124,0.9368521571159363
1773519353.9726,3,955,31.0,32.0,0.4553,-0.9192,0.0686,-1.5267,8.0458,-1.4046,0.999,0.2473,-0.0151,1.0687,2.9389,-1.5344,68.38052236238565,89.37012778934962,8.30894768848619,3.48333694321982,0.0449014487895294,0.066597795768043,-10.0,10.0,rest,94.19835763787317,6.076290864922874,,-11.567230224609375,0.9538134336471558
1773519354.0726,1,955,31.0,29.0,0.4524,-0.9182,0.0806,-1.6107,6.1985,-1.8779,0.9771,0.2483,-0.0261,1.1756,2.9771,0.0687,68.14321557105012,89.38781124564791,6.673999187144092,3.20154329347582,0.025015216016998,0.0758738411838055,-15.0,-20.0,rest,93.48228058554174,5.648262743425615,,-13.265899658203093,0.946381151676178
1773519354.1727,2,939,28.0,28.0,0.4539,-0.9133,0.0808,-3.1069,6.3206,-2.3359,0.9819,0.2534,-0.0063,-0.4809,0.0458,1.3511,67.9265291715275,89.11504480489516,7.420191424754485,1.4348636381203617,0.0055731954900084,0.0172612765681845,-15.0,10.0,rest,94.14575557191158,5.480420954837041,,-14.625183105468729,0.924749493598938
1773519354.2728,0,952,28.0,31.0,0.4492,-0.9199,0.063,-1.4198,5.7863,-2.2443,0.9805,0.2502,-0.0073,-1.3893,0.2061,2.9695,67.65453766724772,88.86652456259466,6.366630366214141,3.284899077597362,0.1127935224228315,0.0243010403093058,-5.0,0.0,rest,94.54741797780295,5.538896406381235,,-18.503967285156246,0.9397409558296204
1773519354.3729,1,950,27.0,28.0,0.4749,-0.9275,0.0869,-0.542,14.0,-1.1679,0.9917,0.2336,0.0149,1.3282,-3.9008,4.1374,68.21368656343398,88.24130226706124,14.059080852246352,5.839386495172246,0.2693668273728122,0.0255886296808538,-20.0,-5.0,rest,91.54475145613351,5.305937078632317,,-17.91467285156248,0.8864954710006714
1773519354.4729,2,970,24.0,30.0,0.5405,-0.9277,0.1123,5.0534,6.5725,-2.7634,0.9988,0.1858,-0.0479,5.6107,2.9924,0.0458,68.0944206932314,88.35224419274684,8.739049569032092,6.3589708200305495,0.1006196475122733,0.0141682060354464,-20.0,0.0,rest,91.50792340798554,4.954431392151012,,-12.983398437499982,0.919328510761261
1773519354.573,1,956,23.0,28.0,0.5142,-0.925,0.1257,-0.4962,12.3817,-18.1221,0.9807,0.2646,-0.0266,4.0916,3.9313,-3.2748,68.52288400043268,88.46702893672283,21.953660691101152,6.551383463818921,0.0263201351690667,0.0004412513827489,485.0,0.0,rest,93.11720938640926,5.740366675229943,,-2.971832275390618,0.9596228003501892
1773519354.6731,0,947,121.0,30.0,0.5901,-0.8936,0.1733,12.2443,-3.4351,-40.542,0.9871,0.2366,-0.0652,6.7252,6.8244,-2.4885,67.47488036843076,88.8872364821147,42.48972297509128,9.899160704322362,0.4076224014640656,0.051473268938138,575.0,5.0,lift_left,94.69650254052421,5.14128174201908,,7.827026367187511,0.8890705108642578
1773519354.7732,1,925,138.0,29.0,0.6265,-0.7463,0.1387,9.0076,13.7634,-76.9542,0.9768,0.2395,-0.0134,0.0687,4.9237,-2.3053,68.26488171326099,89.11607024819043,78.69254688317058,5.437090165704446,0.5189773832884487,0.0001925193141316,150.0,10.0,lift_left,93.08953182831281,0.7555781971781874,,12.645782470703137,0.8752070069313049
1773519354.8732,2,945,151.0,32.0,0.719,-0.6377,0.1968,22.8321,2.2519,-94.8092,0.9829,0.2617,0.0098,-0.5344,3.916,-1.8779,68.06292011714645,89.21913149739783,97.5456828806893,4.375745395929704,0.2100975555403167,0.0348363233111559,125.0,5.0,lift_left,97.81995724752703,0.3582348639648547,,48.454498291015625,0.0
1773519354.9733,2,947,163.0,30.0,0.8359,-0.5591,0.2046,24.0,20.9008,-112.0382,0.981,0.251,-0.0195,-1.9313,2.0076,1.3511,69.84074126390341,89.14362699329978,116.4706044454136,3.096102172086703,0.9145877201957514,0.0113354698552847,110.0,-10.0,lift_left,110.60533902966964,13.898539191901392,,27.906723022460973,0.0
1773519355.0734,1,949,173.0,30.0,0.958,-0.571,0.333,26.5267,24.7099,-132.1145,0.9949,0.2224,-0.0022,0.4962,3.3282,-2.4198,71.97339381790293,89.23489130569413,136.99812437091975,4.1447028506275325,0.1567800771228533,0.0358952024463721,95.0,-10.0,lift_left,110.60533902966964,12.235878294677226,,26.64282226562504,0.7159228324890137
1773519355.1735,2,951,182.0,28.0,0.9075,-0.3079,0.2673,20.6107,36.0992,-92.1832,0.989,0.2485,-0.0215,2.1832,5.0229,-3.0916,75.38775987575177,89.45933854786263,101.122181332139,6.289187325084219,1.108776471927826,0.0656135448534278,115.0,15.0,lift_left,,,,,0.0
1773519355.2735,2,951,196.0,33.0,0.8938,-0.1243,0.2708,23.9313,19.5725,-61.6107,0.9707,0.262,-0.0425,1.4656,7.5878,-1.1298,77.22937418486009,89.90789765502689,68.9323453135754,7.810194635218766,0.5898483361370987,0.005286688478171,55.0,10.0,lift_left,,,,,0.0
1773519355.3736,0,947,193.0,30.0,0.8242,0.0774,0.2893,-8.1374,25.0763,-31.5573,0.9902,0.2488,-0.0098,0.2366,7.6794,0.8779,79.54288950415867,90.38002495594962,41.12057008043541,7.733037716835474,0.0679886588112999,0.0108629162347761,95.0,-5.0,lift_left,,,,,0.0
1773519355.4737,1,933,215.0,32.0,0.8687,0.0466,0.3958,-6.7176,15.3893,-10.6718,0.9746,0.2405,0.0256,-3.0229,3.6336,0.5344,80.76729802865835,90.44977557346203,19.8958291983521,4.756738034619944,0.8042940348123417,0.0252464387263251,140.0,-5.0,lift_left,,,,,0.0
1773519355.5738,0,941,221.0,29.0,0.9377,0.1069,0.4316,-17.5878,17.5267,-1.5267,0.9819,0.2583,0.0369,0.229,2.5038,0.8626,82.16217819341895,90.3885241279254,24.87663029069653,2.658107258934447,0.0985444869442897,0.0814903175215098,40.0,-5.0,lift_left,,,,,0.0
1773519355.6739,1,947,223.0,31.0,0.8511,0.1003,0.3765,-14.4809,-0.1221,-0.7786,0.9895,0.2493,-0.0088,0.855,1.4885,1.7023,81.81500553138527,90.24363550664528,14.502330543054107,2.4175364609453154,0.3806498035824529,0.0431960171867318,115.0,5.0,lift_left,,,,,0.0
1773519355.7739,2,947,244.0,30.0,0.8496,0.0474,0.448,-6.916,-12.1069,-5.0229,0.9966,0.2358,-0.032,4.1756,2.2748,-0.0763,80.23353362040999,90.19310808611286,14.820175708135178,4.755646337775761,0.0771690542120756,0.0342766676343875,95.0,-5.0,lift_left,,,,,0.0
1773519355.874,2,945,242.0,30.0,0.8652,0.0427,0.3936,-3.0229,0.7939,-0.1908,0.9998,0.2356,-0.0164,3.9542,3.1069,-2.4046,80.01489520597497,90.22790948332086,3.131230789961034,5.574103193339714,0.5028575000210811,0.0307621265561863,20.0,10.0,lift_left,,,,,0.0
1773519355.9741,1,953,248.0,32.0,0.7954,0.0308,0.3284,-6.6336,29.7405,9.4504,0.9893,0.2419,-0.0061,2.5191,3.1221,-1.3969,82.67870437440791,90.2544299573698,31.90316676084053,4.2479056992828825,0.7776939934386456,0.0746107002750362,125.0,5.0,lift_left,,,,,0.0
1773519356.0742,4,950,267.0,31.0,0.9866,-0.0247,0.5015,-10.8779,2.7099,10.7481,0.9783,0.2605,0.0029,3.0763,4.2901,-1.2901,82.55124457011927,90.37154075570125,15.530419183975686,5.434421561675171,1.4448809800526312,0.0178010975068243,85.0,-10.0,lift_left,,,,,0.0
1773519356.1743,0,948,265.0,30.0,1.0398,-0.019,0.491,-6.7405,10.1221,2.2595,0.9846,0.2446,0.0276,1.6412,3.2137,1.5802,83.1863149536162,90.39832522928104,12.36917899094358,3.939344764043888,0.1529448734335325,0.0123455926582327,80.0,0.0,lift_left,,,,,0.0
1773519356.2743,1,947,283.0,31.0,0.9556,-0.0508,0.4929,-9.6718,22.084,1.916,0.9827,0.2324,0.0154,0.2595,0.0229,1.3969,84.93865534633048,90.12593018164948,24.185074472492328,1.4209835572588447,1.6466271397575754,0.009672568938609,125.0,20.0,lift_left,,,,,0.0
1773519356.3744,1,944,290.0,34.0,0.729,-0.0159,0.3767,-7.1298,17.2214,5.0687,0.9871,0.2441,-0.0027,0.4351,2.0382,1.5725,86.18062353811706,90.0453385457966,19.315858398994337,2.610809740291314,0.9772931578733228,0.037103940323393,190.0,0.0,lift_left,,,,,0.0
1773519356.4745,5,948,321.0,31.0,0.771,-0.0249,0.4255,-4.0,-5.2061,7.229,0.9885,0.2405,0.0042,0.2137,3.1679,1.0382,85.16811512396872,90.08136053697427,9.765342708271945,3.340526506405839,0.4694586010067247,0.0075657378186344,95.0,-10.0,lift_left,,,,,0.0
1773519356.5746,3,945,309.0,32.0,0.8157,-0.0845,0.405,-13.7405,6.0534,28.6947,0.991,0.2344,0.0037,1.3817,3.1756,1.5344,85.32010558205367,90.12475954567093,32.38565731770779,3.7878639904304894,0.5938714874819628,0.0087654004088066,55.0,5.0,lift_left,,,,,0.0
1773519356.6746,0,953,332.0,32.0,0.8748,-0.166,0.4546,-17.3206,7.8702,38.2061,0.9912,0.2212,0.0044,2.8015,2.7099,-0.2748,85.60593512375199,90.13618217983796,42.680783844840526,3.9073616802133895,0.09370967982193,0.0125213780424271,105.0,-15.0,lift_left,,,,,0.0
1773519356.7747,2,947,330.0,29.0,0.8367,-0.2014,0.3613,-12.8702,-16.8702,37.4809,0.9849,0.2476,0.0247,3.1527,3.2824,-0.4275,83.51440580311886,90.17155919779051,43.0704488122657,4.57126058106514,0.6292691019843466,0.0067884245232618,40.0,-20.0,lift_left,,,,,0.0
1773519356.8748,1,942,340.0,28.0,0.7405,-0.2754,0.3735,-14.3511,-3.229,68.0687,0.9873,0.2437,0.0059,-0.1985,1.7939,0.3435,82.68618597080751,90.06654345192456,69.63999161329646,1.837245685802528,0.3153392689253997,0.003866116379898,95.0,5.0,lift_left,,,,,0.0
1773519356.9749,1,949,349.0,30.0,0.7683,-0.49,0.4031,-18.9389,26.4885,62.3053,0.9858,0.2471,0.0256,0.916,2.0992,1.7328,84.63730424397025,89.9880522600863,70.30130136455512,2.871984066808171,0.8746391388485558,0.0007049512954093,125.0,25.0,lift_left,,,,,0.0
1773519357.0749,1,956,365.0,33.0,0.8267,-0.4695,0.4429,-17.1221,-15.8702,56.7099,0.9944,0.2112,-0.0215,1.8779,4.0916,-0.6031,82.42966640530378,90.14824804002494,61.32733741538108,4.5421832393684864,0.2517238192264648,0.0103007942885391,120.0,-10.0,lift_left,,,,,0.0
1773519357.175,0,941,373.0,28.0,0.8286,-0.5527,0.322,-16.4275,3.916,26.0229,0.991,0.2349,0.0212,-0.3359,3.0687,-1.2366,82.21149735877408,90.17827259328826,31.02239733901943,3.3254966636579266,0.2395827616116308,0.0099536045898773,100.0,-10.0,lift_left,117.28754057702568,6.835267057486065,,37.84658813476566,0.0
1773519357.2751,0,939,385.0,31.0,0.8169,-0.6531,0.3301,-12.7786,-3.7939,29.7176,0.9897,0.2234,0.021,1.9084,0.3435,-0.3435,81.15838284785005,89.95288709138191,32.57026320019536,1.969257489512228,0.1145953212239558,0.0319819691805478,45.0,15.0,lift_left,127.34236381358136,16.355559799225688,,49.05526733398442,0.9449928402900696
1773519357.3752,0,939,382.0,31.0,0.7078,-0.7417,0.3052,-2.5878,-12.1374,34.8931,0.988,0.2175,-0.0356,2.0992,0.3511,-0.5191,79.17431879147733,89.7367342311526,37.034330224941286,2.1907479681606463,0.7849704146211356,0.028167740394055,85.0,-5.0,lift_left,129.24540804049263,17.446951662492797,,35.25086975097659,0.9659328460693359
1773519357.4753,2,941,402.0,30.0,0.5576,-0.7302,0.1975,-14.0305,-4.542,46.145,0.9753,0.2593,-0.0024,1.7099,3.0916,1.5802,77.87362404366151,89.74719159251356,48.444253727867455,3.8702429652413297,0.6956731774728669,0.07716853741206,45.0,-10.0,lift_left,120.42056700775461,16.63319380554621,,24.68450927734379,0.9694548845291138
1773519357.5753,0,944,391.0,29.0,0.511,-0.7603,0.1636,-20.0687,-14.9389,51.8473,0.999,0.2397,0.0273,1.3206,4.3664,3.2366,75.5182885979207,89.9086252133781,57.567924838316,5.593300714247357,0.5513012059022049,0.0437751674604325,-5.0,-20.0,lift_left,110.2231479760637,2.3980224905301464,,23.212951660156254,0.9224997758865356
1773519357.6754,0,948,401.0,26.0,0.6089,-0.8242,0.229,-16.1374,-20.7634,39.4427,1.0015,0.1821,0.0061,2.1527,4.2977,0.2061,72.68198434948441,90.12540718392164,47.40528495442254,4.81111419423817,0.7407130061155293,0.0863516706332245,190.0,0.0,lift_left,112.2756303869669,1.2436440448268795,,19.86579895019534,0.0
1773519357.7755,0,944,429.0,29.0,0.55,-0.9175,0.1389,-18.4198,-8.2214,36.8244,0.9897,0.2036,-0.0066,2.1069,0.7557,-3.8168,71.03575318637603,89.96434585088934,41.98710379819022,4.424711554440584,0.1273845130728867,0.0695030002567165,38945.0,20.0,lift_left,100.4445358606212,9.71389821353442,,39.1417846679688,0.0
1773519357.8756,0,946,8190.0,30.0,0.4714,-0.9602,0.1116,-13.0992,-2.4809,28.1145,0.9785,0.2244,-0.0166,2.4198,1.9389,-3.7939,69.89183966768098,89.89606238619186,31.11541443882758,4.899841064769346,0.6233333707167321,0.0271941122129792,-2005.0,5.0,lower_left,93.08617601062257,5.633110107267445,,34.10986328125004,0.9658320546150208
1773519357.9756,1,943,28.0,30.0,0.4458,-0.8408,0.0671,-13.8779,-3.5649,10.771,0.9717,0.2561,-0.0159,1.8702,4.2366,-3.0458,68.70179763190761,90.01748349740174,17.925374791618726,5.542862549260986,0.3217308120409012,0.0763204539783279,-40820.0,-10.0,rest,94.80194050333108,5.826065206353639,,16.887603759765675,0.9139788150787354
1773519358.0757,374,593,26.0,28.0,0.4766,-1.0354,0.0015,-17.7176,3.9771,-16.6412,0.9883,0.2493,0.0095,-0.2901,0.916,-0.145,68.21185424411175,89.82355291815554,24.63047323154795,0.9717196149095684,0.3094073337563963,0.0398058550363644,20.0,-10.0,rest,100.6204372358758,6.087017866151806,,24.255798339843793,0.9615992307662964
1773519358.1758,467,503,32.0,28.0,0.4189,-0.9255,0.0078,-10.5725,1.7405,-7.9771,0.9812,0.2517,-0.0002,3.0305,2.3206,-1.3893,67.50522023817953,89.76675186241418,13.358189282608627,4.061929233750878,0.4305915533176196,0.0076442157655631,-15.0,15.0,rest,97.74058771063655,5.741397853676852,,25.10177612304691,0.958960235118866
1773519358.2759,411,555,23.0,31.0,0.3779,-0.9829,-0.0374,-2.9618,25.0076,7.6565,0.9873,0.2471,0.0066,1.0992,1.5954,0.1527,69.02619263009105,89.64664451702129,26.32060617178108,1.9434142867644049,0.1354418349787789,0.0080275459141276,-40.0,10.0,rest,99.55016390777476,3.3880618512370835,,14.3115234375,0.9732322692871094
1773519358.376,451,519,24.0,30.0,0.4778,-0.9268,0.0247,2.2137,-3.8931,-4.0763,0.9819,0.2554,-0.0022,1.5267,3.0229,-0.2595,67.80943521087109,89.65834527552715,6.05581678966595,3.396480170706139,0.1703200215911804,0.029982334594989,-5.0,-10.0,rest,103.19054903747336,3.3880618512370835,,13.542419433593764,0.9730297327041626
1773519358.476,459,511,22.0,29.0,0.4187,-0.9297,0.0046,-6.7023,8.9847,0.4733,0.9883,0.2671,0.0051,-1.771,2.5191,1.4046,67.81864009063345,89.60952617867312,11.219165399886036,3.3845541759587774,0.2605862402395659,0.0251232951378255,-5.0,5.0,rest,103.46723798339943,1.4201123241191793,,-5.6050109863280895,0.9088499546051025
1773519358.5761,465,502,23.0,31.0,0.4043,-0.9041,-0.0317,-1.9389,2.0305,1.1756,0.9958,0.219,0.002,0.0153,2.145,2.4809,67.14286359517887,89.57947068123829,3.043731068934968,3.279653015183161,0.1016942123865471,0.004702409313626,30.0,5.0,rest,106.78725153547668,1.3069172829288527,,-1.9021301269530966,0.971232533454895
1773519358.6762,466,501,28.0,30.0,0.4521,-0.8911,0.0125,1.6794,5.8473,0.5954,0.998,0.2234,-0.0164,0.5802,0.0,-0.7863,66.9110158414122,89.3348734864488,6.112757381902212,0.9771897103428792,0.1671675829649571,0.0454442198761384,20.0,-10.0,rest,106.37834401839838,1.5400987509321795,,1.3516540527344034,0.9353244304656982
1773519358.7763,468,504,27.0,29.0,0.4414,-0.9241,0.021,-4.5725,14.4885,-0.8626,0.979,0.2502,-0.0095,1.0534,1.3206,-0.5038,67.50318662962427,89.19067581752245,15.217373862135346,1.7627961765331803,0.1367800752088233,0.0674652470851888,-5.0,-5.0,rest,107.54312999450372,2.781942405138415,,3.64654541015625,0.9651461243629456
1773519358.8763,467,494,27.0,29.0,0.4036,-0.9434,0.0337,-3.2061,11.2672,1.9389,0.979,0.2456,-0.0002,-0.2901,2.771,0.2519,67.72028295096455,89.19675913680052,11.873845470613134,2.797508287744649,0.1222891093546202,0.000345259262976,-10.0,5.0,rest,109.29117812834154,3.7170964257003676,,3.997650146484375,0.9725144505500793
1773519358.9764,470,494,25.0,30.0,0.4084,-0.9119,0.0371,-0.5573,3.2443,-1.2901,0.9846,0.2275,-0.0088,0.8855,2.7863,0.2214,67.16597558247223,89.22548657404364,3.5355938383813266,2.9319952080451976,0.0293196564175679,0.0268543802483622,-10.0,-5.0,rest,111.39311641330518,2.730781009137948,,2.122253417968789,0.962062656879425
1773519359.0765,472,497,25.0,28.0,0.4402,-0.9209,0.0139,-4.0534,7.2748,-1.5649,0.9868,0.2363,-0.0044,1.0458,3.2443,-0.7328,67.04650160535309,89.28954279789563,8.473587115855953,3.486570803812824,0.0892758732957116,0.0259642972185747,30.0,0.0,rest,100.13841083170922,0.735681861157985,,-13.200256347656207,0.898123025894165
1773519359.1765,469,499,31.0,30.0,0.4214,-0.9258,0.0327,-3.4733,7.5191,-1.0458,0.9883,0.2346,-0.0044,1.5496,3.0229,-0.9771,66.9316498688972,89.33287957148598,8.348315718754293,3.534672400661764,0.0720463607094679,0.0093952179157019,30.0,20.0,rest,98.21691503485769,0.9802766292178655,,-3.689025878906218,0.9093407988548279
1773519359.2766,466,502,31.0,32.0,0.4062,-0.9204,0.0261,-1.9313,4.0458,-1.1069,0.9875,0.2412,-0.0107,1.6031,2.9771,-0.4962,66.46560116750885,89.36319949509911,4.617753235070059,3.4174944711001363,0.0314210641805079,0.0277764787126166,-5.0,-10.0,rest,98.27549510529816,0.8087256731765532,,-3.08441162109375,0.9144478440284729
1773519359.3767,461,499,30.0,28.0,0.4238,-0.918,0.0259,-2.1145,3.7328,-1.2366,0.9836,0.2302,-0.0088,1.5344,2.6183,-0.8473,65.99754370459544,89.36889682920867,4.464760424703659,3.150840449784788,0.0593063805272131,0.0594377434146464,10.0,-20.0,rest,99.6453490568826,0.47304599294683874,,-2.3639831542968537,0.9087826013565063
1773519359.4767,468,499,33.0,28.0,0.4272,-0.9243,-0.0005,-0.0916,7.3206,-2.2595,0.9761,0.2378,-0.01,0.4504,1.1679,-1.0916,65.89112745707655,89.22190368436542,7.661913283899786,1.6608555415809043,0.1323395639598856,0.0632052957792611,10.0,0.0,rest,99.22651532968426,0.5578652350577095,,-2.065917968749993,0.9191306829452515
1773519359.5768,463,500,32.0,28.0,0.4214,-0.948,0.031,-0.8321,12.0916,-1.4656,0.967,0.2441,-0.022,0.5878,1.7176,-0.084,66.23737153208853,89.12134410726206,12.20848738910763,1.817337227924416,0.3176089077701993,0.0249679362636068,-20.0,10.0,rest,99.95982499162535,0.574570065835285,,-4.362304687499989,0.9235892295837402
1773519359.6769,454,517,29.0,30.0,0.4121,-0.9985,0.0583,2.8702,3.5267,-1.855,0.9753,0.2612,0.0066,2.8702,1.542,4.1298,65.70609093863852,88.99008527073174,4.910874253124386,5.260328894660486,0.1335592404246688,0.1191897257521718,-10.0,-10.0,rest,99.88683436988698,0.685378561663951,,-5.293395996093739,0.914611279964447
1773519359.777,400,569,30.0,26.0,0.3972,-0.9299,0.0051,-0.7481,7.6031,-5.7863,0.9993,0.209,-0.0317,0.2901,0.2672,1.7786,65.59965463917946,88.79758563377044,9.583738879477048,1.8218045476944007,0.0426104356304546,0.0004716507367064,-5.0,0.0,rest,99.88683436988698,0.9226931993742947,,-4.674194335937454,0.9134572744369507
1773519359.877,2,945,28.0,30.0,0.4458,-0.9761,0.0188,-11.1832,8.2443,-14.8092,0.9851,0.2192,-0.0286,2.6489,4.4962,-1.8779,65.58646094392829,89.00930672559736,20.306276107893343,5.546079160992925,0.4075345862981894,0.0335667768392511,-30.0,15.0,rest,97.10204240834433,2.9416905959599156,,-6.295043945312475,0.9319785833358765
1773519359.9771,0,942,24.0,29.0,0.5486,-0.9443,0.0364,-1.2824,7.8015,-26.9084,0.9895,0.2219,-0.0356,4.5344,5.2824,-3.7405,65.64200628630786,89.29087433913487,28.045854284902784,7.902902844524915,0.2561469768364999,0.0584578014275594,755.0,0.0,rest,97.69561542165457,3.19974217932446,,2.235229492187507,0.9563190340995789
1773519360.0772,2,945,179.0,30.0,0.5598,-0.8486,0.105,13.0,10.7786,-44.7328,0.9854,0.2683,0.0059,0.5191,4.8321,-0.8626,66.04971008622343,89.47391226493298,47.81424070086233,4.935862030081473,0.2313918071370813,0.0471160505988843,2985.0,0.0,lift_left,101.74628008223681,2.156471815744382,,12.470489501953157,0.9354369044303894
1773519360.1772,2,932,621.0,29.0,0.6628,-0.801,0.1187,22.3435,8.7481,-49.9771,0.9998,0.2209,-0.0208,-0.0992,3.6336,0.6107,66.3720546955912,89.59027908306749,55.43890123613562,3.685898003200848,0.0634324186689549,0.0071879614027015,2495.0,-10.0,lift_left,96.90524029231229,3.505974537018175,,11.681838989257853,0.863964319229126
1773519360.2773,0,941,678.0,28.0,0.5918,-0.8076,0.1277,20.458,22.542,-58.9466,0.9949,0.2236,-0.0166,2.0458,5.6031,-1.2824,67.97166690670889,89.89357188157602,66.34284573004085,6.101194719888885,0.1015671530000961,0.0590444254592248,435.0,0.0,lift_left,92.59506145886625,5.630046902961191,,35.389892578125014,0.0
1773519360.3774,3,939,708.0,29.0,0.7988,-0.6658,0.2378,29.6107,2.2137,-59.5573,0.9846,0.2351,-0.0085,2.687,6.3893,-1.2977,67.79895570685095,90.25309336466434,66.5489744884923,7.051747923742028,0.007119636385422,0.0302287699675229,460.0,10.0,lift_left,170.46800989068308,4.167990283284745,7.802885267840672,2.0395202636718857,0.0
1773519360.4774,1,944,770.0,30.0,0.8125,-0.5583,0.2231,10.771,10.3435,-90.8473,0.9836,0.2456,0.0039,3.6947,6.4198,-0.2901,68.52663279618683,90.5967420436734,92.06646702540507,7.412745654614086,0.1135805978211601,0.0042689312388077,415.0,10.0,lift_left,118.26806833704778,13.93345229123306,7.802885267840672,18.524536132812504,0.0
1773519360.5775,2,938,791.0,31.0,0.9016,-0.4893,0.1941,17.2214,-2.4962,-118.2061,0.9883,0.2231,-0.0005,0.458,2.8015,-1.7328,68.10590825517181,90.60493764804178,119.48008080684411,3.3257724050211253,0.4269309532422372,0.015706528994972,195.0,20.0,lift_left,117.67745744469775,13.93345229123306,,27.981414794921893,0.8615797758102417
1773519360.6776,0,950,809.0,34.0,0.989,-0.3936,0.2617,17.5344,33.2061,-96.0382,0.9907,0.2295,-0.0051,2.9466,1.6489,-1.8702,71.28710886633327,90.49351372066458,103.11855371275335,3.859918497844223,0.3135012899928641,0.0150743395965979,160.0,-5.0,lift_left,,,,,0.0
1773519360.7777,0,940,823.0,30.0,0.9175,-0.262,0.2292,6.0458,18.5038,-55.0076,0.9814,0.2375,-0.0293,3.9466,4.6412,-3.7176,73.05919888545738,90.6644138271382,58.35047874559385,7.137011892942312,1.1438759272902426,0.0074968744458492,155.0,-25.0,lift_left,,,,,0.0
1773519360.8777,0,939,840.0,29.0,0.8315,-0.0393,0.2437,1.1221,14.6718,-35.0534,0.9819,0.2686,-0.031,-0.6183,6.4504,-4.7863,74.50515843429197,90.97534863799888,38.01659736496679,8.055968144177333,0.1525269982091498,0.0588545175656862,100.0,5.0,lift_left,,,,,0.0
1773519360.9778,0,935,843.0,31.0,0.8713,0.1794,0.3357,-16.4198,9.7863,8.3511,0.9819,0.2832,0.0005,0.458,6.1985,-2.2443,75.3021480789981,91.24152137314088,20.859587027072227,6.608180440938337,0.7545598557526717,0.0011250445765131,45.0,5.0,lift_left,,,,,0.0
1773519361.0779,0,935,849.0,30.0,0.9573,0.0164,0.3467,-4.7405,19.7634,-24.2595,0.981,0.2737,0.0205,-1.5725,3.1679,1.1145,77.13433643441864,91.21453133156086,31.647869755482752,3.7081608527678513,0.2313644405202242,0.0444448443759293,-65.0,10.0,lift_left,,,,,0.0
1773519361.178,4,934,830.0,33.0,0.9067,0.0491,0.4119,-2.7405,10.3893,-24.1527,0.979,0.2578,0.0366,0.0076,2.3588,1.4198,77.91811829429649,91.12351969801912,26.43484087393,2.753148604779626,0.2562273630911693,0.0152276049496447,0.0,-5.0,lift_left,,,,,0.0
1773519361.278,1,936,849.0,29.0,0.8748,0.0381,0.4104,-3.3664,20.5267,-5.5802,0.9927,0.2417,0.0059,2.8473,2.6336,0.1069,79.66682023383281,91.0853841965282,21.53640392196432,3.879999208762806,0.4034673912273606,0.0318435203347999,250.0,-35.0,lift_left,,,,,0.0
1773519361.3781,1,921,880.0,26.0,0.8345,0.0332,0.3772,-9.0763,14.4351,6.8626,0.9861,0.2566,0.0308,1.687,3.8626,-1.4656,80.79999577366017,91.14849034043036,18.38060424632444,4.462469173002767,0.1298608048811228,0.0191942378211906,195.0,0.0,lift_left,,,,,0.0
1773519361.4782,1,936,888.0,29.0,0.8782,-0.0093,0.4634,-10.7863,15.5115,16.1069,0.98,0.2695,0.0552,1.1832,2.7023,-1.084,81.94764208653426,91.07674749863187,24.82706441668044,3.142840042063866,1.0133123857250077,0.0288012760491485,-85.0,30.0,lift_left,,,,,0.0
1773519361.5783,1,937,863.0,32.0,0.998,-0.0254,0.5056,-8.7405,6.5344,12.5496,0.99,0.2637,0.0364,1.0534,1.7481,-0.9008,82.21113047435927,90.92552147906868,16.630910491311052,2.230906947857754,0.3651659357322318,0.0225019011397231,-50.0,0.0,lift_left,,,,,0.0
1773519361.6783,2,936,878.0,29.0,0.9595,-0.0669,0.4597,-4.0687,4.6947,-1.9771,0.9795,0.2581,0.03,1.1832,1.3588,-0.1756,82.31030904607559,90.7430336066926,6.519467170712649,1.8102859000721403,0.7375222478046511,0.0690046581715553,75.0,-5.0,lift_left,,,,,0.0
1773519361.7784,1,934,878.0,31.0,0.8704,-0.0664,0.4265,-6.3817,10.4504,9.4198,0.9792,0.2529,0.0081,1.1756,1.9237,0.0305,82.96069897641532,90.62692442035964,15.448934820562872,2.254681196976637,0.3473267956374315,0.0141675571726151,10.0,-10.0,lift_left,,,,,0.0
1773519361.8785,0,934,880.0,27.0,0.908,-0.0884,0.4011,-11.145,7.9084,10.4046,0.9766,0.259,0.0193,1.5725,2.7405,-0.8321,83.38972411178811,90.58510294672884,17.175841077513496,3.267336363155774,0.300817190516805,0.0115145183356402,55.0,-15.0,lift_left,,,,,0.0
1773519361.9786,1,936,889.0,28.0,0.9307,-0.1101,0.4314,-7.2977,15.1298,5.4046,0.9771,0.2681,0.0303,0.5496,3.0687,-0.8931,84.49333989909428,90.5654047929908,17.64587698274019,3.2429319234297846,0.4984566966640757,0.0029750880280454,60.0,10.0,lift_left,,,,,0.0
1773519362.0787,2,932,892.0,29.0,0.9746,-0.0696,0.4971,0.687,7.0534,-3.5649,0.9783,0.2507,0.0088,0.7099,1.8015,-0.6183,84.74970928537714,90.44300674219622,7.932901900943942,2.032647325533872,0.076902894727503,0.0086310666252931,-10.0,10.0,lift_left,,,,,0.0
1773519362.1788,0,937,887.0,30.0,0.9402,-0.1091,0.4478,-2.4733,3.9008,-9.771,0.9758,0.2678,0.011,0.5115,1.0687,-0.4885,84.71469914251543,90.23170268285352,10.807677573373477,1.2815553792169887,0.1445603415430718,0.0050350369965612,30.0,-10.0,lift_left,,,,,0.0
1773519362.2789,0,938,898.0,27.0,0.9624,-0.0972,0.4512,-2.687,5.0992,-3.374,0.9773,0.2507,0.0,0.9084,3.2137,-0.2214,84.80769481066407,90.25426203676388,6.678748807972943,3.346950284960922,0.0899369911190206,0.0038294580618813,130.0,5.0,lift_left,,,,,0.0
1773519362.379,2,938,913.0,31.0,0.9248,-0.0632,0.447,-2.9618,17.1374,0.7328,0.9783,0.2615,0.011,-0.5954,3.0229,0.0611,86.07061517272176,90.24586194818642,17.406887540281286,3.081583810315728,0.6992605876576141,0.0467026293913441,125.0,10.0,lift_left,,,,,0.0
1773519362.479,0,947,923.0,29.0,0.8247,-0.0752,0.4177,-4.8626,7.626,6.3282,0.9832,0.2637,0.0261,-0.687,1.8092,0.145,86.35191676943411,90.11657141784828,11.038426971267237,1.9406696370067729,0.1799119405491772,0.0082687714008145,-25.0,0.0,lift_left,,,,,0.0
1773519362.5791,1,937,908.0,31.0,0.8691,-0.1101,0.4678,-7.3282,10.145,10.1756,0.9766,0.2607,0.0227,-0.3817,2.542,-0.2977,86.84026737258678,90.063348069861,16.129673759874997,2.5876793039323864,0.3890296222158151,0.0047252729904112,20.0,-10.0,lift_left,,,,,0.0
1773519362.6792,0,935,927.0,27.0,0.7412,-0.1421,0.3904,-9.3893,8.542,23.5344,0.9875,0.2522,0.0081,-0.1374,2.3359,0.771,87.15514840467942,90.00432444353916,26.73934744622613,2.463685972278123,0.2139500090569507,0.0417356269656843,-45.0,-30.0,lift_left,,,,,0.0
1773519362.7793,0,934,899.0,25.0,0.9194,-0.1804,0.4419,-8.6489,-0.3817,26.4122,0.9875,0.2512,0.0303,0.6794,2.6489,0.626,86.62591896452565,89.9764029644393,27.794846193854,2.8053754775430684,0.0629897941353491,0.0073325299744653,-105.0,0.0,lift_left,,,,,0.0
1773519362.8794,0,951,906.0,27.0,0.7236,-0.3115,0.3506,-22.7099,0.7939,60.084,0.9839,0.2703,0.0264,0.5802,1.3588,1.0992,86.11222845765455,89.80141498202153,64.2375037748199,1.841523858113166,0.4384107199816911,0.027141355739001,110.0,25.0,lift_left,,,,,0.0
1773519362.9795,1,940,921.0,30.0,0.7971,-0.3767,0.3491,-21.5038,-13.9389,83.3588,0.9822,0.251,0.0205,0.2977,2.9847,0.1679,84.16808023526981,89.81027076886276,87.20892090313926,3.004205350837389,0.3702047278094428,0.0026381818558984,-5.0,0.0,lift_left,,,,,0.0
1773519363.0795,4,936,905.0,27.0,0.7104,-0.5312,0.2998,-23.3588,11.8168,84.4733,0.99,0.2493,0.0254,1.5115,2.7405,0.084,84.62976572184547,89.79854505418739,88.43646709683738,3.130819142013796,0.6680159346238612,0.0194904282453201,-55.0,-10.0,lift_left,,,,,0.0
1773519363.1796,2,934,910.0,28.0,0.7764,-0.6865,0.3103,-16.8168,-13.4427,76.542,0.9829,0.2317,0.0217,2.3969,3.1679,-0.8931,82.53703474813432,89.84662401315462,79.51219220679305,4.071651707845356,0.5269554856488334,0.0378164441285966,35.0,5.0,lift_left,103.8951410180228,10.425824589586892,,30.09771728515628,0.0
1773519363.2797,0,939,912.0,28.0,0.7146,-0.7288,0.2083,-30.5267,2.5344,55.8015,0.979,0.262,0.0205,1.0916,2.2443,-0.1603,82.00091574246994,89.76911041026855,63.656185862019726,2.500833688992533,0.1971731378266406,0.0145496420282564,40.0,15.0,lift_left,108.68646632239926,10.009553023972781,,29.61657714843751,0.9475139379501343
1773519363.3798,1,940,918.0,31.0,0.6426,-0.7979,0.1924,-20.8092,-7.313,44.313,0.9819,0.2488,0.0103,0.5878,1.8931,1.145,80.40538836163036,89.67464421399072,49.49893678292494,2.289183577173312,0.237355496480518,0.0128260306407146,40.0,0.0,lift_left,108.75280448796462,5.149874644333581,,23.753845214843796,0.8702055811882019
1773519363.4798,2,938,920.0,28.0,0.5791,-0.7861,0.1877,-28.6412,-13.3053,31.4122,0.9778,0.2573,-0.0039,1.3435,3.2901,1.6183,78.20581743001178,89.70869478533918,44.54296413991776,3.90495136333348,0.1316903415525261,0.0211996169109318,40.0,-5.0,lift_left,,2.220767568226628,,22.2191772460938,0.0
1773519363.5799,0,939,926.0,30.0,0.5474,-0.8508,0.0942,-15.0687,-12.3893,15.458,0.9924,0.2217,0.0271,1.0687,3.1908,1.2901,76.07951719108323,89.77354548687052,24.889962599007657,3.603842718543638,0.035255602737515,0.0300519625708928,20.0,10.0,lift_left,,,,,0.0
1773519363.68,0,937,924.0,30.0,0.4822,-0.8704,0.1118,1.2977,-32.3435,17.8015,0.9878,0.2419,-0.0154,4.4656,4.1985,-2.0687,71.96402553379141,89.91378715155042,36.94156764120873,6.4690420697349005,0.0830309844938298,0.0314988810911409,36320.0,-10.0,lift_left,92.2726429656295,6.13033490076771,,46.17366027832033,0.0
1773519363.78,3,937,8190.0,28.0,0.4377,-0.8958,0.0698,-14.5038,21.1832,12.9313,0.9753,0.2659,-0.0073,-0.0153,1.8779,-0.9618,73.12014712274923,89.79443308714934,28.745550896964907,2.109929321091112,0.091424840914549,0.046142616675201,-4475.0,5.0,lower_left,92.93680848969379,4.545944129386916,,42.06051635742192,0.9685587882995605
1773519363.8801,0,943,29.0,31.0,0.4866,-0.8938,0.0625,-2.687,-4.7786,7.9313,0.9741,0.2581,0.0181,-0.5802,2.6794,0.2519,71.75956106968817,89.76362454944358,9.641602908749146,2.7530474042413435,0.2171869036310764,0.0399668097679573,-40840.0,-10.0,rest,92.65926724542265,4.304334550418326,,11.209808349609407,0.9527394771575928
1773519363.9802,0,938,22.0,26.0,0.5029,-0.9055,0.1216,-0.9237,-4.6183,2.1756,0.97,0.2532,0.0293,-3.0,1.7328,0.2901,70.44838166205284,89.64370791658448,5.187981489943849,3.476600904619338,0.0880807552450135,0.0510869760984344,-25.0,-15.0,rest,93.6299461069085,4.125420681938213,,6.579498291015664,0.9038798809051514
1773519364.0803,0,939,24.0,28.0,0.4272,-0.9426,0.0693,-7.8168,12.0,1.0611,0.9956,0.2126,-0.0098,-0.5725,0.8779,-0.3359,70.70186825776379,89.49554192694991,14.360650941026314,1.1005877838682383,0.0541856943766272,0.1269524526080467,-5.0,10.0,rest,98.54832065161199,3.8192830171301835,,7.830322265625043,0.9426934123039246
1773519364.1803,2,936,21.0,28.0,0.4487,-0.9526,0.0396,-5.6107,-8.6489,-2.7099,0.9998,0.2405,-0.0017,2.4275,2.8397,-0.4809,68.94429115278307,89.51340670719176,10.659595851156832,3.766685167358695,0.0835417887969436,0.0072128230288182,5.0,10.0,rest,102.0074247008385,3.56301124633745,,9.367950439453168,0.9228689074516296
1773519364.2806,1,944,25.0,30.0,0.436,-0.9595,-0.0002,-13.7786,10.3435,-4.9771,0.9819,0.2629,0.0183,0.6794,2.9542,-1.8855,69.06781243827108,89.51217457450454,17.933469675999678,3.569872861881779,0.3121310225439672,0.0571890329464908,5.0,0.0,rest,121.10095460551983,3.56301124633745,,10.9325561523438,0.9693248271942139
1773519364.3807,3,945,22.0,28.0,0.447,-0.8848,-0.0017,-5.8473,7.916,-2.0611,0.9866,0.2463,-0.0027,2.3435,2.2519,-1.1985,68.99828045799836,89.46225887074853,10.054954326102134,3.464021955761828,0.0534618834767319,0.0441697893210468,-5.0,-10.0,rest,134.58771234183274,0.8713182530067917,,3.6011047363281534,0.9690651893615723
1773519364.4808,1,941,24.0,28.0,0.4639,-0.9343,0.0139,-2.6336,14.2443,0.2901,0.9917,0.261,0.0054,1.7634,2.687,-0.8168,69.54231343980635,89.44137963790848,14.48861930827089,3.31612888772436,0.110730106912274,0.0183845195807486,20.0,-10.0,rest,145.88588784481107,2.9420113434090442,,3.1493225097656463,0.9434604644775391
1773519364.5808,0,939,26.0,26.0,0.4204,-0.9202,0.0598,-2.4046,12.8473,-1.3435,0.9912,0.2427,0.0127,4.0,4.6641,-1.0229,69.90066320410868,89.63410274251277,13.139262182481938,6.228976899941113,0.0301705341694968,0.0270446883727426,5.0,0.0,rest,119.18595230484789,2.7352352917488445,,3.4152832031250213,0.968288004398346
1773519364.6809,5,939,25.0,28.0,0.4758,-0.9211,0.0308,-3.5191,10.9771,-1.6641,0.9863,0.2588,0.0281,2.3206,3.0229,0.4275,70.12452269641888,89.64195883769445,11.64688877039701,3.8348226842971513,0.0315304675556593,0.0851614069355255,-10.0,0.0,rest,122.05905276476138,2.7352352917488445,,4.669311523437525,0.9744102358818054
1773519364.781,2,951,24.0,26.0,0.4319,-0.9077,0.0623,-6.1603,10.0458,-1.626,0.9724,0.248,-0.0012,3.8931,2.9084,0.7176,70.21439561654012,89.6479865654326,11.895850946023156,4.912226372023179,0.0094503759850272,0.0267722250262536,-15.0,-10.0,rest,108.59252465935272,4.628971837191539,,13.141235351562504,0.9777213931083679
1773519364.881,1,946,22.0,26.0,0.4451,-0.9387,0.0203,-4.4351,8.6489,-2.7634,0.9858,0.2405,0.0042,1.8015,3.1221,-0.7939,70.16497092818794,89.68674628333116,10.104947440734168,3.690960291035383,0.0558984218161318,0.1095353529632947,10.0,15.0,rest,101.35484246070021,4.920254779883306,,13.141235351562504,0.9711453914642334
1773519364.9811,232,725,26.0,29.0,0.4417,-0.9167,0.0393,-2.3588,7.7405,-1.7634,0.9941,0.2512,0.0134,1.4198,3.2214,-2.1298,70.03435898395016,89.724696446786,8.281839001695216,4.114522820449535,0.1306033863342492,0.0081594392343753,0.0,20.0,rest,101.35484246070021,5.179515038361334,,11.384887695312536,0.9714573621749878
1773519365.0812,288,670,22.0,30.0,0.4297,-0.9167,0.0332,-2.1603,7.6947,-0.9466,0.9797,0.2578,0.0088,2.3435,3.0,-3.8855,69.88975733316188,89.72918428825149,8.04806534143455,5.439586611131401,0.030675769493812,0.0518094766748178,5.0,-5.0,rest,97.54970132510356,5.128753824745621,,9.444152832031296,0.9764264822006226
1773519365.1812,210,746,27.0,28.0,0.4336,-0.9272,0.0425,-3.9389,8.0687,-2.1603,0.9763,0.2776,0.0122,1.8855,3.916,-1.0,69.78349117183679,89.80062745366213,9.23502836974527,4.459839262798605,0.0528491943977227,0.0169789256675856,15.0,-5.0,rest,97.02458932029033,4.872628516595217,,6.8896484375000355,0.9708071947097778
1773519365.2813,59,903,25.0,29.0,0.4443,-0.9211,0.0422,-1.5725,5.7786,-1.8244,0.9788,0.2742,0.0027,1.8779,3.0,-0.3511,69.46866842158443,89.7856079061566,6.260464005966331,3.5566528675146243,0.0119370382189332,0.017248398308518,-5.0,10.0,rest,97.54047451505006,3.9557506766444077,,7.445861816406278,0.9670448303222656
1773519365.3814,23,922,26.0,30.0,0.4475,-0.9177,0.0469,-2.9771,6.4656,-1.4962,0.9788,0.2556,0.0002,0.9466,2.6183,0.458,69.23224231279114,89.75378565164462,7.273631982029335,2.821579424719425,0.0239235228487799,0.002543522314895,-10.0,0.0,rest,101.3199654690552,3.8225306162108357,,7.214477539062525,0.9704368114471436
1773519365.4814,3,947,23.0,29.0,0.4392,-0.9182,0.043,-2.2137,6.6947,-1.4809,0.9846,0.2542,0.0149,1.0076,3.3588,-0.1756,69.01445075971468,89.7978707724222,7.205035779925038,3.511072565470557,0.0331892763353414,0.0091140501310715,-10.0,-10.0,rest,98.08189739053265,4.50012843657951,,11.894317626953175,0.976702094078064
1773519365.5815,2,952,24.0,28.0,0.4468,-0.926,0.0337,-2.6489,6.4962,-1.626,0.9727,0.2712,0.0012,0.0534,2.7405,0.5267,68.78564379886315,89.75889776479461,7.201469409085899,2.791165473417869,0.0487956321545213,0.0315710544320313,5.0,-5.0,rest,95.86045364658126,4.50012843657951,,10.264953613281289,0.9763848185539246
1773519365.6815,0,947,24.0,28.0,0.4456,-0.926,0.0422,-0.1145,5.6947,-0.0534,0.9775,0.2568,-0.0046,0.7176,2.7252,0.0916,68.48149324710162,89.73635196902165,5.69610128947862,2.819584253041572,0.0850593271293687,0.0183076666229276,10.0,10.0,rest,96.96519453688244,3.983725539516268,,10.787567138671896,0.9735246896743774
1773519365.7816,1,950,26.0,30.0,0.4763,-0.8872,0.0977,4.9771,-16.5878,-1.4733,0.9756,0.2732,0.0259,-0.5649,0.0916,1.0763,66.04797483848603,89.43638821638609,17.38094491504993,1.2189849301775637,0.0775268927730621,0.0057616718340813,-10.0,10.0,rest,99.88204995058629,3.327232642768305,,11.146179199218782,0.9730937480926514
1773519365.8817,2,947,22.0,30.0,0.4988,-0.9158,0.0496,3.2977,3.2061,-2.4198,0.9756,0.2683,-0.0049,-0.6641,-0.8626,3.4962,65.61201609433613,89.05554085118311,5.197050561616656,3.661764876394988,0.1989840912108242,0.0103332700290592,-10.0,-5.0,rest,91.62828048482528,4.6176537953181205,,6.422058105468782,0.9775562882423401
1773519365.9817,0,939,24.0,29.0,0.45,-0.9502,0.0161,-7.3817,2.7863,-4.7176,0.9917,0.2185,-0.0093,-0.3053,-0.8473,5.6718,65.07959975711188,88.74266898443416,9.192862032033332,5.742859968691558,0.2026465594930804,0.0475960979119138,15.0,-15.0,rest,92.32830644843715,3.9251251115170835,,5.642272949218778,0.9730101823806763
1773519366.0818,1,940,25.0,27.0,0.4871,-0.9685,0.031,-5.0611,21.7328,-5.3053,1.0017,0.1985,-0.0188,-0.4504,1.0763,-0.2366,66.44158219918991,88.6481414011172,22.93633661115044,1.190487887380632,0.0030252343369086,0.0905231778825904,-45.0,0.0,rest,97.91696753955037,0.7485395183669443,,11.503723144531275,0.9308455586433411
1773519366.1819,2,939,15.0,29.0,0.5017,-0.9216,0.0576,12.1374,12.7863,-15.5802,0.9695,0.2329,-0.0261,0.4809,4.2977,-4.4427,66.93612961245388,88.82456404994741,23.52761310651805,6.199925272936763,0.0170391511771583,0.0316679819440368,630.0,5.0,rest,96.19569663220778,0.7485395183669443,,15.5132751464844,0.9030426740646362
1773519366.2819,3,939,151.0,28.0,0.5542,-0.9214,0.1128,12.2214,14.2061,-35.1832,0.9812,0.2598,-0.0034,0.3664,3.458,-0.3893,67.60636474887156,88.8903258517825,39.86268251648401,3.499080943619339,0.2663257674437502,0.073514340337642,850.0,-5.0,lift_left,,3.2937486516241847,,11.110565185546886,0.780724048614502
1773519366.382,2,940,185.0,28.0,0.624,-0.8975,0.1558,12.374,12.145,-46.1527,0.9817,0.2463,-0.0012,0.313,2.626,-0.0305,68.13268577957028,88.88817817026617,49.302014343128015,2.6447637418113548,0.5596953626814405,0.0036957145010385,300.0,-5.0,lift_left,93.17780777487953,3.6845923121011284,,20.43911743164066,0.9512105584144592
1773519366.4821,1,939,211.0,27.0,0.6873,-0.6606,0.1748,19.8015,4.084,-81.2824,0.9849,0.2422,-0.0085,0.9695,3.6794,-1.2366,68.07357856616703,88.99451912413319,83.75922043578247,4.000886672976379,0.8572372457876515,0.0035957886948723,250.0,-5.0,lift_left,91.6677031372244,5.447391683726697,,45.495483398437514,0.0
1773519366.5821,0,940,235.0,27.0,0.6738,-0.6262,0.1543,17.2519,23.5267,-109.7405,0.9802,0.2493,0.0015,0.6565,3.5725,-3.8855,69.94280613271611,89.07933245688642,113.55223910936324,5.318915185449002,0.3592757829759785,0.0009336312101926,270.0,20.0,lift_left,176.08399708182972,8.737499249408442,5.094687775722931,7.781341552734418,0.8977425694465637
1773519366.6822,3,942,265.0,31.0,0.8296,-0.5911,0.2148,24.8321,33.4733,-93.4885,0.9829,0.2495,0.0063,0.6947,3.0076,-2.6947,72.88101935562291,89.10754019212843,102.3581683870418,4.097520462426027,0.7772094132539115,0.011533900939632,380.0,0.0,lift_left,,13.349003452894491,,31.51818847656255,0.0
1773519366.7822,2,942,311.0,27.0,0.9622,-0.4045,0.3076,15.8626,16.5344,-86.5496,0.9792,0.2622,-0.0059,0.0534,3.6718,-0.4427,74.2869683617841,89.1853453256897,89.53123322215549,3.69877683700977,0.2580513674005658,0.0036051217315913,235.0,-15.0,lift_left,,13.349003452894491,,31.51818847656255,0.0
1773519366.8823,0,944,312.0,28.0,0.9084,-0.272,0.2825,10.2672,27.1069,-70.2595,0.9849,0.2385,0.0032,0.5725,6.5496,0.687,76.79070302595392,89.57122545792181,76.0039259755705,6.610369536569041,0.6638965205310615,0.0149410975552011,185.0,5.0,lift_left,,,,,0.0
1773519366.9824,1,933,348.0,28.0,0.8789,-0.1611,0.3381,6.6641,25.4198,-40.8931,0.9915,0.2249,0.0056,2.4656,5.2748,-2.3588,79.08443003937248,89.84105399968468,48.608868413695866,6.282247674200692,0.5259819110576497,0.0478387257254164,325.0,5.0,lift_left,,,,,0.0
1773519367.0824,0,939,377.0,29.0,0.8164,-0.074,0.3315,-1.4733,16.771,-18.5954,0.9895,0.2585,0.0217,2.9542,6.5649,-2.6794,80.49450941075649,90.19378951572108,25.084376712408066,7.681431768231753,0.4085970244293679,0.0025166330301484,260.0,0.0,lift_left,,,,,0.0
1773519367.1825,2,942,400.0,28.0,0.8049,-0.0581,0.3347,-7.0153,4.0458,-12.5649,0.9785,0.2778,0.0085,3.6794,6.2672,-0.687,80.62346739350016,90.48696937441989,14.948566611551758,7.299845833988551,0.3976408421862237,0.0600165031935673,185.0,0.0,lift_left,,,,,0.0
1773519367.2826,2,942,414.0,29.0,0.8835,-0.0537,0.3813,-3.6489,5.8092,-8.1756,0.9717,0.2771,0.0317,1.4427,4.0458,1.2061,80.90931165833592,90.55341673839668,10.672474465183788,4.461452469768114,0.7578771169538218,9.238460900617972e-05,210.0,-5.0,lift_left,,,,,0.0
1773519367.3826,1,944,442.0,27.0,0.9346,-0.0745,0.4148,-6.7557,14.6565,-1.0153,0.9854,0.2524,0.0051,0.687,2.6183,0.0687,82.04202363294242,90.51154868229364,16.170445535915203,2.70780050594574,0.1588508324326421,0.0183239207389152,205.0,-5.0,lift_left,,,,,0.0
1773519367.4827,1,939,455.0,28.0,0.9001,-0.0776,0.4182,-3.8397,23.7099,0.687,0.9817,0.2534,0.0383,1.771,3.4427,-0.1145,84.01889554620728,90.54608547140656,24.02862091548327,3.873207267885363,0.0196404430926711,0.0388553244765377,275.0,0.0,lift_left,,,,,0.0
1773519367.5828,2,944,497.0,27.0,0.9358,-0.0515,0.4058,-1.4351,18.0076,-6.4656,0.978,0.2493,0.019,2.3359,3.0992,-2.3053,85.43104250110942,90.55207805792718,19.186900560799288,4.513964725161241,0.0005437314860773,0.0797236903681508,265.0,-15.0,lift_left,,,,,0.0
1773519367.6828,2,939,508.0,25.0,0.9185,-0.0503,0.3804,-7.1679,-4.8626,-11.3588,0.9966,0.2612,0.0242,-0.8321,1.0916,-0.626,84.59242392746502,90.35308235515843,14.284467319784802,1.508594368940836,0.1633744934767467,0.0042899620879377,140.0,-5.0,lift_left,,,,,0.0
1773519367.7829,0,942,525.0,26.0,0.925,-0.0737,0.4998,-3.1069,13.2901,-4.7405,0.9541,0.3264,0.0205,3.9924,8.2672,1.3511,85.43016687514239,90.77779603290962,14.44824992412576,9.279618785812271,0.0705795566449868,0.1133608556599963,245.0,0.0,lift_left,,,,,0.0
1773519367.8829,1,944,557.0,25.0,0.9084,-0.0413,0.4385,-5.7939,11.8168,6.1679,0.9802,0.2329,0.0278,-2.2519,3.2824,-0.8779,86.16227845416901,90.81476868744484,14.534408479879737,4.07626198618293,0.1303620899915947,0.0531403403518759,250.0,5.0,lift_left,,,,,0.0
1773519367.983,2,939,575.0,27.0,0.9321,-0.0559,0.4297,-4.7099,5.2061,1.0305,0.9883,0.2466,0.0356,4.5802,4.1603,-0.4809,86.25056899919358,90.92318757068254,7.095672305708601,6.2062543405825705,0.4000411101511647,0.0576803256616431,95.0,5.0,lift_left,,,,,0.0
1773519368.0831,1,946,576.0,26.0,0.9753,-0.0566,0.4824,-0.7252,-0.771,-3.6031,0.9817,0.2737,0.0234,0.7939,2.6718,-1.2061,85.720524404457,90.8539074592078,3.755354264247249,3.037016572230056,0.5474699471121214,0.0434916314613487,60.0,0.0,lift_left,,,,,0.0
1773519368.1831,1,939,587.0,27.0,1.0171,-0.0725,0.5039,0.8397,11.0,-5.0534,0.979,0.2488,0.0286,1.5038,2.458,-0.145,86.35232731704448,90.79073045372373,12.134329303673937,2.885169568673564,0.6859423015563476,0.0260039175972393,170.0,-5.0,lift_left,,,,,0.0
1773519368.2832,2,944,610.0,25.0,0.8708,-0.0505,0.3823,-1.2748,5.1069,-8.1832,0.9805,0.2593,-0.001,1.458,2.7863,-0.7176,86.44804789792252,90.75170817516177,9.729866642971013,3.225551340468789,1.0681467783811598,0.0098283927236075,215.0,5.0,lift_left,,,,,0.0
1773519368.3832,0,942,630.0,28.0,0.8447,-0.0459,0.3711,-8.3817,11.9389,8.1908,0.9712,0.2703,0.03,0.771,3.2824,-2.0611,87.21154336178861,90.74547832880214,16.729597506814084,3.951800092362973,0.1481679833768412,0.0025932773863579,150.0,10.0,lift_left,,,,,0.0
1773519368.4833,3,942,640.0,27.0,0.8904,-0.0332,0.4128,-7.0916,7.8397,12.8473,0.9814,0.2532,0.0176,0.4046,0.0076,-0.8321,87.53673198248192,90.44130956099544,16.637451846361568,0.9252833782144796,0.4434206605036733,0.0267437981315143,25.0,-10.0,lift_left,,,,,0.0
1773519368.5834,0,943,635.0,26.0,0.9094,-0.0759,0.4385,-11.2061,7.1298,13.771,0.9785,0.2651,0.0164,1.1145,2.1832,0.7023,87.76321595851692,90.34270502114256,19.132463674341576,2.5498426971089803,0.2782079773880763,0.0345218216726506,70.0,5.0,lift_left,,,,,0.0
1773519368.6834,0,944,654.0,28.0,0.8411,-0.0925,0.377,-13.5725,-11.4733,11.7252,0.9729,0.2585,0.0161,1.2061,1.9466,-0.542,86.18808566671811,90.22847229578092,21.29154020215541,2.35323028409886,0.3095437915583909,0.0015324273279304,220.0,5.0,lift_left,,,,,0.0
1773519368.7835,0,944,679.0,27.0,0.9587,-0.1963,0.4434,-6.916,15.145,5.9084,0.9729,0.2834,0.0422,1.4962,2.5038,0.4427,87.21192911379697,90.14107510819744,17.666671207672373,2.950188497367584,0.2154500447330459,0.0267486881275691,70.0,-10.0,lift_left,,,,,0.0
1773519368.8835,0,944,668.0,26.0,0.8523,-0.2117,0.4106,-7.2443,25.7328,8.4046,0.979,0.2534,0.042,0.1679,2.229,0.0382,89.22033466772967,90.06267234697134,28.02310081861035,2.2356409930934795,0.5290486837744607,0.0193068653707184,70.0,5.0,lift_left,,,,,0.0
1773519368.9836,1,944,693.0,28.0,0.8396,-0.2139,0.4329,-12.4809,17.1756,21.6183,0.98,0.2434,0.0342,0.2061,0.7786,1.3206,90.32106447345636,89.8561265205585,30.30057747073478,1.54682886254427,0.5241016221114059,0.0444801720252208,175.0,0.0,lift_left,,,,,0.0
1773519369.0837,1,952,703.0,26.0,0.9238,-0.3347,0.4343,-24.0382,-17.5115,46.1374,0.9692,0.2585,0.0178,1.2901,1.2901,-0.2901,87.9847044743791,89.6860783785965,54.89214306483215,1.8473965546140871,0.0139583365534123,0.0029843622332736,65.0,-10.0,lift_left,,,,,0.0
1773519369.1837,0,948,706.0,26.0,0.7964,-0.4617,0.292,-40.7405,3.3817,85.6641,0.9807,0.2454,0.0051,1.2519,0.0,-1.3664,87.6674557429109,89.4113262477765,94.91871398175388,1.853187138418568,0.5412540260656473,0.0537042328982528,25.0,5.0,lift_left,,,,,0.0
1773519369.2838,0,951,708.0,27.0,0.8723,-0.3245,0.2588,-32.9313,-37.4275,42.4962,0.9746,0.2798,0.0046,2.2137,6.5954,-2.7634,83.53728474283535,89.7490407233534,65.50736821442302,7.4857296511429,0.8121652805990082,0.0492475628487432,205.0,0.0,lift_left,,,,,0.0
1773519369.3838,0,949,747.0,26.0,0.8555,-0.6506,0.343,-20.2214,22.5649,49.9313,0.9824,0.272,0.0542,-0.1679,1.7939,1.7863,85.06418192158864,89.61455737338802,58.40560289612633,2.53715102230829,0.3430041851685839,0.0259208021960177,135.0,5.0,lift_left,,,,,0.0
1773519369.4839,2,952,735.0,28.0,0.7375,-0.6648,0.2908,-20.4275,-22.855,56.0305,0.9893,0.2449,-0.002,-0.1603,-0.3359,2.8092,82.03241287795022,89.3112594355284,63.86744641442932,2.8337483198054128,1.2928266594298392,0.0044699546096005,-80.0,0.0,lift_left,96.86328885315879,12.817480211890205,-12.158608926071494,31.630889892578153,0.8680624961853027
1773519369.584,2,952,731.0,26.0,0.5286,-0.6643,0.1885,-13.7557,-1.1374,61.229,0.9976,0.2205,-0.0056,2.084,3.5725,2.4046,81.02898265926035,89.42578693392466,62.76546345124841,4.784131416464226,0.3292039281413061,0.0465470276702872,75.0,10.0,lift_left,110.8734464521551,8.177999245744735,-16.827243297744175,22.169433593750014,0.9163433313369751
1773519369.684,1,946,750.0,30.0,0.5945,-0.7334,0.2173,-20.3282,0.5954,53.9466,0.9797,0.2439,0.0225,2.7176,5.313,-0.0687,80.22384681431575,89.67720863020638,57.65263105843479,5.968084990179011,1.2124430928249856,0.008665990287574,-30.0,15.0,lift_left,117.31946433776093,6.962621379568577,,20.77319335937503,0.8982911109924316
1773519369.7841,3,950,725.0,29.0,0.6174,-0.8943,0.2363,-18.5344,-10.1908,30.8702,0.9875,0.2478,0.0613,1.6794,2.3511,-1.374,78.29510612416608,89.6241977138121,37.42119233856666,3.199364244658617,0.3246580219619532,0.0037292419459522,55.0,-15.0,lift_left,,,,,0.0
1773519369.8841,1,951,761.0,27.0,0.5432,-0.8689,0.136,-21.7252,-19.7023,29.2519,0.9731,0.2649,0.0347,2.3664,2.3664,-2.2748,75.43240004406785,89.55657708970597,41.42268211909992,4.046530978504922,0.6082873828534552,0.0201390785055866,150.0,0.0,lower_left,,,,,0.0
1773519369.9842,2,937,755.0,29.0,0.5044,-0.8521,0.0225,-15.0076,-28.0534,6.8702,0.9817,0.2615,0.0012,4.4962,3.2214,0.771,71.7868114364436,89.58282383003645,32.54874740078334,5.584592500800752,0.5255460369872511,0.0204888093970889,-3570.0,0.0,lower_left,103.20115208367885,5.414786851044123,,28.59451293945316,0.0
1773519370.0843,0,951,47.0,27.0,0.6042,-0.9648,0.0317,-7.9084,-15.0534,-0.5344,0.9724,0.2539,0.0044,1.8092,2.3893,0.9389,69.51669595718997,89.53260498001303,17.012737154261803,3.140619738204548,0.1098416796491108,0.0739262457344647,-3655.0,-10.0,rest,98.57566162190314,4.087257162712099,,19.006744384765668,0.9567157626152039
1773519370.1843,2,951,24.0,27.0,0.4333,-0.915,-0.0051,6.3969,-20.0305,10.3053,0.9973,0.2576,0.0376,1.6107,2.5267,0.2137,66.67016584549725,89.49697512392798,23.41667072728316,3.004036462827973,0.7364134835737379,0.0620194041867583,-120.0,15.0,rest,,1.4585605258805294,,10.49142456054689,0.7877689599990845
1773519370.2844,0,935,23.0,30.0,0.4656,-0.8735,0.0579,-6.6565,14.8473,3.0153,0.9885,0.24,0.02,0.9542,1.5038,1.5038,67.3519332413968,89.3805595034514,16.54821270198084,2.3309497034470734,0.1215882401546575,0.0988991824288632,5.0,-5.0,rest,,2.503593716226717,,12.413391113281254,0.8459145426750183
1773519370.3845,1,951,25.0,26.0,0.4658,-0.9253,0.041,-5.3053,6.2137,-1.7405,0.9812,0.2424,-0.022,1.9084,2.8397,-0.0305,67.14780355610603,89.3926074909017,8.353778548058358,3.42152259966232,0.5598565741150208,0.0506852167812843,5.0,-10.0,rest,98.59473872867974,3.036603230184121,,12.170043945312514,0.9135915637016296
1773519370.4845,0,950,24.0,28.0,0.5083,-0.9778,0.0571,-8.4427,-2.8321,-0.916,0.9724,0.2627,-0.0059,1.0382,2.1832,-0.0534,66.07584853498466,89.31627773752403,8.952040532750061,2.418072174274374,0.0112354077892384,0.0858068322883309,0.0,0.0,rest,98.53318550608924,3.536422959359422,,12.7251586914063,0.9382688999176025
1773519370.5846,0,951,25.0,26.0,0.4087,-0.9551,-0.0156,-12.5344,12.5115,-3.1908,0.9983,0.2456,0.0081,0.9847,2.458,2.1298,66.44373782026965,89.29426516563997,17.995277720835542,3.398153341154575,0.5008219713868878,0.0200764631190775,25.0,-10.0,rest,97.72995346214587,3.2400722454113406,,15.7866821289063,0.9393946528434753
1773519370.6846,378,595,29.0,26.0,0.4902,-0.8752,-0.0205,2.1221,-6.1145,-1.4275,0.9854,0.2271,0.0112,2.9084,4.3282,-0.7176,65.10057232274032,89.47267761370357,6.627833349594722,5.263749192353298,0.0912772062292899,0.0422932672312703,30.0,-5.0,rest,99.82910765953238,3.4317011957195485,,7.793090820312525,0.9571983814239502
1773519370.7847,424,550,31.0,25.0,0.4697,-0.9062,0.0088,-6.5191,11.9847,1.8244,0.9929,0.2288,0.0383,3.6183,2.0153,-3.8702,65.52101003523109,89.41770723694164,13.764451832891858,5.668507477281828,0.1661113988098261,0.0193674042658265,10.0,5.0,rest,100.77214401592111,2.871251421334968,,7.73220825195315,0.9680420160293579
1773519370.8848,446,531,31.0,27.0,0.4341,-0.9407,-0.0332,-5.5802,4.6412,-0.7023,0.9829,0.2539,0.0022,5.1221,-0.2595,-4.0458,65.16058942985524,89.11423430877527,7.291954111896207,6.532361464279208,0.0636036953773744,0.0726184068108493,-15.0,15.0,rest,103.2056291414706,3.5536208034352077,,7.701568603515643,0.9733901023864746
1773519370.9848,455,522,28.0,28.0,0.4358,-0.9358,-0.0488,-4.4885,9.0,-1.1832,0.9717,0.2544,-0.0366,2.9313,1.3588,-3.1603,65.23820826171016,88.96879778578399,10.12652924204537,4.519552325175581,0.0650145777024224,0.0336069274068739,-5.0,5.0,rest,97.05921908395806,3.640490646235078,,3.7987365722656286,0.9220107793807983
1773519371.0849,469,523,30.0,28.0,0.4255,-0.9299,-0.0437,0.2519,9.2672,-1.3435,0.9739,0.2607,-0.0227,1.1069,5.7176,-3.8397,65.33290562697813,89.24894461680819,9.367467197700774,6.975634269369345,0.003538669332822,0.0337325102404595,5.0,10.0,rest,94.12997354301913,4.096596667338847,,-0.05316162109373579,0.9238131046295166
1773519371.1849,457,522,29.0,30.0,0.4578,-0.9272,0.0144,1.2443,6.4809,-1.771,0.9602,0.2732,-0.011,0.0153,5.7786,-3.9466,65.18687302835575,89.51237759301694,6.832773104677192,6.997721315542653,0.0157777290371452,0.0223208569280841,0.0,10.0,rest,96.0777463876971,3.7337374218375774,,-8.72479248046874,0.9100745916366577
1773519371.285,444,539,30.0,30.0,0.4434,-0.9189,0.0156,-1.3817,8.0458,-1.3435,0.9683,0.2949,0.0376,1.7328,4.1756,-0.8092,65.18673663581242,89.58998829537342,8.27339016244248,4.592715519167283,0.0066756863710415,0.0611235039636648,-20.0,0.0,rest,96.92265471412483,4.121184480532215,,-8.548370361328104,0.8761522173881531
1773519371.3851,447,535,25.0,30.0,0.4666,-0.9214,0.0059,-2.2137,2.2977,-1.4046,0.9744,0.2676,0.0154,1.8244,1.7023,-0.0458,64.64532312298415,89.45739842422053,3.4860857906827247,2.4956679045898715,0.0053789173547402,0.0026504823939021,-25.0,-5.0,rest,96.91545923863883,4.726301685524923,,-9.048278808593722,0.8722985982894897
1773519371.4851,459,540,25.0,29.0,0.4482,-0.9153,-0.0193,-4.5191,8.0382,-0.5649,0.9761,0.2725,-0.0056,1.6641,1.8931,-1.3969,64.66185687447847,89.34174646455521,9.238724807028294,2.8817331642607025,0.0163777904947737,0.0070322385798171,-10.0,-5.0,rest,93.32633741323475,5.575496419879788,,-7.044097900390618,0.933088481426239
1773519371.5852,453,533,23.0,29.0,0.4355,-0.9329,0.0032,-2.2824,7.0763,-2.2824,0.9714,0.2734,-0.0098,1.7023,3.7557,-0.9466,64.5625803521002,89.40839366999268,7.777706680635366,4.2307398100095925,0.0543209271871225,0.0153198843478519,-15.0,0.0,rest,92.72184429541281,5.988622765328796,,-5.816986083984332,0.9185550212860107
1773519371.6852,450,528,22.0,29.0,0.4463,-0.9285,0.0005,-3.4504,7.1908,-0.0153,0.9702,0.2815,0.0181,1.4351,1.9542,-0.3893,64.4894689282487,89.28750634728087,7.975782023726577,2.455598529890421,0.0572221316512144,0.0299496327977843,5.0,0.0,rest,92.5045946878955,6.23585793130223,,-3.8710327148437074,0.914920449256897
1773519371.7853,453,524,24.0,29.0,0.4509,-0.9128,0.0049,-2.9237,6.7328,-1.2519,0.9751,0.282,0.0156,1.2137,2.0611,0.2901,64.38525142039472,89.18067793902358,7.446198435443418,2.4094312420154265,0.0401463862036677,0.0151791798110978,10.0,5.0,rest,92.0954609127077,6.303265592679369,,-3.638702392578086,0.905361533164978
1773519371.8854,458,525,24.0,30.0,0.4399,-0.9226,-0.0107,-3.229,7.3969,-1.7023,0.97,0.2717,-0.0034,0.9237,2.8473,0.6718,64.33225315082836,89.16312200472238,8.248539016092487,3.0678419483408854,0.0402236153549095,0.0083059767261806,0.0,-5.0,rest,92.62734164045214,5.772724657698477,,-10.705474853515575,0.9141838550567627
1773519371.9854,448,532,24.0,28.0,0.457,-0.9187,0.0112,-2.458,6.6412,-1.6183,0.9749,0.2771,0.0017,1.3969,3.313,0.4427,64.2253653918527,89.18718855166748,7.264034438932679,3.6226070584594185,0.0560327859909148,0.0206924147153997,0.0,-5.0,rest,94.8559657072013,5.196987730360586,,-9.871337890624972,0.8945838212966919
1773519372.0855,443,531,24.0,29.0,0.4429,-0.9087,0.0117,-3.2824,7.7863,-1.4275,0.9722,0.2791,0.0042,1.3511,3.0382,0.5115,64.22356977262571,89.18079879738485,8.569619227246914,3.3641882676211803,0.0012068208132665,0.0074469085746387,10.0,15.0,rest,96.1310820272116,4.617633222867924,,-9.871337890624972,0.887631893157959
1773519372.1855,441,525,26.0,31.0,0.4683,-0.9133,-0.0076,-3.0,7.229,-1.313,0.9785,0.2583,0.0044,0.7405,2.3511,0.1069,64.19045931429424,89.13180231898461,7.936145789991512,2.467273610688527,0.0620643453878788,0.0287716462709497,-10.0,0.0,rest,95.86036874947558,4.677028603638493,,-10.1026000976562,0.9096603989601135
1773519372.2856,457,535,22.0,29.0,0.4431,-0.9224,0.0112,-4.6489,5.8244,-1.9542,0.9714,0.2605,0.0012,1.3282,2.4198,-1.7481,63.99057979652695,89.0860679386606,7.704206916354208,3.2673231995013903,0.0044922848634876,0.0128587706030214,-15.0,-5.0,rest,96.99856915145408,4.827503836752298,,-13.184997558593743,0.8722575306892395
1773519372.3857,441,539,23.0,30.0,0.4456,-0.9236,-0.0063,-5.1069,5.4351,-2.7405,0.9678,0.2869,0.0073,2.5115,3.2366,-1.6183,63.758506514326925,89.09118787103775,7.945506898241295,4.404782253415031,0.0269281935973375,0.0214180664939955,-10.0,0.0,rest,97.38254009854302,4.984166618571672,,-12.344085693359368,0.8751022219657898
1773519372.4857,451,545,20.0,29.0,0.4509,-0.9124,-0.0225,-3.7099,6.3053,-2.1221,0.9692,0.2839,0.0129,1.0763,3.2519,0.5878,63.62708093954361,89.10120199997135,7.617314127039792,3.4754545227926665,0.0474527605183427,0.0278761654450399,0.0,-10.0,rest,97.21018455650577,4.764365888941105,,-13.079498291015614,0.8752066493034363
1773519372.5858,435,531,23.0,28.0,0.4531,-0.9092,-0.0178,-2.458,6.8779,-1.1832,0.9771,0.2744,0.0164,0.5802,2.6794,0.6183,63.55827347321053,89.06749916141742,7.399137426078799,2.810357857996024,0.0218718014443275,0.016493551773008,0.0,15.0,rest,97.0876449915854,4.3391366854243145,,-3.9634094238281037,0.8816101551055908
1773519372.6859,427,565,20.0,32.0,0.4409,-0.9224,-0.0012,-2.5191,7.4198,-1.1527,0.9724,0.2605,0.0063,0.9542,2.3282,-0.2366,63.525196737364105,89.01428817749478,7.92010190212222,2.52724997576417,0.0235695752680231,0.0182989267020694,0.0,10.0,rest,95.03825644242714,3.959113776760824,,-3.1034851074218572,0.8970276713371277
1773519372.7859,427,550,23.0,30.0,0.446,-0.918,-0.0149,-3.374,5.9847,-1.9389,0.9736,0.2734,0.0151,1.2977,3.0076,-0.6718,63.35937966607189,89.01458354055848,7.138616343522042,3.343799977570429,0.0341284047604195,0.0368197804385783,15.0,-15.0,rest,94.63774054929583,4.086361824368775,,-3.0603332519530824,0.8907027244567871
1773519372.886,425,551,23.0,29.0,0.4539,-0.9084,-0.0095,-3.8473,6.229,-2.1069,0.9758,0.2756,0.0142,1.2672,3.1298,-0.5649,63.23360725075809,89.02518405526101,7.618476612814402,3.4235297413634367,0.0111000505782288,0.0099283909329783,-15.0,0.0,rest,95.64451619386281,3.422945996255041,,-2.113098144531236,0.8913145065307617
1773519372.986,425,553,20.0,30.0,0.4478,-0.9197,-0.0051,-3.1985,5.9542,-1.6107,0.9753,0.2751,0.0017,1.3664,2.771,-0.1527,63.071666842619535,89.00119244041618,6.948183530966925,3.0933488729853926,0.007877906206517,0.0123453319991528,5.0,5.0,rest,95.10717798654115,4.590627480310048,,-3.1215820312499787,0.8929972648620605
1773519373.0861,427,551,24.0,30.0,0.4539,-0.9102,-0.0044,-2.6718,6.5267,-1.4885,0.9788,0.2744,-0.0034,1.1221,3.0,-0.2137,62.97993653258979,89.00193606324659,7.207770832927474,3.210105309799041,0.0154045055152352,0.0214211085065796,30.0,15.0,rest,93.32893723844263,4.88403743008617,,-1.270294189453125,0.8910477757453918
1773519373.1862,426,552,26.0,33.0,0.4475,-0.9163,-0.0156,-3.1374,6.5496,-1.5344,0.9717,0.272,0.0066,1.1374,2.8626,-0.1527,62.88272966824552,88.98958277109993,7.422595387059704,3.0840678997064903,0.0279204576265856,0.002070037250218,-20.0,5.0,rest,95.25617041945587,3.4846560783873732,,-1.270294189453125,0.8711593747138977
1773519373.2862,436,554,20.0,31.0,0.4548,-0.916,0.0,-3.229,6.6641,-1.542,0.9785,0.2739,0.0056,1.5267,2.8779,-0.458,62.80625086648666,88.97900510173248,7.56402233008338,3.289815389957315,0.0359557363326157,0.0129439540719078,-30.0,-5.0,rest,95.39128462364582,3.4846560783873732,,-1.5368652343749645,0.8680509328842163
1773519373.3863,438,551,20.0,32.0,0.4377,-0.9131,-0.0125,-3.2366,6.4427,-1.6794,0.9741,0.2729,0.0107,1.3206,2.8473,-0.4275,62.69368882309857,88.96522096081371,7.402995826690706,3.167626540487373,0.0134479779299279,0.0278218375612437,5.0,-5.0,rest,95.39370088439196,4.488295544119526,,-2.1123046874999574,0.8768497109413147
1773519373.4863,423,551,21.0,30.0,0.4519,-0.9204,-0.0076,-3.4427,6.5038,-1.5649,0.9741,0.269,0.0024,0.9924,2.8092,0.2519,62.60017630615581,88.95245412667194,7.523331026878985,2.989969232283169,0.0708001682608794,0.0154290987874217,0.0,-15.0,rest,96.23807070272692,4.575892256423768,,-9.728759765624968,0.8679435849189758
1773519373.5864,416,561,20.0,29.0,0.467,-0.9143,-0.0183,-3.0076,6.7405,-1.855,0.9719,0.2695,0.0024,1.5038,2.9084,-0.4198,62.54978343301249,88.94845127772557,7.610586246144249,3.3009751650080617,0.0387284718999614,0.019339613661915,0.0,-5.0,rest,93.577208432143,4.575892256423768,,-3.336700439453111,0.8695377707481384
1773519373.6865,417,568,21.0,29.0,0.4551,-0.9102,-0.0017,-3.3053,6.5496,-1.6489,0.9766,0.2742,0.0117,1.1374,2.8168,-0.3969,62.47194878841709,88.93159430948337,7.519384247396857,3.063587865558943,0.0351141096078844,0.0307484287864978,-5.0,15.0,rest,94.81995901261533,3.9982921797589914,,-3.3486938476562145,0.8803828358650208
1773519373.7865,419,562,19.0,32.0,0.4536,-0.9133,-0.0112,-3.0763,7.0916,-1.542,0.9778,0.2712,0.0051,0.8473,2.2901,-0.3817,62.44568776170307,88.8673051551283,7.882396605728489,2.471471260201097,0.0400935623046827,0.0122371563835954,5.0,-10.0,rest,94.9126800920915,3.9316033450108803,,-3.8637084960937074,0.8669708371162415
1773519373.8866,395,587,22.0,27.0,0.4495,-0.9219,-0.0042,-4.2824,6.8092,-1.6183,0.9753,0.27,0.0007,1.0305,2.8626,-1.9084,62.38392965931107,88.86101075833658,8.205062418409746,3.5914341940233294,0.0266072641226577,0.0311744186290896,5.0,-15.0,rest,96.81445107434548,4.658245896327288,,-7.834716796874979,0.8803212642669678
1773519373.9866,412,569,20.0,29.0,0.4458,-0.9231,0.0051,-5.7328,4.9313,-2.5038,0.9717,0.2698,0.0078,0.6641,2.5344,0.2366,62.135064792555575,88.82168383683684,7.965659418403476,2.630625729745682,0.031653729899117,0.0901694038900446,0.0,10.0,rest,96.08254185452044,2.849048128975447,,0.4939575195312962,0.8651213645935059
1773519374.0867,396,582,22.0,29.0,0.4651,-0.9065,-0.031,-6.2443,6.2443,-1.4351,0.9919,0.2776,-0.0029,1.6947,1.8473,0.1679,62.0472549750563,88.71356581730173,8.946623776039763,2.51251184872828,0.0034706033623621,0.0513258659439652,-10.0,5.0,rest,97.26212061544844,2.6666004679191695,,1.1661987304687926,0.8863219022750854
1773519374.1868,396,584,18.0,30.0,0.4482,-0.9221,-0.0339,-6.7786,7.3359,-2.0611,0.9795,0.28,-0.0066,1.3511,2.7863,-0.7481,62.04337862064612,88.69320536056263,10.198675403208007,3.185685563579683,0.0508712543462275,0.100710100209993,5.0,15.0,rest,98.48441562193223,2.719328275910937,,0.13888549804688566,0.8673412799835205
1773519374.2868,381,575,23.0,32.0,0.4624,-0.9187,-0.0452,-6.0,7.3664,-2.0382,0.9766,0.2571,-0.0005,2.3359,5.3588,-3.855,62.05820260153009,88.94952212819136,9.716898075003154,7.002441806255871,0.0027724544307561,0.0978377322307921,10.0,5.0,rest,94.19221926817005,2.533664566276921,,2.6740112304687536,0.8849735856056213
1773519374.3869,401,578,20.0,31.0,0.4565,-0.9187,-0.0322,-7.8473,7.6794,-3.3664,1.0032,0.2666,-0.0251,0.2595,6.9466,-6.6031,62.09779308180919,89.35239400105637,11.484160857894668,9.587675496177372,0.0111090618369202,0.1624939856842744,-20.0,-5.0,rest,94.31633208522726,2.533664566276921,,5.190826416015675,0.8810580968856812
1773519374.487,393,579,19.0,31.0,0.4614,-0.9224,-0.0271,-12.5725,6.1298,-3.0534,1.0103,0.2551,0.0276,-12.0305,6.3053,-13.8702,61.98785963143658,89.69825997574634,14.31661467840774,19.41319619176605,0.0081375219811175,0.1544760631247399,-5.0,5.0,rest,94.27231535336142,4.430855335477643,,-5.287536621093718,0.8839867115020752
1773519374.587,360,595,19.0,32.0,0.4553,-0.9165,-0.0532,-7.5038,1.1298,-3.1298,0.9431,0.3525,0.0349,-4.8779,6.1603,-13.2137,61.386401776845936,89.8962858248812,8.208477966103095,15.373518536431405,0.0070818782202364,0.0249522817372271,-5.0,10.0,rest,93.58407173676358,4.297099743407474,,-5.003723144531218,0.8959615230560303
1773519374.6871,248,632,18.0,33.0,0.4539,-0.9224,-0.0684,-7.6107,0.2672,-3.2748,0.9819,0.3586,0.0652,-10.4351,7.8244,-9.084,60.70763859585535,90.25785504705276,8.289660148039845,15.894389053058944,0.0370447896843439,0.1729604100834958,0.0,15.0,rest,94.4887383721217,3.3469688501789334,,-4.109680175781225,0.8719466328620911
1773519374.7872,285,454,19.0,35.0,0.4187,-0.9211,-0.106,-5.4351,0.3511,-3.9542,0.9546,0.4146,0.0515,-2.458,11.145,-7.8015,60.01395784075133,90.8721704538738,6.730474044226009,13.824477973869394,0.0557908722748845,0.0293555369160225,10.0,-75.0,rest,99.17354450065484,3.3402093317805432,,-12.773559570312472,0.8738712072372437
1773519374.8872,1,1,20.0,18.0,0.5093,-0.8713,-0.1418,-4.0,5.9237,-0.8779,0.9893,0.3416,0.1179,-1.8321,10.5725,-0.5344,59.993847236854606,91.48950502079488,7.201453332487825,10.74336679165335,0.0304418798661565,0.2479731305511906,10.0,155.0,rest,99.30345794336372,3.3402093317805432,,-12.773559570312472,0.88039231300354
1773519374.9873,1,2,21.0,66.0,0.4512,-0.8965,-0.1238,-1.3511,13.2824,0.2443,0.9075,0.3594,0.1794,7.9695,34.1985,10.4885,60.62562508174861,94.333654898343,13.353175781813103,36.64776889184388,0.0704963433189231,0.4764108083837792,-5.0,710.0,rest,98.3753118045028,3.0760354566314576,,-16.72280883789062,0.8282290101051331
1773519375.0873,0,0,19.0,160.0,0.4678,-0.9207,-0.0327,0.1832,9.1374,0.2443,0.8762,0.271,0.2766,-5.4504,85.855,10.0611,60.84698103373619,102.18391626895357,9.14250094284928,86.61416522930877,0.1059821415483841,0.1085327854949114,0.0,585.0,lift_right,97.84724568398468,1.360632127066695,,-19.382537841796843,0.8740984201431274
1773519375.1874,0,1,21.0,183.0,0.4924,-0.9067,-0.0371,-2.9008,-9.458,2.0305,0.8206,0.2925,0.4282,-39.3282,102.0458,4.9847,59.27285515878988,111.29492093793446,10.099075942382056,109.47556735166984,0.1489825162141511,0.2112488069915619,0.0,135.0,lift_right,97.20321819296522,0.4174369403272081,,-13.674530029296825,0.931032657623291
1773519375.2875,1,1,19.0,187.0,0.4536,-0.9614,-0.0037,-6.6489,8.2061,4.2748,0.822,0.3079,0.4795,-19.5191,114.0992,-0.084,59.39676254090506,121.3561180908826,11.393939769017562,115.75676982988944,0.0456943303338608,0.0060060802730455,5.0,120.0,lift_right,93.53650790027406,1.7091551165936745,,-0.7018127441406108,0.9380895495414734
1773519375.3875,3,2,22.0,207.0,0.386,-0.9631,-0.0913,-12.3435,6.2595,-4.4962,0.6616,0.3101,0.6409,6.4962,113.7023,3.8626,59.25729856421157,130.929810603206,14.551946500039094,113.9532067056035,0.2228793863228317,0.3201653239365132,10.0,235.0,lift_right,93.09973639502792,1.7091551165936745,,-0.7018127441406108,0.9429290294647217
1773519375.4876,1,1,21.0,234.0,0.4829,-0.8911,-0.1001,2.1374,4.1298,-1.3435,0.8015,0.1216,0.6895,4.9542,66.0153,-4.8931,59.04294659383176,135.75794494984882,4.840322205184279,66.38152121893562,0.4258747582667566,0.522128162006365,-10.0,-435.0,lift_right,88.77513447674028,4.633313161520397,,0.6492309570312749,0.9410964250564575
1773519375.5876,3,2,20.0,120.0,0.5979,-0.71,-0.2305,3.8626,20.8779,10.7481,0.7703,0.2661,0.7031,16.5191,30.9542,-2.9389,60.68198898614568,136.99024723068945,23.79764779930992,35.20909393409606,0.1290591295889853,0.5469119525913946,-5.0,-605.0,lift_right,85.42555088895872,5.174682160463386,,-2.1994018554687322,0.9279676675796509
1773519375.6877,0,0,20.0,113.0,0.3882,-0.9685,-0.0427,-7.1527,-0.9466,-4.1603,0.4985,0.2842,0.7632,15.5496,-43.0229,3.6183,59.81204224432166,130.66362132894633,8.328581208105016,45.88956394933384,0.5545016663740843,0.6636202191492896,0.0,355.0,lift_right,98.81768936304466,3.363669056908954,-16.313279719472256,-3.585693359374993,0.9778733253479004
1773519375.7878,2,0,20.0,191.0,0.4468,-0.9692,-0.0129,-8.3435,9.5496,-11.1908,0.345,0.3699,0.7966,-0.7481,-26.8626,1.374,60.0466164752776,125.84671971845344,16.912801573068844,26.908117889774456,0.1584375811052929,0.9163358054625136,10.0,635.0,lift_right,100.82895029834629,3.7059984881569648,-16.6165813592458,-18.10742187499997,0.932614266872406
1773519375.8878,1,0,22.0,240.0,0.4556,-0.9019,-0.0659,-4.7099,9.4962,-6.626,0.6521,0.2983,0.8838,-8.9695,-16.6107,-4.2214,60.31110262805526,122.40107720621496,12.500593923890175,19.343926765266666,0.3551471094557079,0.25255485494312,15.0,440.0,lift_right,100.82895029834629,5.091613538432504,-3.0774906431023883,-18.10742187499997,0.9821589589118958
1773519375.9879,1,0,23.0,279.0,0.417,-0.8992,-0.1006,-4.8855,11.0687,-2.2519,0.5886,0.2195,0.7705,3.1908,-17.3817,0.1832,60.68448460405304,118.975735095549,12.306717009422131,17.673094289625684,0.0243806890897446,0.7602794411646474,0.0,210.0,lift_right,120.44419756717002,1.6790126419996882,-18.294383582124393,-15.809387207031236,0.9496106505393982
1773519376.0879,1,0,22.0,282.0,0.5144,-0.8723,-0.0986,1.7023,10.6718,-1.2214,0.6113,0.2942,0.7156,-0.5802,-6.1527,-2.916,61.12401503635503,116.75948893730326,10.875521067516718,6.833403641670818,0.1913908228432614,0.0918615702536923,-10.0,175.0,lift_right,113.93280293177615,0.5152514823848247,-18.294383582124393,-6.697174072265604,0.9626083374023438
1773519376.188,0,2,21.0,314.0,0.5078,-0.9001,-0.0476,-2.542,6.4809,0.5573,0.6272,0.28,0.7439,5.0687,-2.8397,-1.4962,61.12457706791487,114.91153334067202,6.983867989874951,5.999519165733201,0.0147842736788617,0.1163578023180067,-5.0,55.0,lift_right,106.63628853439212,2.6444561768916297,,7.594207763671896,0.9731281399726868
1773519376.2881,3,2,21.0,293.0,0.4727,-0.9041,-0.0205,-5.7481,11.6718,-0.1832,0.625,0.2925,0.7366,2.0687,-1.1527,-4.1832,61.59784873530044,113.26551978355114,13.011730518651236,4.807015625104624,0.0301278388904502,0.0658442422272409,5.0,0.0,lift_right,103.95942399751725,2.742632245749929,-19.140612432060806,11.922454833984375,0.9799287915229797
1773519376.3881,2,3,22.0,314.0,0.4673,-0.9138,-0.0669,-4.4885,7.0458,-0.6718,0.6453,0.2734,0.7124,7.0534,3.4962,-5.7786,61.59682641197354,112.1472432715968,8.381005019089297,9.765555998508226,0.020153935460524,0.0657132004074689,5.0,105.0,lift_right,105.72128448568559,1.1166420483939388,-18.337507870975244,-2.9938964843749716,0.9737730622291565
1773519376.4882,1,0,22.0,314.0,0.4797,-0.9026,-0.0686,-4.916,3.8168,-2.0076,0.6838,0.2878,0.7036,4.7023,-2.8168,-0.1985,61.29735108802038,110.46769067291856,6.539531787521183,5.4850150209457045,0.1199938723155591,0.1658195368895143,5.0,-5.0,lift_right,104.98673390945835,1.3009726788787521,-17.534403309889683,-4.645751953124968,0.9722529053688049
1773519376.5882,1,1,23.0,313.0,0.4438,-0.897,-0.0867,-3.5496,0.0305,-1.1298,0.6807,0.3296,0.7029,12.2519,-7.1679,-2.6031,60.598765973974814,108.38077222765224,3.725189720000848,14.431353839124034,0.068090184779076,0.0409337736137171,5.0,-100.0,lift_right,102.76231027742186,1.0951933424066245,-15.06058647456602,-3.356292724609329,0.965781569480896
1773519376.6883,3,7,23.0,294.0,0.4949,-0.9097,-0.0715,-2.3053,7.8397,1.1298,0.6228,0.3442,0.7456,9.8321,-2.2519,-3.0916,60.72454761494867,106.73599624387307,8.249348593676958,10.549845239623188,0.0656448792203134,0.0400483987556754,-5.0,25.0,lift_right,101.21807262627424,0.689858429434604,-15.183978706824572,-5.648071289062457,0.9752612113952637
1773519376.7884,1,0,22.0,318.0,0.4753,-0.8984,-0.051,-3.5496,8.313,1.4504,0.6685,0.3511,0.6924,0.9618,7.7481,-3.5802,60.8815920680555,106.17522650832038,9.154741357351392,8.58929245572649,0.0526033743894893,0.1109516599885185,-10.0,140.0,lift_right,105.14683110781208,2.7227919558676437,,1.5086669921875284,0.9555728435516357
1773519376.8884,2,0,21.0,322.0,0.4314,-0.9307,-0.0596,-2.6641,8.4046,0.3893,0.679,0.3462,0.6604,0.8702,5.8855,-7.6489,60.98409225211736,105.47493599628116,8.825320643466728,9.690305954922168,0.0121507677331011,0.1688224195938226,-5.0,290.0,lift_right,104.5947584595606,10.365223472926768,,34.23785400390628,0.9835822582244873
1773519376.9885,2,2,21.0,376.0,0.4453,-0.916,-0.0569,-4.6183,-0.1679,-1.8702,0.6467,0.3594,0.6589,14.1908,-0.7863,-3.4504,60.26560959199859,104.10337039849824,4.98543211166294,14.625400250591436,0.0849216854065293,0.1323033452414646,-5.0,170.0,lift_right,103.62928351895533,10.365223472926768,,25.777862548828168,0.956152617931366
1773519377.0886,1,0,20.0,356.0,0.4658,-0.8943,-0.0671,-3.2137,5.8931,-1.1832,0.6653,0.3821,0.6946,8.458,-5.7939,-8.4122,60.18676339982839,102.25358117048071,6.815897412666948,13.261679759743862,0.0333552758642508,0.2001752416962499,0.0,-140.0,lift_right,101.83286026330444,14.356983783483663,,25.20046997070315,0.97628253698349
1773519377.1886,0,1,21.0,348.0,0.4326,-0.928,-0.0769,-8.0687,7.4351,-2.7634,0.6724,0.3679,0.6892,18.1832,-4.7634,-4.5267,60.21003264667592,100.55605157750196,11.314637036158077,19.33416030475593,0.0019930433941595,0.2987022271202744,10.0,-75.0,lift_right,105.24988202412351,10.916812037372264,,25.622558593750018,0.9880054593086243
1773519377.2887,0,2,22.0,341.0,0.4592,-0.8953,-0.0981,-3.5573,0.5649,-0.8397,0.5408,0.4438,0.6794,12.7863,8.0153,-12.4733,59.60148667574959,100.00403151745492,3.6984579746159074,19.578501338713338,0.0381046615033731,0.157062294700514,10.0,-70.0,lift_right,106.3300975904725,8.755526939362692,,24.32284545898442,0.9739900231361389
1773519377.3887,2,3,23.0,334.0,0.439,-0.9128,-0.1128,-0.5878,7.6641,1.8473,0.6321,0.4062,0.6589,0.7634,3.916,-10.8855,59.67084823884876,99.17243265931944,7.905469937960677,11.593616597507442,0.0249275301154761,0.4378142430898035,-10.0,70.0,lift_right,102.21445577313125,6.655313939765875,,17.120666503906286,0.976847231388092
1773519377.4888,0,0,20.0,355.0,0.4324,-0.9163,-0.0747,-1.542,9.0534,-0.2519,0.7031,0.4177,0.6787,1.0076,-27.5573,12.542,59.86845168294437,95.31677819267102,9.187234032612862,30.293923566451408,0.0266796895249621,0.1146005717276466,-10.0,420.0,lift_right,100.66208189295187,5.108633298307578,,15.905090332031282,0.9726275205612183
1773519377.5889,0,0,21.0,418.0,0.4529,-0.9167,-0.064,-0.0153,7.2901,-0.0611,0.595,0.5149,0.6526,5.4122,22.7786,-29.2595,59.91024479012976,96.35462655911311,7.290372096813714,37.47365564032951,0.0318214406161598,0.7208021080122912,0.0,300.0,lift_right,100.569657316173,3.8229292124308327,,14.811035156250032,0.9709003567695618
1773519377.6889,0,2,20.0,415.0,0.457,-0.897,-0.0762,-1.6947,3.2824,-0.4046,0.5078,0.4639,0.6089,1.3206,8.7939,-11.458,59.57200546360052,95.96052068116434,3.716161865419751,14.503876225685326,0.0280441091311289,0.4507991247145382,-5.0,-50.0,lift_right,101.51170312532382,2.4564320634963623,,9.932617187500039,0.9627112150192261
1773519377.789,0,0,20.0,408.0,0.4531,-0.9077,-0.0942,-1.2672,10.3282,0.2366,0.6865,0.511,0.7107,-1.2137,-32.3817,0.5573,59.92082353978575,91.63002350960792,10.408337554095755,32.40922933162713,0.0950481767626143,0.6113315838160666,5.0,315.0,lift_right,101.05995708056373,2.213347879284964,,5.995147705078168,0.9605326056480408
1773519377.889,2,0,21.0,478.0,0.4336,-0.9287,-0.0867,-2.1985,8.6031,-0.542,0.6143,0.6233,0.5635,11.3511,-61.1908,-6.4275,60.06415489605763,84.52412354307147,8.896094416090692,62.56575926255511,0.1255760070638489,0.6279079285875927,15.0,-20.0,lift_right,102.47605496184839,6.264917248589403,,20.82168579101566,0.9836885929107666
1773519377.9891,2,0,23.0,404.0,0.4199,-0.8965,-0.0867,0.2366,6.2824,-1.7557,0.6775,0.5125,0.5022,32.7099,-62.6489,7.542,59.97844751438005,77.56116961266962,6.527404676439175,71.07534026102161,0.0222278420002408,0.1548322562741855,5.0,-410.0,lift_right,102.47605496184839,3.197142173592096,,8.72515869140626,0.9693422317504883
1773519378.0892,1,0,22.0,396.0,0.4578,-0.9253,-0.0376,-2.458,6.4198,-4.5115,0.717,0.5559,0.4436,18.5115,-59.7634,-2.458,59.93412919357741,71.0577864351735,8.222483097580682,62.6129489467634,0.1512829763460832,0.1702919607560987,0.0,-170.0,lift_right,98.25994768024577,1.068344590553256,,-1.581024169921843,0.9564716219902039
1773519378.1892,1,0,23.0,370.0,0.4575,-0.9148,-0.0493,-3.313,4.7023,-1.9389,0.7729,0.5576,0.366,33.7481,-57.0382,-8.3053,59.7270087902053,65.03102374334445,6.070167007587189,66.79272805433239,0.10606716027864,0.2387558164229331,-5.0,40.0,lift_right,98.39786441384052,1.3733494196679505,,-1.581024169921843,0.8366276621818542
1773519378.2893,2,0,21.0,404.0,0.4504,-0.9509,-0.0662,-6.9237,4.9771,-3.2901,0.7869,0.6653,0.2383,27.145,-30.0458,-1.3206,59.526051144982,61.7473945862521,9.13968840333192,40.513517583641146,0.0196494583435102,0.2126714990802419,5.0,350.0,lift_right,101.77075771128459,1.2364068151826997,,-3.109985351562461,0.8472155332565308
1773519378.3893,0,1,24.0,440.0,0.4392,-0.918,-0.0703,-2.4351,8.7939,-1.0992,0.781,0.5662,0.1633,28.0,-14.4809,1.6565,59.70738750945368,60.152614194919096,9.190790491573615,31.566445112809262,0.1596800700461265,0.0498918991673935,-10.0,30.0,lift_right,101.35839118603717,1.3852594507680016,,3.640655517578164,0.8777741193771362
1773519378.4894,0,0,19.0,410.0,0.4258,-0.9268,-0.0698,-2.5038,8.8244,-1.4351,0.8301,0.6292,0.1125,45.1832,-8.5496,5.771,59.87031239801424,59.1597745676891,9.284318058425187,46.34567577886851,0.0096474635401788,0.2843914253748869,-10.0,155.0,lift_right,100.68348343416561,1.1953216670049573,,2.724243164062532,0.8661981821060181
1773519378.5895,3,0,22.0,471.0,0.4346,-0.9189,-0.0581,-1.7099,4.6412,-2.3206,0.7427,0.5449,-0.0251,38.1527,-18.4198,1.2443,59.63310330435422,57.24552847146162,5.463486049218027,42.38473583520369,0.0124147295248633,0.3172253100906697,20.0,240.0,lift_right,98.75138834378414,0.9646456135980029,,-2.8883361816406072,0.8714292645454407
1773519378.6895,2,0,23.0,458.0,0.4326,-0.9216,-0.0598,-3.6565,4.8855,-3.8168,0.7822,0.5945,-0.0586,35.2977,-25.4962,-7.5038,59.42120309018095,54.65459698679829,7.197642998926802,44.18473553355276,0.0284576520286217,0.3720462516243783,-5.0,-355.0,lift_right,99.50111440324137,1.3465690116519886,,-4.059295654296857,0.8710267543792725
1773519378.7896,0,0,21.0,400.0,0.4424,-0.9172,-0.1062,-2.9237,7.0153,-1.7786,0.7971,0.5928,-0.071,26.2748,-24.1985,2.1374,59.43229400052283,52.2533797133486,7.805502785855629,35.78408858766701,0.0092353865921213,0.2338108566954488,-15.0,-290.0,lift_right,101.41843852951632,1.3465690116519886,,-4.059295654296857,0.9081992506980896
1773519378.8896,1,0,20.0,400.0,0.4231,-0.9238,-0.0623,-3.771,8.9924,-2.0229,0.7432,0.5596,-0.1155,3.5878,3.4275,3.542,59.61607494787184,52.59312319183144,9.95870589835848,6.096378358501053,0.019543590730563,0.1027041439304604,10.0,-90.0,lift_right,105.19882003092856,1.9266913155462277,,-5.962188720703114,0.9000953435897827
1773519378.9897,0,0,23.0,382.0,0.4363,-0.9209,-0.043,-3.687,6.084,-1.8321,0.8501,0.5378,-0.1458,4.4427,5.2061,20.4275,59.52651189138693,53.18658754752815,7.346129280784541,21.543533060990715,0.0137167365200929,0.3407333227568965,10.0,380.0,lift_right,103.12197363673256,0.9139766022718419,,-2.4684448242187074,0.8969155550003052
1773519379.0898,0,0,22.0,476.0,0.4539,-0.9136,-0.0347,-2.8321,5.8015,-1.8855,0.8757,0.4814,-0.1125,16.9008,3.2443,32.1221,59.43258699467487,53.65186505950353,6.725570824101103,36.44162224078397,0.0338295293744994,0.0110983022051758,-5.0,695.0,lift_right,100.37129129042337,0.5402207712109729,,-4.157958984374979,0.8969875574111938
1773519379.1898,0,0,22.0,521.0,0.4485,-0.9216,-0.0601,-1.6412,5.4275,-1.3206,0.8994,0.4543,-0.1155,-5.4656,26.4809,30.8931,59.29387497666925,56.423400429676974,5.821965136446628,41.05477409242438,0.0072618197750617,0.3475472394365642,0.0,150.0,lift_right,102.75193987227439,0.9747908335966708,,-4.351348876953107,0.8942762613296509
1773519379.2899,0,0,22.0,506.0,0.4482,-0.9133,-0.0627,-4.2443,2.7405,-2.7481,0.9387,0.5208,-0.0591,4.9237,21.4122,15.5496,58.89828965762373,58.60977378839446,5.751215206371606,26.916819847262783,0.0421650224931591,0.1589400390475714,0.0,-40.0,lift_right,104.49985301585272,0.9747908335966708,,-5.231689453124968,0.8555136919021606
1773519379.3899,1,1,22.0,513.0,0.4546,-0.9285,-0.0522,-4.0992,4.3053,-2.9466,0.9419,0.4531,-0.0408,-19.6412,32.9084,19.0611,58.66326331387826,61.94699506310408,6.634870028116603,42.80262913899099,0.0638614143038074,0.654207436133255,0.0,560.0,lift_right,100.14601836158944,1.8619636564126831,,-6.401306152343711,0.8693517446517944
1773519379.49,2,0,22.0,618.0,0.4705,-0.886,-0.0818,-2.8321,5.8168,-0.6794,0.8445,0.4209,0.0364,-49.9847,22.7557,32.916,58.617432745631554,64.20657282962738,6.505193080147583,64.02933056482786,0.0533985852058394,0.0639864452519445,-10.0,70.0,lift_right,98.6797900385511,1.3216257141729733,,-8.17108154296875,0.8870073556900024
1773519379.5901,0,1,20.0,527.0,0.4617,-0.9343,-0.0874,-3.6183,6.6489,-0.4885,0.9639,0.3176,0.1938,-79.4046,31.7328,43.7481,58.62063722238389,67.41013021131712,7.585420116908489,96.05184720040526,0.0922856797403137,0.4490911156174793,-10.0,-650.0,lift_right,98.69223459559537,1.3216257141729733,,-14.315643310546875,0.8657331466674805
1773519379.6901,0,0,20.0,488.0,0.458,-0.9143,-0.0696,-4.7405,8.4809,-1.9008,0.9827,0.2605,0.1892,-52.1221,17.3664,0.7328,58.81018107280042,69.20103216230633,9.900052812990443,54.94399105643856,0.1384789097121919,0.812608137357223,10.0,40.0,lift_right,99.17693686118294,2.189884447720327,,-15.307922363281232,0.8684714436531067
1773519379.7902,0,0,22.0,535.0,0.439,-0.9111,-0.1172,-5.2366,10.2672,-0.3817,0.8037,0.2676,0.2014,-43.0763,47.9313,-12.5954,59.15102337951725,73.8618263827017,11.53182857529542,65.66293659698749,0.0361329911678853,0.5658025493396224,0.0,15.0,lift_right,99.05179867742574,2.4155951132348252,,-16.11505126953121,0.8828983306884766
1773519379.8902,5,0,20.0,491.0,0.4363,-0.9346,-0.0398,-1.4046,7.7786,-1.4122,0.8042,0.3586,0.2698,-8.9313,77.5267,-2.8626,59.23040016305819,81.19895773096101,8.02955963674223,78.0919445995552,0.0976050201440414,1.0667052196098177,15.0,65.0,lift_right,98.19103162915893,1.829605003609643,,-10.601074218749957,0.9227554202079773
1773519379.9903,7,0,25.0,548.0,0.4434,-0.9346,-0.0813,-4.8702,4.8931,-1.687,0.9365,0.3162,0.4451,1.4656,34.4504,-6.8015,59.03126428565167,84.14627169754033,7.106844915291172,35.14595916702232,0.0218057923470216,0.0917130991272807,10.0,450.0,lift_right,102.88008480079421,6.83087639025891,,3.718475341796914,0.980205774307251
1773519380.0904,0,0,22.0,581.0,0.4421,-0.9224,-0.1008,-2.6489,6.0763,-1.9237,0.7451,0.3037,0.4846,7.3817,29.3969,-21.1985,58.9556318935546,86.39408204078708,6.902080453747261,36.98707377922725,0.1119829973170427,0.3871732764160218,0.0,270.0,lift_right,104.72532079265498,6.48464377996838,,16.367431640625032,0.956466019153595
1773519380.1904,9,0,25.0,602.0,0.4382,-0.9131,-0.0703,-3.2061,7.6565,-0.5115,0.7825,0.2632,0.5759,-2.5038,30.7557,-4.1832,59.03826698423494,88.70066745397241,8.316411588539856,31.139705508723104,0.0054777770579772,0.4101781796091097,15.0,1110.0,lift_right,103.22731354519533,3.9195509820353003,,12.759643554687514,0.9088813662528992
1773519380.2905,0,1,25.0,803.0,0.45,-0.9219,-0.0793,-3.5878,6.6565,-1.0916,0.7153,0.2361,0.6897,-16.8931,54.687,8.4122,59.02853628376229,93.17511708121944,7.640215419083418,57.85161973056588,0.0289154338390396,0.812662184293309,-25.0,445.0,lift_right,98.84458116936031,3.2304305711904098,,1.1909179687500426,0.9758559465408325
1773519380.3905,0,0,20.0,691.0,0.4521,-0.9131,-0.0659,-1.8244,4.3282,1.9313,0.7341,0.3271,0.8491,-16.0305,74.7023,-4.9008,58.79777105950068,99.4103503766845,5.078550018459993,76.55996601475212,0.0233297239616336,0.3709612788710437,-25.0,-365.0,lift_right,100.5198591333307,3.18074112676909,,-0.05886840820311434,0.9828170537948608
1773519380.4906,0,0,20.0,730.0,0.4236,-0.9297,-0.073,-7.7252,6.5191,-1.7786,0.6897,0.2917,0.7996,5.3359,74.2443,-22.8626,58.7492695156868,105.47845527504025,10.263566524848953,77.86774935786958,0.0146791219501118,0.5932287993429974,10.0,325.0,lift_right,100.5198591333307,3.18074112676909,,-0.05886840820311434,0.9876140356063843
1773519380.5907,0,0,22.0,756.0,0.4221,-0.9307,-0.0642,-5.7481,7.2366,-2.6336,0.677,0.2649,0.7583,8.8855,35.2595,-3.7099,58.77036261249398,107.62682699340318,9.609624453119904,36.55061981020295,0.0230841221348321,0.9271804495908686,10.0,455.0,lift_right,108.03397475855104,7.844652519670534,,-8.92967224121092,0.9520841836929321
1773519380.6907,2,0,22.0,821.0,0.4619,-0.9146,-0.0935,-3.7939,9.3817,-1.4962,0.3479,0.3088,0.7822,-4.1145,27.4656,-0.4427,59.04787107376007,108.61541641648834,10.22978917378066,27.775605788173188,0.0215886099644013,0.7747100497596243,15.0,25.0,lift_right,95.18887756124924,7.345847874379478,,8.338928222656286,0.0
1773519380.7908,1,0,25.0,761.0,0.4568,-0.9094,-0.0632,2.4962,8.2214,-0.5954,0.314,0.3,0.7832,17.145,12.9466,-6.6031,59.204920367462734,108.12238590255998,8.612603181384824,22.475907237973733,0.0714288460973222,0.530008686195671,5.0,-360.0,lift_right,94.86212374283144,7.129716745324603,,8.778228759765643,0.9056670665740967
1773519380.8908,0,0,23.0,749.0,0.4568,-0.9368,-0.0439,-2.5344,5.4198,-1.8397,0.3765,0.3486,0.877,9.8397,5.8473,-3.145,59.07136077981323,106.96795755560372,6.259545629676327,11.870199593098675,0.0626459126869471,0.7710600878861712,-5.0,100.0,lift_right,118.95095957460543,4.136103554121747,-32.82756387088091,1.052490234375032,0.907451331615448
1773519380.9909,0,0,24.0,781.0,0.4458,-0.9272,-0.0833,-6.1221,7.3893,-3.8931,0.4419,0.2952,0.9053,17.458,-3.7863,-0.2901,59.12585568850722,104.95543908826838,10.355582577045098,17.86622483066862,0.1315110151486132,0.1245102604067482,-5.0,55.0,lift_right,138.18789208690006,3.6449373245975427,-30.26955922973993,-8.640686035156211,0.9151784181594849
1773519381.091,0,10,22.0,760.0,0.4424,-0.9094,-0.1062,-4.2519,11.1069,-1.0,0.3889,0.3562,0.8975,10.3435,12.7252,-1.7634,59.54760304913892,104.54214654159723,11.934901810237069,16.49328005128149,0.0931839561453129,0.0175850923922282,0.0,37045.0,lift_right,153.41512074372815,6.059467887979901,-34.000796471330546,-11.117187499999961,0.8943929672241211
1773519381.191,0,0,24.0,8190.0,0.437,-0.9106,-0.0842,-6.5191,7.2137,-0.3588,0.4167,0.3406,0.8972,2.374,7.1756,3.4733,59.57442348237453,103.62393126024703,9.729587346850842,8.317987992898283,0.0252202027927572,0.1056664111702498,0.0,145.0,lower_right,168.5233536922016,5.9190286709203574,-45.829915407987166,-19.70574951171871,0.8855812549591064
1773519381.2911,0,0,22.0,789.0,0.417,-0.9299,-0.0754,-5.8626,3.7786,-3.5496,0.4089,0.332,0.8733,4.8092,12.0916,-3.2748,59.23490049852975,103.20917451241252,7.826081834481416,13.41862549741962,0.0223861389419799,0.5696986171193424,-15.0,-37100.0,lower_right,171.55315611542633,4.944824689844825,-48.90121985043828,-20.662384033203107,0.9450685381889343
1773519381.3911,0,4,21.0,770.0,0.4468,-0.9099,-0.0938,-2.5344,4.8855,-4.2443,0.2966,0.3848,0.7957,4.2137,7.2137,-1.5115,59.04964946761295,102.2229411609934,6.950206910589066,8.489839081513853,0.086903141622423,0.404963794530539,0.0,-10.0,lower_right,169.41052770610435,4.312943853442146,-52.88122675855031,-19.192565917968718,0.9242331385612488
1773519381.4912,0,0,22.0,787.0,0.4824,-0.9194,-0.0459,-5.3511,6.5954,-3.7099,0.3108,0.4023,0.7893,9.3893,3.0,-3.8168,59.06813004348167,100.85912523247627,9.26805968798216,10.570095398339602,0.0874312411045497,0.1843396511836686,-10.0,135.0,lower_right,138.53156379445753,4.287711154033557,-56.22684621250797,-5.438751220703084,0.0
1773519381.5912,1,0,19.0,797.0,0.429,-0.9373,-0.0984,-1.6489,6.9237,-0.0763,0.3643,0.4343,0.7861,24.0916,-32.3664,-4.3511,59.05478689220241,96.11162203229269,7.117746454461552,40.582275819993136,0.0058290544525052,0.6987909431264477,-20.0,365.0,lower_right,108.36663778927547,4.928691678664728,,4.3334350585938,0.9156521558761597
1773519381.6913,7,0,18.0,860.0,0.4685,-0.9219,-0.0911,-5.3511,5.4809,-2.2214,0.4563,0.5388,0.8154,21.3282,-69.8244,6.4962,58.94735793547462,87.84713900923391,7.975534714362417,73.29760954519594,0.0095379257095562,0.5246480701684131,15.0,300.0,lower_right,,4.99373345401823,,4.3334350585938,0.0
1773519381.7914,0,0,22.0,857.0,0.4871,-0.9058,-0.1028,-2.9084,9.6107,-1.2595,0.5454,0.531,0.7578,15.458,-67.8931,-1.4504,59.27259487410364,80.04698805759125,10.119816465727034,69.64572098679143,0.0291728165617488,0.5912414392973125,20.0,36650.0,lower_right,,,,,0.0
1773519381.8914,0,0,22.0,8190.0,0.4656,-0.917,-0.0891,-4.1069,10.0992,-1.1374,0.6743,0.3992,0.5552,53.4046,-61.0153,-11.3282,59.61307119518627,73.35851780912456,10.961484708286555,81.87335494829804,0.0458788013396338,0.2370388983459981,15.0,50.0,lower_right,143.98821208637386,11.083739147321324,,-11.681518554687482,0.0
1773519381.9915,2,0,25.0,867.0,0.4641,-0.9062,-0.1133,-5.9466,7.2595,-0.7634,0.7542,0.531,0.4509,24.3969,-74.3435,-0.626,59.67101799633606,65.55114406210276,9.415156470818742,78.24676733169237,0.0279755384166358,0.6624911148695195,0.0,-37170.0,lower_right,129.26263344171227,8.777295402799393,,-2.1142425537109233,0.0
1773519382.0915,1,0,22.0,756.0,0.4719,-0.9033,-0.1243,0.0992,8.8931,1.4962,0.8589,0.5398,0.4065,28.687,-74.855,12.2443,59.896389624665936,57.94045178580912,9.01862975678678,81.09338984461064,0.0159124581293157,0.1828822987955786,-10.0,-510.0,lower_right,97.90165965673407,6.461276873379869,,6.7456512451172035,0.9714947938919067
1773519382.1916,0,2,23.0,765.0,0.4602,-0.9072,-0.0901,0.4504,11.9847,1.6183,0.8337,0.4397,0.3032,5.2443,-66.626,42.3969,60.40864770484303,51.3993880770916,12.101850649384168,79.14558539868159,0.0231265587606188,0.1980286707397671,0.0,-135.0,lower_right,96.78885315643652,1.8755614824885227,,6.006408691406282,0.9674357175827026
1773519382.2917,0,2,22.0,729.0,0.3945,-0.9517,-0.0474,-1.5038,3.7634,-2.5954,0.9414,0.4583,0.1143,42.8168,-75.0611,29.0153,60.01908707774114,44.28251732351946,4.812555990323645,91.15555237910634,0.0683984593870468,0.4397388593301932,5.0,-3250.0,lower_right,97.27213831436852,2.050407728219744,,-7.341796874999957,0.9491293430328369
1773519382.3917,0,0,24.0,115.0,0.4626,-0.9238,-0.0603,-5.145,6.5573,-5.2595,0.7908,0.4338,-0.0188,17.8092,-18.6336,-0.6031,59.9923415288499,42.79537389267131,9.855533904360534,25.782598457292856,0.0165877994341989,0.3452084460781529,-5.0,-3425.0,lower_right,,1.7664432992402341,,-3.1990356445312074,0.9230782985687256
1773519382.4918,2,0,21.0,44.0,0.4795,-0.906,-0.0776,-3.6947,5.0992,-3.8779,0.8865,0.4275,0.0054,24.771,5.7099,-11.4656,59.8482867325134,43.7841024048659,7.395319948453887,27.88665240522785,0.0651494955204023,0.6692227806525358,-5.0,-455.0,rest,,1.8248702106941947,,-3.1990356445312074,0.9246829152107239
1773519382.5918,0,0,23.0,24.0,0.47,-0.905,-0.0657,-0.4275,9.7634,-0.3588,0.9006,0.5071,-0.0713,11.8321,-23.3206,9.7023,60.15579372838634,41.8305437943452,9.779339100879977,27.89235737724583,0.0060943890207387,0.1979418677314814,15.0,-125.0,rest,97.72191646779095,1.7016488151115694,,-3.575653076171861,0.924565315246582
1773519382.6919,0,19,24.0,19.0,0.4207,-0.9348,-0.0586,-3.7099,13.1756,-2.3817,0.8237,0.4553,-0.0808,7.4427,-6.7328,8.2672,60.72764190729711,41.54793323461684,13.893606020756453,13.002729519989256,0.0651258219386285,0.0289868877561605,5.0,5.0,rest,97.72191646779095,2.2871095576959863,,-4.25021362304685,0.913772702217102
1773519382.792,0,1,24.0,25.0,0.4736,-0.9187,-0.0522,-3.0458,11.5649,-2.7634,0.937,0.4258,-0.0454,-1.8931,5.374,9.6947,61.19112957805675,42.552414005452526,12.274371234812802,11.24503942634262,0.0228144204640134,0.625671585435667,5.0,10.0,rest,,4.14646405771929,,-17.44421386718745,0.8549506068229675
1773519382.892,0,7,25.0,21.0,0.4634,-0.9106,-0.0315,-4.1221,11.2519,-1.1221,0.9482,0.4883,-0.0828,9.458,5.229,6.229,61.60914278581172,43.4622222072102,12.035616744895128,12.473838462959188,0.0441714406631554,0.4575504143289999,10.0,-15.0,rest,,3.761890273699658,,-14.364807128906207,0.869176983833313
1773519382.9921,1,0,26.0,22.0,0.4788,-0.9041,-0.0786,1.2443,0.1832,-1.3511,0.8296,0.4272,-0.1021,3.5802,-0.3664,-6.5344,60.951233756240015,43.79909123213867,1.8458916382063169,7.459923884330188,0.0318071384972451,0.1597642891399553,-15.0,70.0,rest,111.65743532161571,3.5414754223039835,,-12.656951904296871,0.8580533266067505
1773519383.0921,2,5,22.0,35.0,0.4724,-0.8987,-0.0337,-0.4656,13.1527,1.7099,0.9561,0.3848,-0.1218,5.8473,7.2748,-0.0458,61.57541371989346,44.97830014820888,13.271550725518098,9.333580768922504,0.0908830247890868,0.4373575466012946,-20.0,25.0,rest,111.99318817687467,2.7153624363036366,,10.502563476562532,0.8995837569236755
1773519383.1922,87,794,22.0,27.0,0.4089,-0.9189,-0.0654,-2.1756,5.2443,-2.0382,0.9131,0.4587,-0.0942,5.3817,0.626,-0.8702,61.33654280284875,45.3970723160531,6.032427130931628,5.487423706075558,0.0109685743892529,0.0285416977342467,0.0,-30.0,rest,109.71903691232069,2.249501259417764,,17.53988647460938,0.9073246121406555
1773519383.2923,72,845,22.0,29.0,0.4722,-0.9011,-0.0383,0.687,3.374,0.4046,0.9346,0.4221,-0.1165,13.6489,2.6107,-3.5344,60.99315320417225,46.04289563130977,3.466921712412901,14.33876595317742,0.1102615313624932,0.1277797174243244,15.0,5.0,rest,107.02238229897475,1.5971139064974786,,16.97299194335942,0.905060350894928
1773519383.3923,30,905,25.0,28.0,0.469,-0.9167,-0.0222,-3.7099,9.2366,0.6794,0.8787,0.4614,-0.1274,-2.0992,-8.0611,1.7099,61.22024257280596,45.56046943329226,9.976959553391003,8.503630510552536,0.0387632324086362,0.1120894171130415,10.0,-15.0,rest,108.79073289117443,1.930063952660263,,15.407226562500043,0.8968169689178467
1773519383.4924,26,930,24.0,26.0,0.4216,-0.9331,-0.062,-5.1374,12.1908,-0.5038,0.9211,0.3818,-0.1589,3.0534,0.6489,-1.8321,61.675884709438726,46.029279330495385,13.23866676973176,3.6195183629869874,0.0471148635949303,0.0850240477874292,-10.0,-10.0,rest,103.3539851841052,2.66704447237794,,10.348144531250014,0.8807527422904968
1773519383.5924,19,924,23.0,26.0,0.4297,-0.925,-0.0347,3.4046,3.687,-0.771,0.8906,0.3906,-0.1475,3.687,1.3206,-1.0458,61.30172080263208,46.53575968776819,5.077372466148214,4.05359729129572,0.0165387979246733,0.0252337633863519,-5.0,0.0,rest,96.43381375593509,4.072242121120952,,2.3073730468750497,0.7793170809745789
1773519383.6925,14,926,23.0,26.0,0.4609,-0.9121,-0.0337,-3.0611,10.9771,-2.0382,0.8994,0.4385,-0.1687,2.4504,1.5573,-2.2824,61.68729289964326,47.006023313555225,11.576757614289072,3.693100758170565,0.0936634712255146,0.1580623723853907,0.0,0.0,rest,102.72762373671532,4.138440795035279,,10.989013671875014,0.8946886658668518
1773519383.7926,12,927,23.0,26.0,0.4116,-0.9121,-0.0474,-2.0763,10.0992,-2.6565,0.9045,0.4341,-0.1553,-0.6565,3.0229,2.6489,61.92845060143385,47.62196852992891,10.647152416491462,4.072540714345284,0.0023590573894405,0.0207329639196374,-5.0,-5.0,rest,100.19994335046809,4.138440795035279,,10.989013671875014,0.9245576858520508
1773519383.8926,8,934,22.0,25.0,0.4753,-0.9058,-0.0085,2.4733,8.4962,-0.1985,0.9177,0.4026,-0.1304,-0.6947,2.8626,4.0305,62.07623488476308,48.25493435650411,8.851103297329662,4.992195619163977,0.0846949561509724,0.103474154217773,5.0,-20.0,rest,101.45656579381752,3.4389093000479614,,1.9196777343750426,0.8869464993476868
1773519383.9927,0,935,24.0,22.0,0.4102,-0.9324,0.0134,-4.0153,10.4275,-2.3435,0.8987,0.3997,-0.1472,0.0305,3.9389,-0.8397,62.33149380143483,48.9686707139457,11.416977822085844,4.027525238902917,0.0613457568211972,0.0842956486416224,25.0,-25.0,rest,99.91968650979923,2.696760849212307,,15.132263183593757,0.9022935032844543
1773519384.0927,0,940,27.0,20.0,0.4448,-0.9348,0.0032,-3.0687,5.3053,-0.084,0.9241,0.4275,-0.1375,2.6947,2.8015,1.4962,62.11370497209885,49.54549351910575,6.129452159858987,4.165144028722176,0.0262055882851786,0.0591555270438459,15.0,-10.0,rest,95.97947784611097,2.696760849212307,,12.381469726562528,0.8914530277252197
1773519384.1928,0,935,27.0,20.0,0.4529,-0.9182,-0.0176,-3.7634,6.0382,-1.5115,0.9104,0.405,-0.1411,3.7099,2.6794,1.3206,61.98818520676019,50.11267669540493,7.273765946880612,4.763037552864768,0.1156523638071804,0.0672587347066222,-15.0,10.0,rest,96.65805293366785,4.569090288931952,,-4.969131469726538,0.8782533407211304
1773519384.2929,0,941,24.0,22.0,0.4395,-0.9111,-0.033,-6.6947,5.8626,-2.9237,0.9111,0.4136,-0.1643,0.2977,2.2595,0.2748,61.83770070574486,50.61117814206208,9.366808877093629,2.295534922409154,0.0072885631977026,0.023649981391185,-20.0,15.0,rest,107.27208041408255,1.110875903571608,,-2.3515167236327628,0.8785074949264526
1773519384.3929,0,939,23.0,23.0,0.4419,-0.9219,-0.019,-3.8931,8.1145,-2.3282,0.9045,0.4255,-0.1521,-0.2519,3.4046,1.145,61.90827455101254,51.20169162026443,9.296335466193115,3.600802656353164,0.0622398567325332,0.0394510971217765,0.0,-15.0,rest,106.40814130052074,1.262314005110657,,1.1460266113281747,0.8742675185203552
1773519384.493,12,933,24.0,19.0,0.4539,-0.9185,-0.0061,-3.4198,4.229,-2.6794,0.9077,0.4106,-0.1404,-0.3206,2.4427,2.2366,61.610489910953206,51.70602464943849,6.062891834760043,3.3274535624107515,0.0611014852800073,0.0092329227974563,15.0,-15.0,rest,100.50110755092099,2.2361743019747156,,-2.916748046874975,0.8761790990829468
1773519384.593,235,712,26.0,20.0,0.449,-0.9045,-0.0312,-3.5191,6.1527,-2.542,0.9163,0.3965,-0.1475,-1.6183,0.0229,0.0,61.50897575000607,51.97850225265312,7.530042901604213,1.618462016854273,0.0069665429534482,0.041244398787209,5.0,10.0,rest,99.7177791324902,3.0638003678505266,,-2.916748046874975,0.861413300037384
1773519384.6931,350,588,25.0,21.0,0.4666,-0.9099,-0.0349,-3.3588,8.1679,-2.1298,0.925,0.3965,-0.1267,0.6412,2.6641,0.7176,61.62188680169892,52.515457767848666,9.084722114077016,2.83258115682499,0.0394940805522681,0.0116351778952716,-5.0,-5.0,rest,101.61670542606763,1.5787485274854935,,-7.0989990234375,0.9018560647964478
1773519384.7932,392,554,25.0,19.0,0.4414,-0.9167,-0.0393,-4.5344,8.6489,-1.4198,0.9141,0.3943,-0.1511,1.0763,1.9466,-0.145,61.750855522619766,52.96003243028466,9.868134910407337,2.2290577045020616,0.0090814423810103,0.0160540755761873,5.0,0.0,rest,101.2011625348857,1.9379619999278215,,-4.28683471679685,0.8984097242355347
1773519384.8932,401,544,26.0,21.0,0.4429,-0.9199,-0.0276,-1.6412,4.0916,-1.2214,0.9216,0.4041,-0.1509,-0.3435,3.4885,0.1679,61.43079782929263,53.54106520621175,4.57455418155693,3.509389535232588,0.0015161709158262,0.0134514709399236,-5.0,5.0,rest,100.19111084295382,2.6137197644979846,,-1.7593078613280966,0.8978148102760315
1773519384.9933,405,540,24.0,20.0,0.4597,-0.9072,-0.042,-5.7557,9.3511,-2.3282,0.9192,0.3811,-0.1353,0.0305,4.4504,-0.1069,61.655543742025166,54.231438258291575,11.22460105928046,4.451788182292594,0.022165818858536,0.0632233200020848,-5.0,-10.0,rest,98.68583709675364,3.523900004077596,,-3.729003906249986,0.8803278803825378
1773519385.0934,398,533,25.0,19.0,0.4587,-0.9175,-0.0012,-4.8855,4.8779,-1.1527,0.9404,0.3955,-0.1433,1.7557,3.2901,-1.4351,61.43171773944808,54.78724019374625,6.999338250863435,3.9958419025281766,0.0348885421112055,0.1444329635553431,20.0,0.0,rest,99.75284207879322,4.308787537701593,,-6.952026367187454,0.8633655309677124
1773519385.1934,394,525,28.0,20.0,0.4741,-0.8923,-0.0312,-9.2214,-0.374,-0.9008,0.9353,0.4102,-0.1558,3.1374,3.4198,-2.1298,60.72579657092575,55.32396821321526,9.272838540598018,5.106305791861666,0.0612485828641951,0.2869604726038965,0.0,5.0,rest,100.82122800387057,3.8648712018634828,,-6.952026367187454,0.8798456788063049
1773519385.2935,389,509,25.0,20.0,0.4524,-0.9331,-0.0464,-16.5802,3.1908,-1.0534,0.9924,0.4204,-0.1458,-2.1145,6.4122,-6.8931,60.34073885297585,56.16288133313191,16.917265980057177,9.648950549153,0.0561478192322073,0.0224992707806648,-10.0,-5.0,rest,102.70657571108606,2.9621502351806903,,-9.213134765624957,0.8472147583961487
1773519385.3935,296,390,26.0,19.0,0.4451,-0.9128,-0.116,-5.7023,-0.2519,-1.3206,0.9263,0.4573,-0.0974,-7.2672,6.3817,-10.6794,59.62552691180007,56.92937557807403,5.858640052094001,14.407910156924215,0.0784432882571706,0.4523958913238629,-5.0,25.0,rest,102.21696908419986,2.6993873880516785,,-7.314605712890625,0.8600500226020813
1773519385.4936,0,2,24.0,25.0,0.4629,-0.907,-0.0908,-0.2366,5.6412,0.6489,0.8806,0.4541,-0.1121,-1.4809,6.3817,-11.6947,59.52430636452012,57.65669322620691,5.683325453464724,13.404669626290682,0.0228687956238449,0.1209732277439035,-5.0,5.0,rest,102.19632681195455,2.6993873880516785,,-7.250793457031239,0.847711443901062
1773519385.5937,1,0,25.0,20.0,0.4595,-0.9163,-0.0583,1.3359,5.9389,0.6641,0.8994,0.4597,-0.0823,0.4122,14.7481,-5.1298,59.44755632311835,59.20006573924781,6.123413331631306,15.620218003920431,0.0581831184386782,0.4100171877851882,-10.0,625.0,rest,102.82186479474534,1.813051683568807,,-8.572692871093714,0.8576869368553162
1773519385.6937,2,1,22.0,150.0,0.4214,-0.9429,-0.0496,-2.4198,11.7786,-1.458,0.9568,0.4939,-0.0713,-6.8702,22.4656,-9.1908,59.89393405638816,61.46680651415344,12.112663373511213,25.22644715452416,0.0613924387968733,0.2359489294101929,0.0,735.0,lift_right,99.64694637348849,3.0430755676863237,,-12.170043945312461,0.8741769194602966
1773519385.7938,2,0,25.0,167.0,0.439,-0.9399,-0.0581,-0.9542,4.458,-3.2366,0.8301,0.4939,0.0244,-27.8397,32.5038,-11.6336,59.63282029456291,64.60718564468775,5.5910500981479325,44.34959480637901,0.0604632111153213,0.5142674434138866,15.0,135.0,lift_right,95.04039023558217,3.2251479659477624,,-11.724365234374972,0.9082379341125488
1773519385.8938,1,0,25.0,177.0,0.436,-0.9204,-0.0837,-5.8092,10.1908,-3.0687,0.8345,0.488,0.1362,-44.1145,71.0763,2.7863,59.9439839457019,71.4552552325412,12.12502078225023,83.70001791893476,0.0423219119955975,0.2595626990630645,-5.0,90.0,lift_right,96.54777739418965,1.6641675169276817,,-11.41622924804686,0.9566357731819153
1773519385.9939,2,2,24.0,185.0,0.4177,-0.9375,-0.0928,-3.2977,6.229,-2.2748,0.8745,0.4062,0.3269,-47.4198,94.7328,-9.3511,59.83377685303071,80.49387046572436,7.406077324062989,106.35028866481746,0.0106507843677328,0.309953768598688,0.0,105.0,lift_right,99.3756880811558,0.5331367609664264,,-11.41622924804686,0.8329420685768127
1773519386.094,1,0,25.0,198.0,0.4463,-0.9146,-0.0649,-1.1679,2.6794,-2.6718,0.7896,0.5142,0.436,-33.3817,88.5191,-7.374,59.41877160775017,88.54904756959861,3.960011364882682,94.89122633679048,0.0258659266711536,0.0866612836010671,5.0,85.0,lift_right,99.97482338579961,0.7670202390647008,,-8.256866455078082,0.9191604852676392
1773519386.194,1,3,25.0,202.0,0.4521,-0.9175,-0.0718,-3.2672,7.8779,-1.8931,0.783,0.4053,0.543,-7.2824,62.6641,-1.9618,59.52568206539925,93.90171226736034,8.736116520514136,63.11633257572876,0.1261380185336658,0.2477403329194899,5.0,20.0,lift_right,98.5521304972515,3.033451108804341,,9.3627624511719,0.9732325673103333
1773519386.2941,3,1,26.0,202.0,0.4456,-0.9424,-0.0728,-4.6718,6.1908,-2.1908,0.627,0.4336,0.6296,-12.0,57.313,6.3053,59.44667947582971,98.4275121576761,8.059238457819697,58.89428475743635,0.0122668094951206,0.0100784221256544,-5.0,40.0,lift_right,97.03721508421408,5.036727079904676,,20.946655273437536,0.9626432657241821
1773519386.3941,4,7,24.0,210.0,0.4631,-0.9133,-0.0884,-3.3817,6.542,-2.1221,0.595,0.4497,0.7212,-12.9924,70.1145,-4.9847,59.43446674790443,104.03007565799528,7.664004651616542,71.48211526039223,0.1467916044504003,0.2754185703655049,-10.0,75.0,lift_right,93.95517092236945,5.327638465496507,,16.28265380859375,0.9534311890602112
1773519386.4942,11,2,24.0,217.0,0.4456,-0.9094,-0.0769,-4.145,6.1908,-1.6107,0.5625,0.4177,0.7737,-11.2519,62.1985,-2.6565,59.3729554885477,108.69710708938446,7.622426393872229,63.26385736034438,0.0551020446795968,0.563085598274386,5.0,95.0,lift_right,100.01922484217717,6.291087654089066,-0.9817223552352035,4.173431396484375,0.9550038576126099
1773519386.5943,1,0,25.0,229.0,0.4529,-0.9072,-0.0757,-1.313,3.2595,-2.6565,0.4124,0.3811,0.7349,7.1985,46.0611,-15.2519,59.03393372720532,111.5667706026336,4.405144889785125,49.05164410159969,0.0204357826588341,0.2769198553901686,-5.0,70.0,lift_right,100.01922484217717,4.3581160321423145,-0.9817223552352035,6.529022216796889,0.9259204864501953
1773519386.6943,1,0,23.0,231.0,0.4521,-0.9119,-0.062,-2.1145,6.9084,-2.2672,0.3564,0.4504,0.8044,11.626,15.4275,-3.9924,59.0566514765887,111.27004864072424,7.572139502808965,19.725893896348524,0.0343579771715996,0.4538935665153149,-5.0,45.0,lift_right,95.27980170020527,4.3581160321423145,,-7.843841552734361,0.9322383403778076
1773519386.7944,1,2,24.0,238.0,0.4578,-0.9136,-0.0603,-2.2137,6.7481,-2.1145,0.3511,0.4712,0.8284,7.1985,13.7863,-0.5191,59.06813936987241,110.8001829738173,7.410022371761101,15.561167525285498,0.0075050393832143,0.1544345257342483,20.0,15.0,lift_right,94.94419892093113,4.774813711238626,,-7.843841552734361,0.932572603225708
1773519386.8944,2,2,27.0,234.0,0.4634,-0.9045,-0.0623,-2.374,6.3817,-1.3359,0.3511,0.437,0.8513,2.916,10.3893,-0.7176,59.05362948308176,110.00530192012172,6.938775086425558,10.81459940312169,0.0263815589915294,0.0397733112601772,-15.0,-25.0,lift_right,94.66126277889197,4.593552837504488,,-4.735046386718711,0.9040002822875977
1773519386.9945,2,0,21.0,233.0,0.4495,-0.9126,-0.0471,-3.3206,8.0229,-1.458,0.334,0.4465,0.8584,2.7634,9.9771,-1.9389,59.182647085171936,109.1638357136728,8.804491624733368,10.532722211280424,0.0495696522762634,0.1338851673297109,-30.0,-15.0,lift_right,95.23451360391456,4.593552837504488,,-2.340515136718704,0.9178058505058289
1773519387.0946,0,1,21.0,231.0,0.4702,-0.9111,-0.0764,-2.1374,4.687,-1.1298,0.3503,0.4163,0.8301,7.2824,-1.3817,-1.3359,59.0026322511296,107.25850038435313,5.273793302737603,7.531737745036002,0.0363534694880673,0.1895086264177381,15.0,85.0,lift_right,95.8165581940677,3.3333473585902893,,-3.451995849609375,0.9024033546447754
1773519387.1946,1,0,24.0,250.0,0.4524,-0.9182,-0.0649,-4.4504,10.2366,-0.8092,0.3447,0.4255,0.8196,9.9847,-7.2748,-2.1679,59.34922747261999,104.80977843211392,11.191463012493047,12.542597001418804,0.0271857759960325,0.0943228888037939,20.0,30.0,lift_right,97.05326357782198,3.3577045789906292,,-13.354644775390607,0.8669281005859375
1773519387.2947,0,1,25.0,237.0,0.4331,-0.9248,-0.0552,-3.2901,5.3511,-1.7786,0.3103,0.4497,0.8059,7.687,-7.2977,-0.9695,59.18775881993275,102.37009263280125,6.528586920613066,10.643604865833757,0.0491545865083464,0.0269526942436554,-5.0,10.0,lift_right,97.35907443241226,3.6352175348582976,,-9.631622314453114,0.8581657409667969
1773519387.3947,0,0,23.0,252.0,0.4407,-0.9131,-0.0627,-3.1527,3.8473,-2.0,0.3367,0.4431,0.8201,3.9618,-7.8168,0.9389,58.895262497522914,99.9538472646052,5.361085205441152,8.813611898081286,0.0223667585572995,0.2337498591500858,0.0,20.0,lift_right,97.95049159763164,3.886976708943534,,-6.524414062499968,0.873744547367096
1773519387.4948,2,1,25.0,241.0,0.4683,-0.908,-0.1062,-3.5344,7.1985,-1.3206,0.3853,0.4504,0.8306,5.2977,0.0763,-2.0763,58.96529251479257,98.40594683195548,8.127383956107893,5.690559609563896,0.042277491717797,0.1367576900878103,0.0,0.0,lift_right,95.3128492993773,4.797507669684182,,4.138549804687521,0.9223239421844482
1773519387.5948,1,2,23.0,252.0,0.4634,-0.9097,-0.0828,-2.9313,7.9313,-0.4122,0.3787,0.4709,0.8198,5.1527,1.229,-0.9847,59.10122920339767,96.99485388568569,8.46569242413165,5.387985929825727,0.0296136148305536,0.0611100911194451,0.0,125.0,lift_right,95.04652826261787,5.55878809119811,,-0.0007019042968714473,0.9269795417785645
1773519387.6949,0,0,25.0,266.0,0.446,-0.9153,-0.0789,-4.7328,9.4809,-1.542,0.4192,0.46,0.824,0.2519,-2.8931,2.4504,59.3662379313182,95.25045593143408,10.708156921244663,3.799729119292584,0.0225861960972939,0.2069943850576927,-15.0,90.0,lift_right,94.97236618513901,6.290124133036895,,-1.5683593749999858,0.9230560660362244
1773519387.795,1,0,20.0,270.0,0.4485,-0.9109,-0.095,-4.6183,7.7786,-2.5344,0.4661,0.4529,0.8372,2.5191,-2.4046,-1.0534,59.46304883369112,93.63159455053555,9.394599310774248,3.638353684016989,0.0528558506779475,0.1673694151432891,-5.0,15.0,lift_right,95.91265949125635,4.94016362398718,,-2.4575500488281143,0.9127120971679688
1773519387.895,3,2,24.0,269.0,0.4414,-0.9048,-0.0891,-0.8473,6.0305,-0.0458,0.3894,0.4546,0.8,3.4809,-1.7099,-0.8626,59.382703040813816,92.05014979631964,6.089905186454056,3.972971379207256,0.0059611449263674,0.4109683915174006,15.0,-35.0,lift_right,96.0545422916497,4.94016362398718,,-6.747497558593736,0.9631420373916626
1773519387.9951,8,8,23.0,263.0,0.4575,-0.9082,-0.0579,-2.5115,6.1527,-2.0,0.3757,0.4653,0.7734,3.5573,-7.5191,0.9847,59.3318082160047,89.92426632058358,6.939981955307953,8.37620929717017,0.0515102154622815,0.0626396926214062,-10.0,15.0,lift_right,94.14851784995936,5.6746239788180945,,-6.747497558593736,0.9657544493675232
1773519388.0951,6,8,22.0,272.0,0.446,-0.9163,-0.062,-3.2595,5.9389,-2.1298,0.3711,0.4866,0.7739,6.7481,-4.4656,-2.0229,59.24523601203691,88.13003962431752,7.101473192232722,8.340896916998794,0.0456226219184929,0.1989252623190113,-10.0,90.0,lift_right,93.87757111522883,5.590462051188847,,-4.229736328125,0.9261260628700256
1773519388.1952,6,0,21.0,281.0,0.4438,-0.9221,-0.0945,-3.374,6.8244,-1.855,0.416,0.51,0.7759,-0.3817,-10.3282,0.1527,59.2408104646692,85.83795359215388,7.835645242097168,10.336378834969237,0.0299814077069038,0.1638819146670528,-5.0,-25.0,lift_right,93.75550592673761,5.399672858133361,,-3.781524658203086,0.9262158274650574
1773519388.2953,3,6,21.0,267.0,0.4614,-0.9133,-0.0874,-0.2748,7.5191,-0.3664,0.429,0.46,0.8022,-6.1679,-3.4275,0.3969,59.32682562591049,84.28304951888921,7.53303582959752,7.067409445475761,0.0243214937081936,0.0089097839471929,15.0,40.0,lift_right,98.45008871241312,3.6007149692230978,,4.3768920898437536,0.9432904124259949
1773519388.3953,4,6,24.0,289.0,0.4624,-0.9111,-0.0476,-1.4656,7.313,-1.0458,0.458,0.4648,0.7783,-0.687,-2.5649,1.0611,59.39450571433682,82.88210951399617,7.531377696012861,2.8594779628456664,0.0417406993724733,0.4860908252118145,30.0,60.0,lift_right,99.00689767633816,3.863257420767982,,13.647644042968778,0.9512442946434021
1773519388.4954,3,5,27.0,279.0,0.4441,-0.9128,-0.0845,-5.855,7.2137,-1.458,0.3381,0.4485,0.7314,1.771,-0.4962,1.9008,59.43051891270607,81.60600148664052,9.40448067093553,2.644937821575396,0.003217408988354,0.1756622290401327,25.0,-50.0,lift_right,99.00689767633816,4.317115634052342,,13.720550537109375,0.9495285153388977
1773519388.5955,10,11,29.0,279.0,0.4526,-0.9163,-0.0552,-1.9389,8.0153,-1.0153,0.4014,0.4805,0.7546,-1.7939,3.2672,1.4962,59.55231920841106,80.77737712031445,8.308742467425501,4.016377408810083,0.0652636517526006,0.2712347101885376,-10.0,95.0,lift_right,98.21164207732092,3.9789731268712996,,10.539306640625004,0.9448961019515991
1773519388.6955,7,7,25.0,298.0,0.4497,-0.9255,-0.0745,-2.9847,7.5649,-1.374,0.3916,0.4944,0.7454,2.2214,7.0,-1.9084,59.619481666387095,80.32071308806371,8.24766767637979,7.587925178861479,0.0420871053597893,0.1365935243214788,-45.0,20.0,lift_right,99.46239821770006,4.14454625085155,,-8.509613037109371,0.9687899947166443
1773519388.7956,2,8,20.0,283.0,0.4438,-0.9287,-0.0732,-4.1374,5.6336,-2.1603,0.4133,0.4856,0.7085,4.1756,-2.0992,0.1603,59.48864254841806,79.02249015659456,7.315902118672722,4.67632035793101,0.0221123308753434,0.1508278544168845,-25.0,-70.0,lift_right,100.90941579586794,3.608986595281188,,-9.253417968749957,0.9659813642501831
1773519388.8956,0,8,20.0,284.0,0.4597,-0.9155,-0.0759,-3.1069,5.2901,-2.2901,0.4272,0.4822,0.6931,4.5038,-9.5267,3.2595,59.34897923162152,77.04517482628061,6.548476435782601,11.030256913599066,0.016192222180984,0.0325871910369002,35.0,0.0,lift_right,100.34132432159103,3.608986595281188,,-9.281280517578097,0.9607078433036804
1773519388.9957,13,0,27.0,283.0,0.4558,-0.9204,-0.0569,-4.3511,4.7481,-2.313,0.4363,0.5374,0.6458,13.3664,-28.7557,-3.3588,59.15335495206583,73.23507917510533,6.842988661396422,31.887810663167205,0.0019738156572601,0.3753183794138182,10.0,20.0,lift_right,99.98004960874752,5.615961954045807,,5.3996276855469105,0.9359732866287231
1773519389.0958,5,9,22.0,288.0,0.4697,-0.9087,-0.0984,-5.4046,3.8015,-0.0229,0.5735,0.5334,0.6555,10.313,-43.8855,1.5038,58.88679671838548,68.15282828530503,6.60769459191328,45.10605828145483,0.0124828095887574,0.7828079639232316,-30.0,25.0,lift_right,102.4994291634897,1.8567225664966045,-13.485153611828306,3.321075439453125,0.9390379190444946
1773519389.1958,2,2,21.0,288.0,0.4646,-0.9077,-0.115,-3.4046,10.4733,0.6641,0.7773,0.5271,0.5789,3.3206,-58.6412,6.0763,59.2738588481409,61.93880840433708,11.032784909532136,59.04860831120408,0.022508242823005,0.390647679706676,15.0,30.0,lift_right,101.09485595277498,2.4508797576612906,-13.485153611828306,-13.828002929687475,0.9440072774887085
1773519389.2959,11,5,25.0,294.0,0.4192,-0.9304,-0.0737,0.0229,13.2061,-0.1985,0.5994,0.5215,0.5083,8.3282,-70.1298,15.1069,59.866325974455805,54.6164555533309,13.207611588398562,72.22026163681491,0.0155727453445708,0.6887916710899333,20.0,100.0,lift_right,100.64733756196792,2.906183194837648,,-2.004577636718743,0.9606911540031433
1773519389.396,3,4,25.0,308.0,0.4312,-0.9258,-0.0598,-4.4885,9.2214,-2.9847,0.6365,0.5464,0.478,41.626,-55.4122,2.3817,60.07126803525572,48.91858687885587,10.681258554121792,69.34629247284963,0.0523161614053713,0.4994059307851084,0.0,-50.0,lower_right,92.53186335191509,3.278049005534717,,2.85061645507815,0.9700210094451904
1773519389.496,15,14,25.0,284.0,0.4766,-0.9138,-0.0784,-2.2519,2.9466,-2.7176,0.7781,0.5193,0.4614,16.9466,-27.4733,-6.9084,59.70778172262264,46.212679007366646,4.597701048350142,33.010535515347215,0.05022560813701,0.967409094076277,-10.0,-45.0,lower_right,98.64735669121447,0.8933087376455555,,6.034759521484414,0.9372485876083374
1773519389.5961,14,13,23.0,299.0,0.4319,-0.9099,-0.1082,-4.0611,6.4504,-0.3359,0.9424,0.5928,0.322,18.9313,-16.8855,-6.084,59.65049910017827,44.72171413321694,7.629745879123367,26.08695624138623,0.0290403161844921,0.1162443389446099,-15.0,70.0,lower_right,102.18850133387747,4.225908144829741,,9.898437500000004,0.9753980040550232
1773519389.6961,0,14,22.0,298.0,0.4216,-0.9353,-0.0618,-1.2748,6.5954,-1.6565,0.8269,0.552,0.2271,18.0916,-13.7176,6.6489,59.5881870590562,43.56648887163168,6.918699910387788,23.657692438824206,0.0396053912407012,0.7566532238472645,10.0,30.0,lower_right,102.31854406295413,1.9998794961110085,,6.0088195800781286,0.9688994884490967
1773519389.7962,5,4,25.0,305.0,0.4529,-0.9126,-0.0657,-2.8015,3.4275,-3.0305,0.8164,0.5554,0.2009,17.4504,-21.4122,10.5649,59.259020348711104,41.679092129733576,5.364707704059933,29.573905406794008,0.0168336336699448,0.1493829334425733,20.0,-25.0,lower_right,101.80737792607457,1.1200308299151784,,-3.535217285156218,0.9497624635696411
1773519389.8963,0,5,26.0,293.0,0.4712,-0.906,-0.0811,-3.6412,6.1603,-3.5725,0.7896,0.5806,0.1394,22.5649,-34.9847,19.2748,59.22524788124507,38.475073880516085,7.998149147146482,45.87615787247228,0.002513368535103,0.0849219464129519,5.0,-265.0,lower_right,97.47024620989508,0.6069645313120793,,-6.757080078124993,0.9289931058883667
1773519389.9963,12,2,26.0,252.0,0.4763,-0.9006,-0.0732,-2.9542,6.3511,-1.7634,0.8633,0.4724,0.1138,27.6183,-26.3435,12.2061,59.21905309646309,36.336444290419415,7.223112100057703,40.071677832978246,0.0059643642105711,0.126182125219616,10.0,-1085.0,lower_right,98.14483864639939,0.6069645313120793,,-7.589385986328097,0.906848132610321
1773519390.0964,2,3,28.0,76.0,0.4631,-0.9097,-0.0706,-2.3282,5.626,-1.5954,0.8706,0.5217,0.022,17.9695,-33.5802,14.0687,59.12421486184565,33.49977071284151,6.294258685500621,40.60124483288659,0.0373264637320003,0.1677529055362331,-20.0,-1065.0,rest,100.0710325818778,2.6659584274251102,,-8.971618652343718,0.9115634560585022
1773519390.1965,4,3,22.0,39.0,0.4541,-0.9209,-0.0659,-3.4351,10.3359,-0.7939,0.8635,0.4126,0.0134,1.1985,-18.2901,30.2824,59.478451165711206,32.32631979154015,10.92066930320665,35.39756926711211,0.0111380660526028,0.1086817613977225,-20.0,-290.0,rest,101.06958198867471,2.3579326721682707,,-8.971618652343718,0.9157565832138062
1773519390.2965,5,9,24.0,18.0,0.4666,-0.9043,-0.0835,-0.5038,7.5038,-1.0687,0.9121,0.3933,-0.0181,-5.542,2.1374,21.0458,59.56813066643541,33.22230094862022,7.59624568915461,21.8679660782616,0.0077130030437677,0.426668704461367,25.0,-80.0,rest,102.07760262774941,0.6739815815986848,,-17.898223876953097,0.8767035603523254
1773519390.3966,5,13,27.0,23.0,0.4868,-0.9067,-0.052,-3.9237,3.1985,-2.2061,0.939,0.4524,-0.0171,-2.2824,0.7786,-5.2519,59.2540572328015,33.91935255517651,5.522019662225046,5.779102121437205,0.0076342331379575,0.343585171284026,10.0,30.0,rest,102.07760262774941,0.6739815815986848,,-15.875427246093707,0.8495727181434631
1773519390.4967,4,16,26.0,24.0,0.4614,-0.9075,-0.0955,-6.7481,10.7328,-1.6718,0.9661,0.4402,-0.0327,5.2748,1.4656,3.2519,59.65724809919882,34.693479332000635,12.787680191887816,6.367601747125836,0.0400098103880652,0.2696767553165963,-5.0,-10.0,rest,102.29595089827573,0.2428749517350373,,-14.255371093749964,0.8218454122543335
1773519390.5967,3,5,26.0,21.0,0.4524,-0.9131,-0.0833,-1.1985,8.5725,-1.2137,0.8816,0.4458,-0.0344,3.626,0.5496,-3.7252,59.82944840174529,35.31561108680036,8.740550680020108,5.22752821130599,0.0321702152721392,0.3606005838538528,-15.0,-5.0,rest,101.91047151116187,0.37760499667405706,,-13.341033935546829,0.8004270195960999
1773519390.6968,12,7,23.0,23.0,0.4539,-0.9048,-0.0881,-1.1145,9.8779,-1.2061,0.8938,0.4258,-0.0022,0.2214,3.5725,-1.626,60.13154958587455,36.24994192850873,10.013475713756938,3.931367473284582,0.0687210005839189,0.1537627546663761,10.0,30.0,rest,101.74724815312418,0.37760499667405706,,-13.341033935546829,0.8389500379562378
1773519390.7969,2,10,28.0,27.0,0.459,-0.8965,-0.0552,-8.1069,28.2977,-3.8702,0.9177,0.4424,-0.0315,-3.6412,-0.4656,-4.1221,62.24345500938595,36.76342916580613,29.68939374490493,5.519676549400336,0.025535971927556,0.0274911003714262,20.0,10.0,rest,100.24737153799443,0.5228569179713052,,-3.150268554687461,0.8425840139389038
1773519390.8969,3,10,27.0,25.0,0.4661,-0.8965,-0.0337,2.4656,8.7023,-0.2672,0.906,0.4126,0.0056,1.7328,1.7099,-0.9924,62.400488386614654,37.50599261994086,9.048790222455152,2.6289183346007534,0.0325550590587564,0.0004391002947246,-15.0,-5.0,rest,99.97546235622784,0.44882357726372946,,-2.743377685546875,0.8571106791496277
1773519390.997,4,855,25.0,26.0,0.468,-0.9001,-0.0376,-3.9771,7.9542,-1.3053,0.9192,0.4395,-0.0312,3.2672,0.4122,-1.7939,62.48101798336317,38.084066415428296,8.988349689459127,3.750010918650771,0.0122954275713149,0.083856965680733,-5.0,-10.0,rest,100.62681059431044,0.30559205043330817,,-2.828918457031211,0.8575320839881897
1773519391.0971,1,867,26.0,23.0,0.4438,-0.9104,-0.0359,-2.8779,2.5878,-2.6565,0.9224,0.4158,-0.0327,2.0916,2.2061,-1.6794,62.00441579052969,38.85195946895896,4.6942528159441945,3.473046519987891,0.0415872701899766,0.0506524426737631,10.0,0.0,rest,105.57837706696584,0.2819136168085018,,9.143249511718778,0.8321898579597473
1773519391.1971,2,522,27.0,26.0,0.4766,-0.9048,-0.042,-2.0382,4.5191,-1.7481,0.8992,0.4575,-0.0254,-3.3359,-0.8702,-3.9008,61.76224792409026,39.24960095407955,5.256650802554797,5.2059309916671,0.0282780961625328,0.0773635166987019,5.0,20.0,rest,104.60527730193857,1.543283206086002,,1.7435302734375213,0.8149916529655457
1773519391.2972,3,590,27.0,27.0,0.4607,-0.9084,-0.0337,-3.2748,6.0687,-1.5038,0.8909,0.4458,-0.0354,1.4885,1.5954,0.1527,61.65925960345696,39.88785438376277,7.057963528525774,2.187293007349495,0.0224675218812697,0.032073320113849,0.0,-15.0,rest,103.14916110106542,1.5899062891711442,,3.9814453125000426,0.8268746733665466
1773519391.3973,1,5,27.0,23.0,0.4558,-0.9099,-0.0522,-3.9084,5.3817,-1.3511,0.9038,0.4602,-0.0535,0.542,1.0916,-1.2366,61.48488457757693,40.454269033974256,6.787028558949786,1.7362413772284082,0.0233775693355853,0.0397108439620497,-5.0,-5.0,rest,99.62097464489148,2.7285101688459066,,4.477020263671907,0.8257066607475281
1773519391.4973,1,10,26.0,26.0,0.4697,-0.9084,-0.0481,-3.2748,5.3282,-2.5038,0.9111,0.4214,-0.0437,1.8092,3.7634,-0.3282,61.32353248304327,41.31523002907266,6.736693901313908,4.188567707462779,0.0165755509956433,0.0110264344181187,-5.0,20.0,rest,107.37798368617386,1.125233961450574,,11.062011718750018,0.8586724400520325
1773519391.5974,0,3,26.0,27.0,0.4839,-0.8997,-0.0393,-4.3053,7.7939,-1.6794,0.9058,0.4526,-0.0413,3.5649,2.9542,-0.2672,61.42587664320716,42.04553762918043,9.060953021619746,4.637586170627992,0.0255535993421207,0.0744783687310279,-10.0,-5.0,rest,105.63329164267546,0.2903663298527921,,10.98376464843751,0.8695170879364014
1773519391.6975,1,0,24.0,25.0,0.4673,-0.9038,-0.0496,-3.4809,5.6412,-1.3511,0.9207,0.4346,-0.0564,1.5344,2.4275,-0.8244,61.29630876161482,42.73344188151705,6.765003581669414,2.9877709031985704,0.0149226579524563,0.0395707589043425,-5.0,-5.0,rest,103.17152326648444,1.3091434212460173,,1.8707275390625355,0.8137164115905762
1773519391.7975,2,0,25.0,26.0,0.4668,-0.9053,-0.04,-3.2748,4.0305,-1.7863,0.9167,0.4478,-0.0476,1.8015,2.9313,-2.4504,61.01045649152637,43.44279501535701,5.4918223733110665,4.224024396236366,0.0567405599406534,0.058109091167301,10.0,15.0,rest,105.54926080897096,0.2475453306214159,,9.980133056640632,0.8478744029998779
1773519391.8976,3,2,26.0,28.0,0.4668,-0.9153,-0.0725,-3.9542,4.6794,-2.4733,0.9324,0.4377,-0.0513,0.229,3.7939,-3.3817,60.787808183293336,44.23978897446065,6.606791573070851,5.087436790762122,0.0264971484797649,0.1420122168384513,0.0,-10.0,rest,100.74890724977789,1.074358433427546,,0.0026245117187784217,0.8516437411308289
1773519391.9977,3,7,25.0,24.0,0.4692,-0.9097,-0.0469,-1.4122,7.2672,-1.4275,0.8774,0.4607,-0.062,2.9008,3.6641,-1.9924,60.829288785545046,44.95577533507252,7.539513308563094,5.0803471544767485,0.0258873359196154,0.1738200413529228,-5.0,-15.0,rest,99.93293789612994,1.847758504074865,,-1.4288635253905824,0.8466943502426147
1773519392.0977,0,0,25.0,25.0,0.4648,-0.9124,-0.0422,-4.2214,7.0458,-1.4351,0.874,0.4778,-0.0303,-0.4885,1.8931,-3.1221,60.84260559630213,45.46792263575871,8.33804699015303,3.683743784521394,0.0044058727648998,0.1643159002864919,0.0,5.0,rest,99.93293789612994,1.9062670050035022,,-2.683776855468718,0.8104431629180908
1773519392.1978,3,0,25.0,25.0,0.4636,-0.9111,-0.0554,-4.2366,7.8092,-1.0305,0.9221,0.448,-0.0359,1.2214,4.1069,-1.6718,60.92957302586147,46.24134372128751,8.943954072444694,4.599278292297608,0.0256126483458007,0.1933611405949692,5.0,15.0,rest,100.79572651584039,1.4274518860919114,,-1.8587646484374964,0.8330408334732056
1773519392.2979,2,0,26.0,28.0,0.4756,-0.9106,-0.0737,-6.0763,3.6336,-0.7786,0.9246,0.4636,-0.043,-2.4275,1.687,-3.2366,60.61709567977376,46.74728455689331,7.122547901558823,4.38341246176994,0.0502823700625143,0.2297392126827468,0.0,0.0,rest,104.21897649179017,1.1968753242942682,,-8.330505371093722,0.8171997666358948
1773519392.3979,1,2,25.0,25.0,0.4663,-0.9197,-0.0742,-12.3664,8.6641,-1.3817,0.9512,0.4917,-0.0457,0.8244,7.6641,-3.5573,60.79004985592375,47.814695501194215,15.162571439567897,8.489549308414436,0.1366815354188777,0.034391747699447,0.0,0.0,rest,104.66251004932259,1.127824719435805,,-9.611907958984371,0.8367398381233215
1773519392.498,1,1,26.0,28.0,0.4587,-0.8865,-0.0947,-3.7939,-2.6718,-1.3359,0.9155,0.4951,-0.0518,-2.0687,1.9695,-8.9542,59.856929593355225,48.28071053964242,4.82874945094483,9.398731168620582,0.0851833623597386,0.291720990428832,0.0,-30.0,rest,104.30421877133735,1.508542702895846,,-7.9205627441406,0.8456310629844666
1773519392.5981,6,2,25.0,19.0,0.4751,-0.8931,-0.1025,-5.4122,7.687,-1.1679,0.9019,0.4619,-0.0144,-11.6336,7.3969,-3.8092,59.97024427845736,49.29738970283803,9.473429592813789,14.302614558534394,0.0771403267487402,0.2136497706254619,-10.0,-35.0,rest,105.194370756124,2.144448267730932,,-7.296417236328097,0.8282636404037476
1773519392.6982,1,3,24.0,21.0,0.4526,-0.9075,-0.0896,-0.8779,9.3206,-0.9542,0.8562,0.5154,0.001,0.0,0.0,0.0,60.21218026145864,49.4905139709865,9.41035548797175,0.0,0.0440412336555418,0.5058383017969137,5.0,735.0,rest,106.0068070390623,1.2224800765748938,,-16.472778320312464,0.8720380067825317
1773519392.7982,0,3,26.0,166.0,0.4761,-0.9077,-0.0354,-2.5267,13.1221,-0.3588,0.7876,0.4128,-0.2036,-58.458,143.6336,-12.9618,60.8470957794934,63.77075010937973,13.367963896570036,155.61477138176826,0.1321926639746173,0.0470908233189687,-5.0,765.0,lift_right,104.12323266262202,0.818860073651333,,-17.993103027343746,0.9130690097808838
1773519392.8983,1,4,23.0,174.0,0.4456,-0.8774,-0.1221,3.3511,15.2519,0.5115,0.8508,0.5017,0.2051,-13.3359,60.7099,-14.6107,61.6589033755967,69.5949195414941,15.62408259930803,63.85147407311752,0.0362008400658364,0.2476358487207125,5.0,65.0,lift_right,103.18367495159592,1.3286110760029577,,-17.506896972656207,0.914521336555481
1773519392.9984,2,3,27.0,179.0,0.4517,-0.907,-0.1018,-2.0687,3.5496,-2.7405,0.7373,0.5283,0.3198,-29.7099,66.2672,-9.0458,61.30020955007259,75.69822367906166,4.938574703292439,73.18364879869,0.1963674011057004,0.1768659346977635,10.0,90.0,lift_right,100.33569148680384,1.47858723656264,,-13.940063476562496,0.8900305032730103
1773519393.0984,2,2,25.0,192.0,0.502,-0.8989,-0.052,-3.3969,4.9008,-2.0458,0.7268,0.4893,0.4241,-38.8855,86.7405,2.1603,61.13730178932169,83.65086377595014,6.304131017832672,95.08240292814438,0.081536663391708,0.6247721855809757,-10.0,35.0,lift_right,100.05309072737897,1.47858723656264,,-9.38488769531249,0.9132100939750671
1773519393.1985,1,3,25.0,186.0,0.4797,-0.876,-0.0813,-2.7405,7.4427,-1.0382,0.7878,0.5188,0.5396,-11.855,56.4046,-2.9008,61.21597728997193,88.43476909532613,7.99887384448586,57.70991740420359,0.0178383131529957,0.5481592693269538,-15.0,40.0,lift_right,93.11600362310169,0.5906001037843536,,-2.47100830078125,0.9585286974906921
1773519393.2985,0,6,22.0,200.0,0.4653,-0.9143,-0.0542,-3.9771,4.6412,-2.8092,0.7341,0.4778,0.637,-6.771,62.3817,-2.4733,60.9851268385717,93.63294686266342,6.726787233888107,62.796816390482725,0.1122676827734026,0.6458969510726298,-5.0,55.0,lift_right,90.82319285634763,1.2050717725662288,,-2.47100830078125,0.967121422290802
1773519393.3986,3,1,24.0,197.0,0.4629,-0.9104,-0.0806,-3.5725,3.3817,-2.9618,0.5986,0.3816,0.6426,-21.2824,67.6107,0.4351,60.63405403274696,99.15999487262546,5.742030161885254,70.88255509122114,0.0118215608227356,0.1423498393606759,20.0,50.0,lift_right,89.44344835076811,3.231810847393361,,-2.054016113281243,0.9555836319923401
1773519393.4987,3,0,26.0,210.0,0.4924,-0.8918,-0.113,-2.374,9.2061,-0.8321,0.54,0.5122,0.7471,5.855,63.1832,-14.084,60.8978157873432,103.9847707615168,9.543612713223435,64.99812953647205,0.0575565208294459,0.2527618751077237,0.0,70.0,lift_right,89.44344835076811,4.42984523647641,,4.401062011718775,0.9621825814247131
1773519393.5987,2,4,24.0,211.0,0.4709,-0.9209,-0.0593,-2.2672,7.0153,-0.6947,0.4792,0.3857,0.6665,9.6183,25.374,-13.229,60.90805485062285,105.02960094199932,7.405216946180577,30.18870669455715,0.0218438390289676,0.3537824782321458,-15.0,40.0,lift_right,97.737465535862,5.15971243715034,,1.8737792968750178,0.9362342953681946
1773519393.6988,2,4,23.0,218.0,0.4426,-0.9165,-0.0757,-3.687,6.8397,-1.4733,0.4092,0.4407,0.7786,7.5954,9.2748,-4.6641,60.87420085754452,104.32950307975804,7.908607840827613,12.86335279038867,0.0808435102480753,0.5090677904014967,5.0,15.0,lift_right,100.7052636207937,4.83449151306375,,-7.902465820312479,0.9526389241218567
1773519393.7989,1,0,25.0,214.0,0.4692,-0.9021,-0.0784,-3.6107,7.3893,-2.9389,0.4275,0.4194,0.8118,-2.6718,19.6718,-5.8397,60.928701821781765,104.67220858857137,8.733615642447292,20.69348512382581,0.0364094591258634,0.1197037639266279,5.0,30.0,lift_right,100.8013968918266,3.770378809131507,,8.021362304687507,0.9260826110839844
1773519393.8989,1,146,24.0,224.0,0.4392,-0.9082,-0.0952,-2.8244,7.0458,-2.8626,0.4094,0.4446,0.8064,6.0229,18.3053,-7.3359,60.91432893284551,104.85207580449983,8.112645176513022,20.61976627680343,0.0012833939878098,0.1079254452760264,5.0,110.0,lift_right,97.96315671975351,3.7411596769372104,,9.086486816406278,0.929828405380249
1773519393.999,0,627,26.0,236.0,0.4741,-0.9004,-0.0715,-0.6947,4.5954,-1.4275,0.3516,0.4866,0.7837,4.2595,6.8626,-3.0611,60.70028347157245,103.84485338327345,4.861899371644789,8.637647377613883,0.01326644083388,0.3909813695010544,0.0,30.0,lift_right,97.657857969302,3.0491731167612146,,7.979736328125,0.9086186289787292
1773519394.0991,0,855,24.0,230.0,0.4668,-0.8999,-0.0667,-1.8626,5.4504,-2.2061,0.3301,0.4265,0.7571,10.1985,-0.5573,-4.5038,60.56747229879241,102.1293531515691,6.167902084988056,11.162625138380308,0.0027289194753787,0.2629205635465426,-15.0,5.0,lift_right,98.65071080879426,2.7982725665951906,,7.979736328125,0.9305430054664612
1773519394.1991,0,859,23.0,237.0,0.479,-0.8975,-0.0674,-3.4122,6.1069,-1.8397,0.3049,0.4785,0.7427,9.3053,-4.0534,-0.1069,60.51504268026133,100.0703303041739,7.233383201517808,10.15037374976902,0.0832818566030668,0.3100237639896525,5.0,80.0,lift_right,100.79574165812055,3.4183838371083324,,6.928741455078171,0.9308755993843079
1773519394.2992,0,848,25.0,246.0,0.4651,-0.9194,-0.0684,-2.6336,8.6107,-1.2595,0.3281,0.5164,0.7803,8.6107,-10.0,2.9389,60.68399033725467,97.47538402868696,9.09210337050784,13.519663002456827,0.0524966982136176,0.3667365469337219,15.0,50.0,lift_right,103.44957373323841,2.9568030176446083,,6.846252441406264,0.9303328990936279
1773519394.3993,3,295,26.0,247.0,0.4612,-0.918,-0.0747,-2.5649,6.3817,-1.6641,0.3586,0.5364,0.7744,2.626,-5.3511,2.1069,60.627697637936905,95.41827242948052,7.076300990630628,6.322117906208329,0.0443298869727326,0.1499162262080783,5.0,65.0,lift_right,100.1958145156853,3.5728827315167155,,6.846252441406264,0.937627911567688
1773519394.4993,0,857,26.0,259.0,0.467,-0.9075,-0.0801,-3.4962,7.145,-1.1908,0.386,0.5342,0.7805,4.8626,-2.8092,-0.9924,60.65815417979257,93.6786298156507,8.043161323758214,5.70274856187786,0.0080121052341419,0.1446386491471352,-5.0,105.0,lift_right,98.34644498407806,3.3623596937889317,,6.4908447265625036,0.9428619742393494
1773519394.5994,1,852,25.0,268.0,0.4683,-0.9138,-0.0581,-2.3588,4.6489,-1.3817,0.428,0.5061,0.7974,-0.6947,2.6107,-0.2901,60.44232610095042,92.54848203277888,5.393079226193511,2.717079422836219,0.0223373235377577,0.025099334427675,-5.0,-55.0,lift_right,98.95929679552022,2.7037356442900493,,6.301025390625021,0.9427363872528076
1773519394.6995,0,849,25.0,248.0,0.4797,-0.908,-0.0515,-2.4198,4.7176,-1.5649,0.4338,0.5071,0.7668,-0.2595,4.1145,-1.4046,60.251998094082886,91.60596259559244,5.528118469244306,4.355381918959576,0.0336214106607235,0.1632934211057923,5.0,-40.0,lift_right,103.24764516731746,1.794292409839798,,6.7871093750000355,0.9381290078163147
1773519394.7995,1,838,26.0,260.0,0.481,-0.8989,-0.0674,-3.3664,6.5038,-3.9084,0.4058,0.5017,0.7695,2.5038,-0.9695,-0.2061,60.24601867127203,90.15550825442492,8.301063423441601,2.6928464308237112,0.0434881559884492,0.1617692924592928,-5.0,55.0,lift_right,101.61950321290605,2.319722971932723,,9.514190673828171,0.9387748837471008
1773519394.8996,2,844,24.0,259.0,0.4854,-0.8943,-0.0635,-2.4885,6.084,-1.6718,0.4446,0.4939,0.8115,3.3893,-3.7176,1.7939,60.20595947785072,88.48967261344926,6.782521912238839,5.340971958361137,0.0412252926327372,0.0367319441471813,5.0,-50.0,lift_right,101.26772218084362,2.4437483955658017,,10.111145019531289,0.9323989748954773
1773519394.9997,0,829,27.0,250.0,0.4741,-0.9133,-0.0442,-0.855,6.3817,-1.5191,0.3411,0.5366,0.7678,-1.3588,12.5573,-0.3588,60.17538138895775,88.35066680630275,6.615495801525386,12.635697771393554,0.0601266245007636,0.4795033797193887,5.0,60.0,lift_right,100.41648714290152,2.993823058342955,,11.085937500000043,0.9329774379730225
1773519395.0997,2,830,25.0,271.0,0.4761,-0.9143,-0.0383,-2.6489,5.4962,-1.0,0.3096,0.5396,0.7219,-4.8855,17.3664,-1.6031,60.06023347545226,88.66472387631555,6.182627730180752,18.11159542447876,0.057307545999522,0.0487997942573398,-20.0,110.0,lift_right,100.1720862450901,0.5989808119079199,,2.2940063476562678,0.936210572719574
1773519395.1998,1,823,23.0,272.0,0.4792,-0.896,-0.0701,-5.9695,6.4046,-1.4351,0.3523,0.531,0.7539,-0.0229,4.9924,1.8015,60.04800332945037,87.79887143308218,8.872054069943443,5.307540336163259,0.0276456724042184,0.3635517056678022,-10.0,85.0,lift_right,,1.1623487391769756,,1.999145507812532,0.9242532253265381
1773519395.2999,1,222,23.0,288.0,0.5,-0.908,-0.0325,-3.8397,4.4198,-1.771,0.4363,0.4932,0.7864,2.3359,5.7939,-1.0076,59.856670823531154,87.11418352226636,6.11672862974973,6.327792962795163,0.0280969804484498,0.2174172616589459,5.0,-45.0,lift_right,,1.840631597061292,,1.999145507812532,0.9264399409294128
1773519395.3999,0,252,24.0,263.0,0.4934,-0.8943,-0.075,-3.0611,7.8779,-1.2061,0.4355,0.4878,0.7966,4.4504,-0.4885,-0.8168,60.00759956221496,85.8239539049224,8.537348466005122,4.551027867416327,0.0476219548229717,0.1568499631942099,0.0,-60.0,lift_right,98.14987875882395,2.045789829086876,,1.5301818847656534,0.9251459240913391
1773519395.5,2,184,23.0,276.0,0.4636,-0.9373,-0.0437,-3.1145,5.4962,-2.4656,0.4116,0.4836,0.7651,6.4733,-3.4504,-1.0382,59.87193213600544,84.25840422743875,6.781409001822556,7.40855804391111,0.065033566869328,0.1028439761515431,5.0,50.0,lift_right,101.51513174532312,1.7429977689063414,,6.532226562500014,0.9274178743362427
1773519395.6001,0,355,25.0,273.0,0.5029,-0.9062,-0.0393,-2.7252,1.6412,-3.1908,0.4492,0.5474,0.7769,3.0382,-8.8855,1.5878,59.41544028033567,82.20841562492211,4.505713830238223,9.523858374104478,0.095381686120628,0.0011254754440631,15.0,75.0,lift_right,101.51513174532312,1.5283881174665537,,5.760894775390639,0.9374847412109375
1773519395.7001,1,149,26.0,291.0,0.5076,-0.8892,-0.0864,-4.9008,0.8168,-2.4733,0.4463,0.4951,0.7375,-4.3588,-20.8473,4.771,58.899260438364806,79.05474318693192,5.549974393634623,21.82593630820909,0.0606252795446815,0.3575745962220478,-5.0,110.0,lift_right,95.18659924624907,2.525052106223274,,5.270111083984403,0.9379056096076965
1773519395.8002,2,174,24.0,295.0,0.5122,-0.8853,-0.0674,-3.2748,4.855,-1.3893,0.6184,0.6021,0.718,2.4351,-52.084,13.2061,58.79667085401651,73.03787168583173,6.018761876831481,53.78730189570769,0.0615398287854562,0.3217325634881279,-5.0,10.0,lower_right,96.49535828979889,2.4428614681963396,,7.404876708984407,0.9332482218742371
1773519395.9003,2,137,25.0,293.0,0.4539,-0.9028,-0.0979,-1.855,7.3511,-0.5038,0.6396,0.5459,0.6428,9.229,-94.8244,19.229,58.87229853683621,63.0278752849159,7.598257079751908,97.1935991583808,0.0208534464063381,0.7116038346638986,10.0,-10.0,lower_right,97.46819062853851,2.3329383688865977,,11.231658935546882,0.9385617971420288
1773519396.0003,8,0,26.0,293.0,0.4622,-0.918,-0.0535,-1.3435,9.8015,-2.2137,0.6792,0.479,0.52,35.6336,-60.9389,-5.9542,59.1891117888932,56.67233210290864,10.137793753573805,70.84317525217232,0.0617705244919675,0.0931345574872277,5.0,-110.0,lower_right,98.95092676806142,3.765047785275931,,5.304016113281271,0.9432189464569092
1773519396.1004,1,124,26.0,271.0,0.4556,-0.9199,-0.0459,-4.7939,6.1603,-2.7405,0.7766,0.5842,0.4644,33.6794,-57.4122,-0.6107,59.13543034620387,50.83528971517403,8.272914453202088,66.5645224401858,0.0613762869372958,0.3727288571061626,-10.0,-95.0,lower_right,98.95092676806142,2.6955131111255453,,0.18893432617190342,0.9568668007850647
1773519396.2005,1,205,24.0,274.0,0.4475,-0.9097,-0.0793,-4.5573,5.8397,-2.7863,0.8333,0.5066,0.4023,41.2672,-68.9695,0.1069,59.04716668554445,44.10311509701284,7.914199079502612,80.37278863956382,0.0519697296605636,0.13681949590431,-5.0,55.0,lower_right,93.33795303930715,1.9454655504311975,,0.2667846679687713,0.939798891544342
1773519396.3005,0,124,25.0,282.0,0.4683,-0.8994,-0.0801,-4.0382,6.7481,-2.1985,0.8745,0.5105,0.2766,25.5115,-54.6031,0.1756,59.07578730304424,38.99831082806337,8.165617863946366,60.269113127870064,0.0441724284883093,0.1600421985019051,-5.0,95.0,lower_right,93.33795303930715,1.0195495038230447,,2.8387451171875178,0.957653820514679
1773519396.4006,1,0,23.0,293.0,0.4988,-0.8933,-0.0732,-2.9008,9.8473,-1.3664,0.8777,0.4968,0.4053,15.6947,-61.6794,9.8473,59.441237747130494,33.250805904833854,10.356206201597184,64.40218404479774,0.0455135399590822,0.2604145223904791,0.0,15.0,lower_right,96.99670782673863,1.392920240317913,,-7.927917480468718,0.9429032802581787
1773519396.5007,1,0,25.0,285.0,0.4705,-0.9092,-0.0723,-0.6641,6.2901,-2.0076,0.8447,0.5188,0.1121,22.8397,-55.2901,22.4962,59.41459027524741,28.32449049970721,6.636026264263878,63.91186172018462,0.0313422286659792,0.2917545511917507,10.0,-135.0,lower_right,99.00109568474004,1.2044115166225275,,-16.857055664062468,0.8739129304885864
1773519396.6007,0,0,25.0,266.0,0.4829,-0.8953,-0.0676,-3.1832,5.7328,-2.542,0.905,0.4863,0.0498,7.1832,1.5191,-8.8855,59.35357687419573,29.139351132718627,7.032746410898092,11.52641042562688,0.0783596299980515,0.0846019287550686,10.0,-1055.0,lower_right,98.74603810271333,0.793912849988972,,-11.982666015624996,0.897834300994873
1773519396.7008,2,0,27.0,74.0,0.4675,-0.8911,-0.0933,-2.5878,5.9313,-1.6641,0.8547,0.4807,0.0134,7.5725,-24.6718,-8.145,59.29886601324324,27.35145248391729,6.681785490420955,27.062547856585866,0.021077100889727,0.2027134333422309,0.0,-1125.0,rest,94.56169260916022,0.4527191770381285,,-2.467285156249961,0.9375903010368347
1773519396.8009,0,0,25.0,41.0,0.4634,-0.9102,-0.0688,-4.2672,5.4504,-1.8244,0.9084,0.5627,-0.0349,4.6031,4.1527,7.9695,59.18533925249719,28.37488757799408,7.158511811822343,10.096849862704705,0.0855592939815896,0.169935841169363,-5.0,-260.0,rest,96.40299902603225,0.4527191770381285,,-8.0548095703125,0.9049778580665588
1773519396.9009,0,0,26.0,22.0,0.4739,-0.9087,-0.0767,-3.8015,4.1679,-2.5344,0.8892,0.4866,-0.0461,-3.6107,-3.8321,12.229,58.959274325352034,28.65590635492424,6.184333110368491,13.314300052950584,0.0002440382755564,0.1738467693321432,-15.0,-45.0,rest,96.87270184691614,1.062539502885844,,-9.118530273437475,0.862978458404541
1773519397.001,0,0,22.0,32.0,0.4988,-0.8887,-0.0972,-1.9695,4.9924,-1.7481,0.9189,0.4656,-0.0935,-2.5115,4.2214,2.2366,58.85252369824853,29.74987928876941,5.6443637037313605,5.397242793315861,0.0516742785232071,0.0540768878843911,-15.0,40.0,rest,99.99239401753998,2.1732204079134076,,-9.118530273437475,0.8545698523521423
1773519397.1011,0,0,23.0,30.0,0.4734,-0.8938,-0.1099,-2.7481,8.2061,-1.2519,0.8901,0.5037,-0.0752,7.084,2.3511,0.3664,59.03427989506596,30.589757376668736,8.744105696410582,7.472949629831583,0.004084246300211,0.1623898076607122,15.0,-40.0,rest,100.67869266960098,1.38808846814898,,-0.1314086914062429,0.8395693898200989
1773519397.2011,0,0,25.0,24.0,0.4744,-0.9016,-0.0918,-1.6031,9.145,-0.4504,0.884,0.47,-0.0376,3.5191,4.4198,0.8244,59.30241779141281,31.649617634362407,9.295365230586691,5.709494917240929,0.0711251240096721,0.0895864985304828,15.0,-10.0,rest,100.60662158757361,1.278892775221661,,-3.018981933593743,0.8383690118789673
1773519397.3012,1,0,26.0,28.0,0.48,-0.9097,-0.0791,-4.7176,9.084,-0.9313,0.9255,0.479,-0.0522,1.4275,-0.6947,0.687,59.56118636121828,32.19849490241227,10.278235522209052,1.7298362176807376,0.0388841511395388,0.1211281557388599,-15.0,35.0,rest,103.50004032678441,0.5895995970111605,,-1.9968261718749858,0.8273448944091797
1773519397.4013,0,0,22.0,31.0,0.4526,-0.9048,-0.0837,-3.0992,8.7634,-1.0992,0.8706,0.4377,-0.0793,7.4885,4.1908,-0.313,59.75832857140036,33.22393602651995,9.360045984929776,8.58710695694423,0.0598329442241452,0.0034946322398132,-10.0,-15.0,rest,101.99898746205012,0.45637755825830384,,-1.9968261718749858,0.8209434747695923
1773519397.5013,1,0,24.0,25.0,0.4756,-0.8977,-0.0872,-0.6489,8.2672,-0.9618,0.9058,0.5142,-0.0728,1.084,1.0305,-1.6489,59.92941596508879,33.86390215788104,8.348216952739069,2.2261755231787093,0.0380127965890875,0.1486846776706818,15.0,-40.0,rest,100.92756374973389,0.9537368454613364,,-5.6231689453125,0.8158477544784546
1773519397.6014,0,0,25.0,23.0,0.4773,-0.9021,-0.0664,-0.542,8.0305,-0.7786,0.875,0.4941,-0.0713,1.1603,2.313,-0.2595,60.07420311852107,34.61917292613855,8.086341089145325,2.6006932421952422,0.0062997089130611,0.2088221312519833,0.0,-10.0,rest,100.18709900700804,1.2683451445450962,,-3.368133544921843,0.8554900884628296
1773519397.7015,0,0,24.0,23.0,0.4778,-0.9006,-0.0535,-1.0229,7.2519,-0.2061,0.8777,0.4771,-0.082,2.3206,2.3206,-2.5802,60.14152053754704,35.37662960331416,7.326585509635439,4.174661753962829,0.0177524735221157,0.1265274591299414,0.0,0.0,rest,,0.7789219603724361,,-9.669097900390575,0.8130460381507874
1773519397.8015,0,0,25.0,23.0,0.4556,-0.9092,-0.0674,-1.7557,8.2748,-0.6489,0.9238,0.4541,-0.0828,-6.4733,-1.0458,-9.0916,60.28067275860043,35.83561813688602,8.483859306942803,11.209571851324206,0.0265291537570866,0.0567189342325979,5.0,5.0,rest,100.40633178044308,0.9653423925363359,,-9.631744384765586,0.8510035872459412
1773519397.9016,12,0,25.0,24.0,0.4568,-0.9182,-0.0366,-1.0153,6.0153,-1.8779,0.853,0.4993,-0.072,3.145,3.1832,-1.7099,60.1931984349541,36.61885761847777,6.38288152717877,4.790359615936991,0.0058047219533896,0.1180495358998467,10.0,-5.0,rest,100.40981187046351,1.4627447562429245,,-6.062072753906218,0.8153910636901855
1773519398.0016,5,0,27.0,22.0,0.4604,-0.9065,-0.0518,-4.9847,5.7405,-2.7939,0.865,0.5139,-0.0771,1.6947,1.6947,0.6947,60.0896586008678,37.23265158641014,8.099780956914822,2.495320474408047,0.0426797266418066,0.0920521296252907,0.0,-15.0,rest,100.05073087924184,1.0999141011029596,,-6.062072753906218,0.8317890763282776
1773519398.1017,0,0,25.0,21.0,0.4714,-0.8992,-0.0698,-3.2366,6.9542,-1.6183,0.886,0.4783,-0.0718,-1.9237,2.3817,-0.2214,60.12127269592098,37.948810893515954,7.839347682683809,3.0695495663044765,0.038936798230551,0.0018385000338339,-15.0,5.0,rest,98.03538596507791,1.7007563157927896,,-5.945922851562493,0.8372532725334167
1773519398.2018,0,0,24.0,23.0,0.4668,-0.9114,-0.0613,-3.9084,7.458,-1.2137,0.8872,0.4766,-0.0688,0.8015,2.2137,1.9313,60.19109413796423,38.63694692963302,8.507080712559391,3.045125552419801,0.0847336436286594,0.0506255676287825,5.0,10.0,rest,97.53385933802986,2.26392254682035,,-6.355712890624972,0.8293561935424805
1773519398.3018,0,0,26.0,23.0,0.4678,-0.9216,-0.0474,-3.0763,7.2137,-1.5878,0.8608,0.5022,-0.0735,0.7863,2.7252,0.5496,60.23184705952366,39.32078342948102,8.001387268467887,2.8891249349932933,0.0168945488313876,0.0617871947522219,0.0,-10.0,rest,100.62298285723901,1.2137859508642224,,-3.9136352539062003,0.826655387878418
1773519398.4019,1,0,24.0,21.0,0.4639,-0.9097,-0.0513,-2.7328,5.7405,-2.229,0.8896,0.4976,-0.0715,-2.3817,0.1221,0.771,60.12942788355551,39.75691997965594,6.737208404821688,2.50636076812577,0.098539662666186,0.0020828843266113,10.0,-20.0,rest,100.2729994565228,1.2137859508642224,,-4.450042724609347,0.8180359601974487
1773519398.502,0,0,28.0,19.0,0.468,-0.8982,-0.0652,-3.4046,7.2137,-1.6412,0.8918,0.4463,-0.0571,-0.3588,4.5725,-1.0611,60.18297712570542,40.67444230487957,8.143850826850894,4.707698684070594,0.0093842489186513,0.0639773357363648,-5.0,-15.0,rest,100.02386117102473,1.550962090619217,,-4.5252075195312,0.8240059614181519
1773519398.602,0,0,23.0,18.0,0.4624,-0.9084,-0.0505,-1.8168,7.4046,-1.145,0.8657,0.5154,-0.0552,1.6718,3.1298,-1.6718,60.243800275702746,41.34944309686017,7.709726869351469,3.9224327298246937,0.0719172960850123,0.1202419549497707,0.0,15.0,rest,99.51534320236796,1.5041162556700078,,-5.684631347656222,0.8334032297134399
1773519398.7021,0,0,28.0,22.0,0.4683,-0.9153,-0.0486,-4.0458,6.6947,-1.5649,0.8833,0.5137,-0.0476,-0.6718,1.2214,-0.3282,60.236269022842656,41.83640119154526,7.97724374329881,1.432078363777625,0.0169179226280913,0.0083751978912638,25.0,20.0,rest,100.35222171472019,0.889599249256535,,-4.6259155273437,0.8150981664657593
1773519398.8022,2,0,28.0,22.0,0.468,-0.908,-0.0706,-3.2214,6.9695,-1.8168,0.8784,0.488,-0.0708,0.3664,3.2672,0.1603,60.258497839038846,42.5336860888264,7.890000662230644,3.2915863789364543,0.011175443823842,0.1580249397954697,-20.0,-20.0,rest,105.58196357828984,0.4889921088378858,,-13.509155273437479,0.7448806762695312
1773519398.9022,0,0,24.0,18.0,0.4661,-0.9131,-0.062,-2.3664,7.4198,-1.687,0.8718,0.4695,-0.0474,0.4656,2.8702,-0.4885,60.3202506060359,43.19577730023999,7.9686416659302735,2.9484680174626283,0.0103238336029054,0.070681997528964,-10.0,0.0,rest,103.83205762897848,0.5022205753564906,,-3.7726135253905824,0.7799105048179626
1773519399.0023,0,0,26.0,22.0,0.4705,-0.9065,-0.0337,-3.2519,5.6336,-1.9618,0.8899,0.4978,-0.0608,1.1756,2.687,-0.5038,60.21422754867363,43.80712290519519,6.794185882797144,2.9758727795388022,0.0202720655068688,0.1905627895651013,30.0,15.0,rest,103.53611437510665,0.5022205753564906,,-2.9509277343749574,0.7952362298965454
1773519399.1024,2,0,30.0,21.0,0.4788,-0.9102,-0.074,-3.8321,6.1527,-1.8015,0.8987,0.4968,-0.0725,1.4427,2.8473,-0.374,60.16627550662882,44.42621428318677,7.469009971207696,3.2137791741188444,0.0034229859147916,0.0125250366853213,0.0,-20.0,rest,102.28212746851862,1.1520889872813067,,-2.9509277343749574,0.8595251441001892
1773519399.2024,0,0,26.0,18.0,0.4661,-0.9077,-0.041,-5.1069,3.6718,-2.7252,0.8896,0.502,-0.0718,-0.1221,2.9847,0.4885,59.86591802918394,45.03649210714175,6.854871106738623,3.0268754103860966,0.0138286770378581,0.0270596113704346,-20.0,-10.0,rest,103.78111463340156,0.7986393471803338,,-11.63616943359374,0.8351484537124634
1773519399.3025,0,0,26.0,19.0,0.4629,-0.9146,-0.082,-10.4809,8.8473,-1.4885,0.9097,0.4893,-0.0627,-0.8779,3.5496,1.1069,60.07068933949901,45.71423215321449,13.796362359332262,3.8204183252623,0.1089597283191645,0.2060033109487147,15.0,10.0,rest,100.3014177414306,1.8182187847989484,,-1.100830078124968,0.8222284913063049
1773519399.4026,0,0,29.0,20.0,0.4548,-0.9351,-0.0811,-8.2214,6.6641,-1.1756,0.9214,0.5325,-0.0457,3.7328,4.4962,-5.2214,60.03940395861212,46.43825817430185,10.64817740883387,7.8366209708011265,0.0481515105694918,0.0076843110258284,-5.0,20.0,rest,100.3014177414306,1.9545312818060827,,-0.8017272949218324,0.8083761930465698
1773519399.5026,0,0,25.0,23.0,0.5117,-0.9006,-0.0669,-6.542,-0.2137,0.0305,0.8936,0.5181,-0.0278,10.1221,10.1145,-11.5573,59.4084046336851,47.6979047243719,6.545560475620098,18.39378161091405,0.1292314858788279,0.2004603617510902,-20.0,15.0,rest,101.24822308844828,1.8389431933491927,,-12.96551513671874,0.8567721247673035
1773519399.6027,0,0,25.0,23.0,0.4424,-0.9094,-0.1089,-5.6107,5.5267,0.3435,0.8743,0.5325,-0.0535,-0.9847,8.7634,-7.2977,59.277485988569865,48.77332305506743,7.8830425363561245,11.446538295047985,0.0889955325779967,0.2577823092912934,5.0,-20.0,rest,99.92838318330841,1.8389431933491927,,-12.96551513671874,0.861556887626648
1773519399.7027,0,0,26.0,19.0,0.446,-0.9094,-0.1218,-2.1069,4.855,-1.6794,0.8413,0.5037,-0.0483,8.5191,16.4122,-1.2443,59.08620728815514,50.585745524626816,5.552516273726715,18.53331206611489,0.0353716445012886,0.1911940231547138,10.0,540.0,rest,99.92838318330841,1.8658783071171718,,-13.444030761718704,0.8586598634719849
1773519399.8028,7,0,27.0,131.0,0.4824,-0.8806,-0.1099,1.8855,0.1908,-1.3206,0.8245,0.5396,0.054,-14.855,29.5038,-9.5725,58.493743955146,53.59872364887138,2.3098699638724254,34.39153959464449,0.1232720321272606,0.3326283101890021,0.0,775.0,lift_right,102.33876486047942,0.8240927443719415,,-13.57342529296874,0.8850807547569275
1773519399.9029,0,0,26.0,174.0,0.489,-0.9216,-0.0566,-0.1527,2.0534,-4.8626,0.7373,0.4116,0.353,-85.084,164.0763,13.0382,58.08321717112047,69.67958208237772,5.280591596592185,185.28441363733216,0.1825054022221917,0.0567165908961458,-10.0,225.0,lift_right,100.50184734375246,1.1032424661398983,,-4.527130126953107,0.9239461421966553
1773519400.0029,0,0,25.0,176.0,0.4788,-0.9304,-0.0205,-2.1985,12.8015,-0.5038,0.8218,0.5188,0.2278,-39.0229,69.374,-5.6565,58.720609435282384,76.19293762907418,12.998677584277566,79.79683322450835,0.0765426934886115,0.4963750300901665,-5.0,30.0,lift_right,94.38743389643945,1.0479204225928327,,-2.006713867187475,0.9395519495010376
1773519400.103,0,0,25.0,180.0,0.4426,-0.9229,-0.1108,-2.542,8.9008,-2.1374,0.8083,0.488,0.3711,-26.1832,60.4351,-4.4275,58.92771032956884,81.64813210909425,9.500235965490544,66.01184765252371,0.1969531675282632,0.3040037647907273,10.0,45.0,lift_right,97.14224711664701,0.7964820132503981,,-11.688110351562493,0.8630216121673584
1773519400.203,0,0,27.0,185.0,0.4165,-0.9106,-0.1084,2.5267,1.687,-2.4885,0.78,0.5186,0.4941,-24.771,63.9618,-3.2214,58.40301781569114,87.2321827132846,3.927189088903156,68.66652545600365,0.0994130854211905,0.1079941023365926,5.0,65.0,lift_right,99.53127525649947,0.8603692601893754,-13.622839587209503,-2.5389709472655753,0.9595844745635986
1773519400.3031,2,0,26.0,193.0,0.4971,-0.8752,-0.0793,3.7557,2.9389,-1.7405,0.72,0.5176,0.5359,-7.7099,53.7634,-9.6031,58.11287801133953,91.63676133446712,5.07658900739463,55.15582713712124,0.0638134884198282,0.3565770115570033,-5.0,45.0,lift_right,101.5239731318532,1.9188820838944793,-10.729650161476735,-2.5389709472655753,0.9712953567504883
1773519400.4032,1,0,26.0,194.0,0.511,-0.8809,-0.0564,-3.4122,11.6565,-0.8702,0.6118,0.4421,0.637,-13.9313,61.8244,-12.3053,58.69429121926704,96.62830567405182,12.17679551975806,64.55817502950343,0.1002003565241216,0.1433837824211881,-5.0,40.0,lift_right,97.88793534396129,2.0089913778852906,-8.819478119241184,-0.9623718261718395,0.9268614649772644
1773519400.5032,0,0,25.0,201.0,0.4802,-0.908,-0.072,-6.8321,9.4656,-1.5344,0.5854,0.4734,0.6694,-11.0458,71.7176,-9.7634,59.00399796144057,102.43460606597576,11.77410536431537,73.21712796170033,0.0540474883151809,0.0598091947682349,0.0,120.0,lift_right,94.50159951979474,3.5150465389573244,,-0.5327758789062109,0.9532282948493958
1773519400.6033,4,0,26.0,218.0,0.4316,-0.9072,-0.0952,-3.4504,7.8855,-1.5802,0.5237,0.467,0.678,14.6947,27.9313,-13.2366,59.10312185464779,103.77240811610308,8.751194344202396,34.22425028163509,0.0580085055197154,0.6360933766709387,0.0,125.0,lift_right,99.91075550378662,3.8238975656175653,,3.655761718750039,0.9147774577140808
1773519400.7034,1,0,25.0,226.0,0.46,-0.9031,-0.0964,-0.4885,8.4962,-1.5878,0.3994,0.4553,0.6387,2.1145,5.9084,-3.8473,59.2909124908058,102.81568584020307,8.657087011807146,7.3608435725805235,0.1586315303736352,0.4578598823623941,-20.0,-40.0,lift_right,97.1024720790447,2.692052165765812,,12.679779052734386,0.9385772347450256
1773519400.8034,0,0,22.0,210.0,0.5066,-0.9062,-0.0745,-1.4427,6.7023,-1.3664,0.4829,0.595,0.7429,2.2748,4.4275,3.3206,59.34441401673422,101.7312898367273,6.990655015089788,5.98363231240022,0.0052926194774438,0.7783132626809253,0.0,-30.0,lift_right,94.58840953786516,3.2805902677731713,,12.679779052734386,0.936777651309967
1773519400.9035,0,0,25.0,220.0,0.4692,-0.9021,-0.0686,-4.9008,11.0229,-0.7328,0.4436,0.5269,0.7737,-2.6947,11.3511,-0.9466,59.78601519866197,101.31619164236174,12.08549382069264,11.70491054472438,0.131445655410386,0.4390643794555177,5.0,65.0,lift_right,,3.325718738903308,,10.84390258789064,0.9342297911643982
1773519401.0035,0,0,23.0,223.0,0.447,-0.908,-0.0713,-1.2137,8.1603,-1.5725,0.4036,0.5127,0.7305,-8.687,28.1527,-2.9084,59.91282189961225,102.53551180094604,8.398590359697273,29.60569669590635,0.0066474112600811,0.3195126942959547,-10.0,10.0,lift_right,,3.3402521165918455,,11.724456787109379,0.9312548041343689
1773519401.1036,0,0,23.0,222.0,0.4412,-0.9143,-0.073,1.9237,6.855,-1.9771,0.3757,0.5049,0.7407,-2.0305,11.6183,-3.0229,59.90012904622383,102.07817951817093,7.38921992499885,12.175621115573527,0.073938952089102,0.4954905921782881,-5.0,40.0,lift_right,98.47746495247593,2.7675369940445878,,10.534118652343789,0.912968635559082
1773519401.2037,1,0,22.0,231.0,0.4519,-0.9216,-0.0776,-0.1908,7.1527,-2.6565,0.3118,0.4727,0.6741,-2.4046,7.7176,1.3435,59.9239065578766,101.20778479662742,7.632464489272126,8.194415364746895,0.0018327288512187,0.0829285797409029,10.0,65.0,lift_right,98.44123761401931,2.7729059342852778,,10.013549804687507,0.9069624543190002
1773519401.3037,1,0,25.0,235.0,0.4456,-0.9128,-0.0701,-2.3282,5.0687,-2.8855,0.3679,0.4912,0.7322,15.0916,-12.1603,-1.6107,59.7412372531204,98.44489842559338,6.279995635348802,19.447972674291787,0.0553474352990357,0.69123179708446,10.0,-15.0,lift_right,,2.2720505915358116,,10.09591674804689,0.9204696416854858
1773519401.4038,0,0,24.0,228.0,0.4563,-0.9092,-0.0454,-3.7099,5.9695,-2.0916,0.4111,0.5239,0.7708,5.7481,-3.4351,-0.0763,59.663865534005645,96.61540572922615,7.333012942849617,6.696744530740291,0.0044151127693303,0.1983427179253422,-10.0,25.0,lift_right,96.59964201617149,2.031479794951559,,10.39031982421875,0.9178807139396667
1773519401.5038,3,0,23.0,240.0,0.4675,-0.9028,-0.0698,-2.7557,3.1908,-1.4962,0.3838,0.5256,0.7527,5.6718,7.4656,-1.4504,59.32942607202752,95.86848427372382,4.473667574820462,9.48726297516834,0.0317261341994434,0.1995772861288597,-5.0,95.0,lift_right,96.35663242708895,3.3970107626829464,,4.3132629394531286,0.9099168181419373
1773519401.6039,0,0,23.0,247.0,0.4546,-0.9146,-0.082,-1.4427,7.0229,-1.0153,0.3633,0.5527,0.7214,1.7939,6.7252,-0.0992,59.35784714106713,95.04597852573715,7.241087058584505,6.961051133988314,0.0146326907106986,0.0627675731816607,5.0,60.0,lift_right,95.52780921958208,3.9429410382047143,,3.0334472656250355,0.907365620136261
1773519401.704,0,0,24.0,252.0,0.4651,-0.9077,-0.0649,-2.2595,6.8931,-1.4427,0.387,0.5403,0.7236,0.6412,-0.5344,2.2214,59.38763573353682,93.55663106120936,7.396049698994727,2.3730441968071307,0.0056776018148751,0.0240607101947748,20.0,70.0,lift_right,94.79919641076334,3.9050826235940264,,3.116882324218757,0.9107916355133057
1773519401.804,7,0,27.0,261.0,0.4785,-0.9014,-0.0779,-0.0382,6.2824,-1.3817,0.3845,0.5229,0.7261,3.0229,0.145,-0.542,59.37301828906302,92.16478273475192,6.432659161653135,3.074526534281336,0.0333667877114174,0.0300011606866124,-5.0,0.0,lift_right,94.90785696895418,2.4746892739887634,,10.70236206054691,0.9203259348869324
1773519401.9041,2,0,23.0,252.0,0.4836,-0.9072,-0.0354,-1.7405,4.4427,-1.6641,0.394,0.5396,0.7285,2.7863,1.5115,-0.6183,59.18179442178693,90.93941150332556,5.053330817391634,3.229612179503911,0.0048407970624286,0.0976810328434857,-15.0,-100.0,lift_right,102.43204175347991,2.4746892739887634,,10.240722656250032,0.9259697198867798
1773519402.0041,0,0,24.0,241.0,0.4973,-0.894,-0.0547,-1.7328,6.3969,-1.0458,0.3982,0.5449,0.729,0.855,2.2214,-0.3359,59.205857898604926,89.81092200215375,6.70944283007166,2.40384520508289,0.0244155993160177,0.0708027262396798,10.0,-35.0,lift_right,,2.7252979451188923,,7.009338378906289,0.9175889492034912
1773519402.1042,1,0,25.0,245.0,0.4912,-0.8955,-0.0701,-3.3511,8.1679,-1.0763,0.4016,0.5176,0.7212,2.7328,-3.0,1.1145,59.39563356965153,88.20754070236835,8.89398017256616,4.20836144954304,0.0308975474547479,0.072166309722052,-5.0,60.0,lift_right,,2.415952071968667,,8.907897949218793,0.9265826940536499
1773519402.2043,2,0,23.0,253.0,0.4773,-0.9111,-0.0657,-3.4427,10.6489,-1.0687,0.4102,0.531,0.7129,4.6183,-2.4351,0.3053,59.80306838469533,86.70017530445028,11.242480784506592,5.229877148652729,0.0689266742039096,0.0661306774412412,-5.0,135.0,lift_right,101.47105791039091,2.415952071968667,,9.3914794921875,0.9314575791358948
1773519402.3043,0,0,24.0,272.0,0.4338,-0.9395,-0.0754,-2.5954,12.1679,-0.2901,0.395,0.5444,0.7231,3.3893,0.9695,0.7023,60.29375107525603,85.53271720942195,12.44500098754516,3.594511097492954,0.0311234012873395,0.1912032298524069,0.0,35.0,lift_right,102.85718655323896,2.428499214619137,,6.8378295898437536,0.9212591648101807
1773519402.4044,0,0,23.0,260.0,0.4429,-0.9221,-0.0549,-2.374,5.3588,-1.5115,0.4297,0.5491,0.7407,-1.145,5.9389,2.0305,60.125362640727296,84.90381812632555,6.052870863482881,6.380006932598115,0.049175801645942,0.007549989925446,0.0,-40.0,lift_right,,2.531735396202906,,6.094726562500039,0.9221514463424683
1773519402.5045,1,0,24.0,264.0,0.4875,-0.9021,-0.0691,-3.1527,5.2366,-1.2977,0.4421,0.5149,0.7195,-3.2977,5.7557,1.8015,60.00238215085562,84.30081064626246,6.2486416235850815,6.873740614105248,0.0478057707346857,0.089868013749052,15.0,-10.0,lift_right,,1.4596161424835656,,4.451110839843793,0.9224249124526978
1773519402.6045,0,0,26.0,258.0,0.4651,-0.8977,-0.0881,-2.0763,7.0229,-1.1145,0.437,0.5227,0.731,0.9771,4.0763,-1.0992,60.03611367913956,83.53292976574598,7.407716000900682,4.333495902847954,0.0327013685085542,0.22887814730702,0.0,-5.0,lift_right,94.39926143212041,1.9454058586844707,,3.669860839843757,0.9210755228996277
1773519402.7046,0,0,24.0,263.0,0.4553,-0.9116,-0.0671,-3.7634,7.6718,-2.1145,0.4441,0.5581,0.7498,-1.2366,2.8702,0.084,60.11678936898424,82.6518197215033,8.802886177271633,3.126385069053395,0.0565265514289137,0.0334263893494052,-5.0,-5.0,lift_right,98.4997866747866,3.1580735264976934,,8.580535888671879,0.9276177883148193
1773519402.8047,1,0,25.0,257.0,0.4636,-0.9131,-0.0659,-1.5191,6.9847,-1.6641,0.4897,0.4666,0.7446,-3.8702,5.0382,-0.7099,60.136110723013545,82.07513610121516,7.339136714219187,6.392641495500901,0.0606664506382848,0.3329415311212913,-5.0,0.0,lift_right,98.76265648038499,3.1580735264976934,,8.543762207031289,0.9269924759864807
1773519402.9047,1,0,23.0,263.0,0.4653,-0.9216,-0.0435,-3.0076,4.2595,-2.6565,0.4729,0.4783,0.6965,5.0382,-2.7023,-1.1527,59.88607519240609,80.75352326807892,5.852007370125229,5.832203856176497,0.0009790516899332,0.2310257159004625,-5.0,55.0,lift_right,98.53629738984314,3.3542259475981595,,4.568939208984375,0.9160408973693848
1773519403.0048,0,0,24.0,268.0,0.4985,-0.8943,-0.0659,-4.1527,4.5954,-3.2977,0.4824,0.4692,0.6843,4.8015,-19.0687,6.9313,59.72010698983906,77.87320269066515,7.01693977029873,20.849763586909084,0.067480132897576,0.2862892769199476,30.0,25.0,lift_right,99.23092059223931,2.7938210852017424,,4.685363769531268,0.9165620803833008
1773519403.1049,0,0,29.0,268.0,0.4951,-0.8901,-0.0513,-3.7252,6.0382,-2.6336,0.5322,0.5049,0.7166,-13.2748,-31.8702,15.3435,59.69832384625069,73.81770923076643,7.567881027077527,37.780324976500665,0.0394152081851706,0.0870328056153985,0.0,10.0,lift_right,98.7407753627268,2.3561181889012586,,8.53112792968755,0.9236223697662354
1773519403.2049,0,0,24.0,270.0,0.4463,-0.9133,-0.0566,-2.6794,6.0992,-1.1374,0.4971,0.5181,0.6628,-34.0992,-69.5115,27.6718,59.6220782033113,66.14079969151848,6.758187905052655,82.22124170875796,0.0386450203101096,0.2907527888495453,-20.0,10.0,lift_right,93.6534368069262,2.016238339485028,,9.264343261718775,0.9212175607681274
1773519403.305,2,0,25.0,270.0,0.4482,-0.9238,-0.0396,-3.6336,4.5344,-3.0916,0.6948,0.2817,0.6113,36.0,-52.1221,-12.0229,59.39122021967083,60.62820816284654,6.581931546286394,64.47684415989977,0.0373047739663034,0.8480597362722336,15.0,-55.0,lift_right,96.84980323803923,2.016238339485028,,9.48779296875001,0.928695797920227
1773519403.405,4,0,27.0,259.0,0.4819,-0.9009,-0.0889,-4.1145,5.2214,-1.6489,0.8613,0.5703,0.498,45.9771,-47.6641,-2.1527,59.27564194028974,55.71821715480816,6.849160490162279,66.26005033585471,0.069814333716931,0.2403199966515523,-20.0,5.0,lift_right,96.57012281326516,2.5489061258834793,,8.876159667968775,0.9542763233184814
1773519403.5051,0,0,21.0,271.0,0.446,-0.9053,-0.0942,-2.4046,7.771,-0.0382,0.7854,0.4714,0.4382,36.0382,-86.8779,11.7634,59.3737923088261,47.10314603875321,8.134617471030829,94.78870685482526,0.0507246646541426,0.7544971762223335,-10.0,85.0,lift_right,91.89902184453076,4.023090302784728,,-1.6558532714843466,0.9721724987030029
1773519403.6052,2,0,25.0,276.0,0.4714,-0.9214,-0.0383,-2.2595,7.5725,-2.2214,0.7593,0.5322,0.3633,33.9466,-47.8473,11.8779,59.46991779262862,42.4656569042694,8.208697488639716,59.8566644347979,0.0743077242924472,0.4478385662530793,10.0,15.0,lift_right,94.0123522377743,3.0183359188222374,,-7.826721191406225,0.9121377468109131
1773519403.7052,0,0,23.0,274.0,0.4998,-0.8972,-0.0542,-3.145,3.6183,-2.374,0.9197,0.5364,0.2957,5.1527,-38.2366,9.0992,59.21664017611405,38.995897024680666,5.349672503060351,39.64067781320093,0.0404039789300103,0.1346004333636502,0.0,0.0,lift_right,95.64355631422714,0.23450258005571653,,-4.885162353515593,0.9676387906074524
1773519403.8053,1,0,25.0,276.0,0.4844,-0.9048,-0.0518,-2.3817,5.4351,-1.4733,0.8596,0.5232,0.1829,10.771,-33.7863,18.3359,59.127429873440896,36.04866418378029,6.114198213175625,39.92159487670801,0.1098107067976505,1.0481353423221778,15.0,60.0,lift_right,97.80363879898232,0.5946723724020136,,-2.924713134765611,0.9138230681419373
1773519403.9054,3,0,26.0,286.0,0.4387,-0.9016,-0.0876,-2.5344,12.0687,-1.7176,0.7852,0.4243,0.0715,25.3282,-62.4122,27.7786,59.64443094528112,30.436848821072186,12.450977986086071,72.859117768746,0.0219013427195635,0.2197241641402436,5.0,5.0,lower_right,99.56223682433757,1.5466458975607429,,-11.232147216796875,0.9376686811447144
1773519404.0054,0,69,26.0,277.0,0.4758,-0.9043,-0.0535,-2.4122,7.7634,-2.374,0.8821,0.4243,-0.0032,12.4733,-14.9695,-3.0153,59.76655556134673,29.647326581193887,8.469059239372458,19.71702759621744,0.0798530494785698,0.7449937794228129,-5.0,-1105.0,lower_right,99.37678689559243,2.056795517343801,,-8.096496582031243,0.9169481992721558
1773519404.1055,2,16,25.0,65.0,0.5044,-0.8879,-0.0513,-2.6794,4.9847,-1.8015,0.8911,0.5398,0.0725,1.0687,-8.5878,2.7557,59.65090786805573,29.384103979195583,5.939008393663037,9.082197477483078,0.0134570150478485,0.0087092429003571,0.0,-1240.0,rest,99.37678689559243,2.5413171008629636,,-7.638671874999954,0.926222562789917
1773519404.2055,0,0,26.0,29.0,0.4956,-0.8977,-0.0322,-5.771,6.6489,-1.0153,0.8801,0.4324,-0.0029,-2.7328,-13.0382,12.5725,59.687212298305646,28.79536316499937,8.862457125425205,18.317494679404167,0.0130446039639209,0.3853799852210943,0.0,-260.0,rest,98.05180370854008,0.4186428599753004,,-4.588226318359361,0.9177640080451965
1773519404.3056,1,123,25.0,13.0,0.4675,-0.9038,-0.0684,-4.1298,7.0382,-0.7786,0.8823,0.3958,-0.0232,3.855,0.7634,11.1374,59.72889217974481,29.61031446992249,8.197421865440377,11.810397254961408,0.0448038865095723,0.3142838521428476,0.0,-10.0,rest,99.67560487233456,0.7806023951806649,,-14.830139160156204,0.8968549370765686
1773519404.4057,3,148,26.0,27.0,0.4705,-0.9004,-0.0461,-3.458,6.9695,-1.5038,0.9341,0.4641,-0.0291,-13.3664,-3.6336,-1.1221,59.76849221811046,29.932716780857984,7.924210288098115,13.896863183107186,0.0312832399933427,0.2869745384113881,0.0,60.0,rest,101.43373738433853,1.211449406027198,,-14.45050048828124,0.8248438835144043
1773519404.5057,0,185,25.0,25.0,0.4768,-0.8921,-0.0647,-3.2672,4.2443,-2.2519,0.9521,0.3772,-0.0347,2.4351,-0.8244,5.8855,59.55027776062925,30.61936879225642,5.810312550973484,6.42249621408997,0.0064707437509614,0.3013373548567027,10.0,-15.0,rest,102.7587824999075,0.7267311698992988,,-12.734924316406211,0.8242418766021729
1773519404.6058,3,113,28.0,24.0,0.4873,-0.8911,-0.073,-2.6183,6.8168,-1.2366,0.897,0.3914,-0.094,4.2824,3.5191,0.8321,59.59914961386821,31.668489300695818,7.4063105990769795,5.604944690182053,0.1073963522203813,0.2179517002470399,-5.0,-5.0,rest,104.11728434912126,0.7176171222281403,,-10.944702148437493,0.830413281917572
1773519404.7059,5,166,24.0,24.0,0.48,-0.9155,-0.0532,-1.0458,8.3893,-1.1832,0.9819,0.4175,-0.0527,-8.2061,-5.2519,-1.6107,59.78188780602727,31.856462820049696,8.536627810207026,9.875063812958375,0.0402876653314832,0.0001817033133466,-5.0,15.0,rest,105.02765265550826,0.5414540042095688,,-12.6019897460937,0.8621752262115479
1773519404.8059,0,317,27.0,27.0,0.4712,-0.9102,-0.0532,-3.2901,7.6412,-0.9466,0.9109,0.364,-0.0669,10.3435,3.9313,-6.5344,59.881691856250455,32.962364883263184,8.373096620128065,12.850739095476182,0.0733613847787695,0.2292577975856979,10.0,10.0,rest,107.58307083421214,1.5072065364796678,,-12.489929199218732,0.857064425945282
1773519404.906,1,395,26.0,26.0,0.4661,-0.9048,-0.0728,-1.7023,5.9542,-1.3206,0.9285,0.4263,-0.0388,-11.9008,-3.687,-4.4275,59.81116332348201,33.24677356964968,6.332006576907514,13.222169484997536,0.0066152664398433,0.1732526142617724,-10.0,-5.0,rest,107.46653780768341,1.0293074335938865,,-10.033843994140597,0.8336887359619141
1773519405.006,2,467,25.0,26.0,0.4722,-0.9092,-0.0315,-2.4046,8.229,-1.7863,0.8926,0.4849,-0.0647,-5.2443,-2.1145,-6.5573,59.97001006549988,33.600110337794106,8.757248988695022,8.658635922014506,0.029921165287241,0.0390074084348501,5.0,10.0,rest,107.28523840171188,0.9987870847404235,,1.3027038574218963,0.8117312788963318
1773519405.1061,1,510,27.0,28.0,0.4883,-0.9019,-0.04,-4.9313,6.6641,-1.2443,0.9224,0.4189,-0.0562,-6.1221,-1.4504,-0.5496,59.99185382432714,34.09361422556297,8.383091970746833,6.315522839005492,0.0172112692510784,0.0550099398316372,-5.0,-15.0,rest,100.88209051274035,1.0983092228357867,,-2.189849853515593,0.840735137462616
1773519405.2062,1,589,24.0,23.0,0.4719,-0.9036,-0.0662,-5.2748,6.8168,-0.5267,0.9097,0.4265,-0.0657,7.1298,4.1985,-0.1603,60.01031680559011,35.11563354948331,8.635374350310471,8.27569612661074,0.0063185206500504,0.0035612957063979,-5.0,-30.0,rest,100.88209051274035,1.0983092228357867,,-11.280975341796857,0.8251798152923584
1773519405.3062,2,691,26.0,22.0,0.4644,-0.9116,-0.0647,-1.8015,6.8397,-1.4198,0.8972,0.4648,-0.0837,-2.5954,1.1756,-5.3435,60.01915426920823,35.77329326797553,7.214064761284029,6.05566914304274,0.0324849134945792,0.1557862012000099,-5.0,5.0,rest,98.82013665787197,1.4462177750762057,,-2.1192321777343714,0.8209719061851501
1773519405.4063,0,753,23.0,24.0,0.4758,-0.9106,-0.0361,-2.4885,7.3664,-1.8168,0.9402,0.4333,-0.0759,3.0076,5.6489,-2.7023,60.09206186864411,36.90994393192945,7.984813300885626,6.946808926406426,0.0017801678914353,0.0271636275057174,-5.0,20.0,rest,99.1795910883874,1.3641267200693776,,-1.9163208007812216,0.8271712064743042
1773519405.5064,1,827,25.0,26.0,0.4778,-0.9062,-0.0459,-3.4504,6.0305,-0.0534,0.8999,0.4495,-0.0718,2.9618,4.0687,0.2977,60.03661896589947,37.83384264573745,6.9480243213448825,5.041349444345235,0.0075590774043088,0.1262959809256303,15.0,10.0,rest,99.40586202692833,0.7527914051103133,,-2.037414550781218,0.8500251173973083
1773519405.6064,2,839,26.0,26.0,0.4836,-0.9031,-0.0657,-3.4122,7.2748,-1.6183,0.9043,0.4524,-0.0571,3.8473,3.1832,-3.855,60.110930374203015,38.65393297875247,8.196628500182255,6.308367818223664,0.0038499562434624,0.0596259363377782,-10.0,-10.0,rest,100.04415541180617,0.8024273645220963,,-2.5257568359374893,0.8270918726921082
1773519405.7065,2,850,23.0,24.0,0.4631,-0.9131,-0.0425,-2.2519,9.6641,-1.6031,0.9121,0.4531,-0.0632,-2.6107,2.4809,-2.9924,60.39315172801942,39.39123866184101,10.05165717829652,4.682422136031735,0.0084028131756963,0.0524180881126845,-5.0,-15.0,rest,100.49279184982872,0.6261899851186109,,7.426330566406296,0.8593250513076782
1773519405.8065,0,851,25.0,23.0,0.5044,-0.8911,-0.043,-3.9466,6.1756,-1.9542,0.8992,0.4392,-0.0557,2.1069,4.1756,1.8092,60.38016003806741,40.288359419021205,7.585023702006475,5.014764960593866,0.0592920941411723,0.1319223949379311,15.0,15.0,rest,101.49435045923562,0.6962664712759364,,6.8561401367187536,0.8632736802101135
1773519405.9066,1,848,26.0,27.0,0.4399,-0.9102,-0.0623,-5.1603,6.4427,-2.3817,0.8796,0.4587,-0.063,1.2672,2.9542,-0.1985,60.31878290832593,41.01687305835066,8.591249866579368,3.2206359201250927,0.0497860132351812,0.0982648981163414,0.0,10.0,rest,101.57081075443608,0.6108605044984987,,-5.329376220703104,0.8439961075782776
1773519406.0067,2,852,25.0,25.0,0.4602,-0.9021,-0.0667,-2.3435,4.2595,-1.8473,0.9106,0.4604,-0.0564,-0.6565,1.0534,-0.9389,60.0691364332359,41.559900856400425,5.200754732728703,1.556334482044268,0.0497991516730833,0.0347069260713617,-5.0,-15.0,rest,,0.6108605044984987,,-8.458679199218722,0.824018657207489
1773519406.1067,0,878,25.0,24.0,0.4797,-0.9004,-0.0728,-2.2595,7.4962,-1.5191,0.8943,0.4451,-0.0635,3.4351,5.771,-1.3817,60.161774446482255,42.56044417481112,7.9753382059947775,6.856635319163474,0.0087687548335779,0.0490571734888312,0.0,-15.0,rest,,0.7210061282807673,,-8.458679199218722,0.8001482486724854
1773519406.2068,5,861,25.0,22.0,0.4763,-0.8931,-0.0444,-2.4656,7.5038,-1.4122,0.9009,0.4583,-0.0522,1.2061,4.0611,-2.3053,60.25475406599399,43.36497175464689,8.02374642171598,4.823030013383702,0.002408452915189,0.0388400507293373,10.0,5.0,rest,97.29615331132008,1.1998180418500703,,-5.971832275390607,0.8089892864227295
1773519406.3068,0,859,27.0,25.0,0.4744,-0.9045,-0.0444,-3.5954,6.2901,-1.855,0.8884,0.4763,-0.0376,1.687,3.4351,-1.229,60.21905178896401,44.06888456068747,7.4788558062045825,4.019492755311297,0.0243995841563293,0.0800874582529481,0.0,20.0,rest,97.51994011922656,1.9260460519711293,,-0.44848632812497513,0.8587483167648315
1773519406.4069,2,840,25.0,26.0,0.4773,-0.8979,-0.0483,-3.7481,5.4046,-1.7786,0.8762,0.4692,-0.0659,2.1069,2.9466,0.3511,60.10351439801477,44.70822740893312,6.813323178156163,3.6393337824387584,0.0836470071178197,0.0499822363575208,-5.0,0.0,rest,97.94504280519294,2.0545452586448363,,-1.735412597656243,0.814505934715271
1773519406.507,0,864,26.0,25.0,0.4829,-0.9187,-0.0493,-4.6336,4.0534,-0.0534,0.9021,0.4663,-0.0811,-1.3359,2.542,0.2672,59.85255792615225,45.30949066708501,6.15655358784442,2.8840576710599946,0.0671448230384408,0.4400650378945409,0.0,-10.0,rest,100.52642506368196,1.067293806826342,,-1.5409851074218395,0.8042863011360168
1773519406.607,4,851,25.0,24.0,0.4573,-0.9219,-0.0698,-7.1985,4.9618,-2.2519,0.9534,0.5159,-0.0134,17.0687,18.9618,-7.5038,59.66812625523873,47.493024909778,9.02822879085372,26.593183212432468,0.0627656956516053,0.0063867886687152,-10.0,-10.0,rest,101.38011906920444,1.067293806826342,,-1.5409851074218395,0.8204277753829956
1773519406.7071,2,831,24.0,23.0,0.489,-0.8992,-0.0776,-7.8855,4.2443,0.2672,0.8882,0.5015,0.0,0.3664,8.6489,-12.0534,59.45968441936605,48.60175336047171,8.95916226998931,14.83988449180114,0.0820761246032941,0.0107862554352922,5.0,0.0,rest,100.52637425133884,0.1950599206066288,,-11.814208984374996,0.8527780771255493
1773519406.8071,3,849,26.0,24.0,0.4929,-0.9216,-0.0757,-8.626,5.9542,1.6718,0.9395,0.5366,-0.0056,2.0305,17.0611,-10.5344,59.4151863899707,50.50701805773029,10.613919581379914,20.15384942932739,0.0044166554714364,0.3289169308863826,0.0,495.0,rest,100.45306749449615,1.5465217954000714,,-14.067962646484329,0.8440215587615967
1773519406.9072,6,36,24.0,122.0,0.4221,-0.9309,-0.1038,-7.084,9.2901,-1.084,0.8044,0.5127,0.0247,-21.2595,31.4427,-6.0076,59.62247647364677,53.7274162684411,11.73303328257446,38.42786724891195,0.257545591716698,0.3796376480371888,-5.0,660.0,lift_right,99.53537751450583,1.3392713442789275,,-20.282836914062496,0.855833888053894
1773519407.0073,14,35,25.0,156.0,0.446,-0.8792,-0.1443,1.2672,12.771,1.2595,0.8787,0.4534,0.1855,14.1756,5.4427,-1.855,60.21341932208499,54.40345509710776,12.895370374285497,15.297439120650226,0.031530807968676,0.2526530213896871,-10.0,230.0,lift_right,98.06567530049395,0.4144792995072735,,-8.530914306640618,0.9202393293380737
1773519407.1073,3,789,22.0,168.0,0.448,-0.9153,-0.0642,-3.5878,3.2748,-3.8702,0.8528,0.4712,0.2454,-45.4962,94.2824,-1.6794,59.85056708368131,63.71662415131878,6.21088334458151,104.69907138346548,0.130447316741632,0.2210289836394641,-5.0,115.0,lift_right,99.12520174431764,2.4088093040400502,,-12.628051757812457,0.90509033203125
1773519407.2074,1,843,24.0,179.0,0.4673,-0.907,-0.0662,-3.6107,3.4504,-2.5649,0.8352,0.4915,0.4048,-21.5573,71.8779,-1.0153,59.53562054169597,70.53990395249305,5.6143678771523335,75.047854904654,0.0192291442940772,0.2431158896957463,25.0,45.0,lift_right,96.75723891112033,1.2653677074281657,,-13.726867675781218,0.9091286063194275
1773519407.3074,8,867,27.0,177.0,0.4668,-0.8987,-0.0959,-3.3969,4.7863,-2.7099,0.8005,0.4722,0.4958,-17.4351,52.2672,-2.542,59.36027872899878,75.24047156587763,6.464607900716021,55.1570908573866,0.0589157176021259,0.0975891376522897,10.0,40.0,lift_right,94.05005848487525,1.1847052153428466,,-9.144714355468704,0.9708805680274963
1773519407.4075,1,839,26.0,187.0,0.448,-0.8999,-0.1045,-0.0382,8.2061,-2.8626,0.7712,0.4365,0.5264,-11.7786,64.7023,-1.8321,59.503528142914085,81.04521016835456,8.691145793852499,65.79118203574092,0.002040496995399,0.1403582411516801,-10.0,65.0,lift_right,91.9217525026854,1.1847052153428466,,-3.778869628906243,0.8954318761825562
1773519407.5076,2,849,25.0,190.0,0.4722,-0.8992,-0.0637,-0.8168,5.1985,-2.9618,0.6831,0.4229,0.637,-3.7481,70.0611,-7.9466,59.375840157460175,87.12585097803056,6.0385282751677165,70.60987493530915,8.217292941870014e-05,0.1960847366066065,0.0,55.0,lift_right,91.31127978999221,4.031301384937117,,16.369415283203175,0.9592154622077942
1773519407.6076,2,851,26.0,198.0,0.4746,-0.8896,-0.0696,-4.0687,7.3893,-1.9237,0.6392,0.4749,0.7146,-6.3664,61.4962,-5.3206,59.4726207464475,92.14366803560632,8.651976414091754,62.05338385422668,0.0190295072732538,0.527725245096593,5.0,75.0,lift_right,94.79898903740258,3.694223370187479,-9.29828630066613,10.66973876953126,0.970346987247467
1773519407.7077,7,858,26.0,205.0,0.4561,-0.9104,-0.0806,-3.8702,6.3893,-2.1298,0.5544,0.3674,0.6353,5.1908,21.8702,-2.0305,59.43973729670111,93.18544454469703,7.767731365720625,22.569292920470502,0.0479874827007342,0.7256263524266027,-10.0,55.0,lift_right,97.01110397161737,4.146763517986342,,-3.408050537109375,0.9326596856117249
1773519407.8077,1,838,24.0,209.0,0.4551,-0.908,-0.0969,-1.3893,5.6565,-2.4351,0.4065,0.4978,0.665,24.5878,1.687,-8.6107,59.33509589928839,92.00856526091216,6.31314966953897,26.106513216628528,0.0167871650012585,0.3262542245775229,-5.0,15.0,lift_right,98.11095609490611,4.320100871371197,,3.037658691406264,0.8893947601318359
1773519407.9078,3,849,25.0,208.0,0.4907,-0.8892,-0.071,-2.9618,5.3053,-2.4198,0.5127,0.4529,0.7087,0.5573,-2.1374,4.9695,59.24461157016246,90.58625116374472,6.540175790450896,5.438289464528346,0.0443787078433133,0.2892098561086209,10.0,75.0,lift_right,98.3913354600292,3.287035545906626,,8.98574829101566,0.9318004250526428
1773519408.0079,2,871,26.0,224.0,0.479,-0.8867,-0.0852,-1.2519,6.0229,-1.4351,0.4404,0.4832,0.7336,6.3893,6.8855,-3.5878,59.21532737938847,89.98183861601798,6.31681011508182,10.055126731175497,0.0285134584689683,0.1554570218677181,0.0,40.0,lift_right,94.29838503157274,4.176273643648109,,2.4341430664062536,0.9047269225120544
1773519408.1079,3,828,25.0,216.0,0.4739,-0.9028,-0.0923,-2.7786,9.4351,-0.5496,0.4751,0.5291,0.7258,-4.6565,12.5496,-3.1145,59.50713226937294,89.96960083853406,9.851080657978596,13.74320059738633,0.0982203508296963,0.1506348003160673,-10.0,30.0,lift_right,94.04510641081315,1.9471765868412794,,6.7050781250000036,0.9213610291481018
1773519408.208,2,848,24.0,230.0,0.4597,-0.9192,-0.0825,-4.0305,8.8855,0.0916,0.4966,0.4919,0.7329,-2.8168,11.7176,-4.4962,59.71733258000902,89.90578492728626,9.757327044841738,12.86282731128736,0.0134712752560384,0.2347773292517907,-5.0,70.0,lift_right,96.20825760333545,4.118269407545682,,3.753601074218764,0.9224280714988708
1773519408.308,3,848,24.0,230.0,0.4482,-0.9133,-0.0874,-1.0076,9.0229,-0.5115,0.4612,0.457,0.7195,2.9389,13.5191,-8.1985,59.927955154409545,90.00088110218213,9.093383001941575,16.081623060810745,0.0318839730661002,0.0410986259108137,20.0,-20.0,lift_right,96.44380807930496,5.122729412309299,,0.9283752441406712,0.8482538461685181
1773519408.4081,2,844,28.0,226.0,0.4836,-0.915,-0.0718,-1.3817,5.6794,-1.9466,0.4543,0.4976,0.7671,6.3206,4.4275,-3.542,59.84167653639332,89.16317004394965,6.160676165000073,8.49108383011262,0.0334468069907578,0.4826909050284567,10.0,35.0,lift_right,97.9093069777552,5.763039233995481,,-8.751159667968729,0.839600145816803
1773519408.5082,15,841,26.0,237.0,0.4688,-0.9106,-0.0859,-4.9618,6.8321,-2.0916,0.48,0.5244,0.7939,4.2901,2.0229,-0.8779,59.85713688681378,88.11355953172364,8.698956271300597,4.823669850850076,0.1023653636152344,0.377651485926756,0.0,0.0,lift_right,98.91881164164108,4.045348258347962,,7.409545898437511,0.9234908819198608
1773519408.6082,2,846,28.0,226.0,0.4426,-0.9109,-0.0925,-3.4275,7.7557,-1.9847,0.4302,0.4463,0.7139,3.8015,2.8015,-0.6107,59.93604172872446,87.1671507017526,8.708482808733104,4.761592064635525,0.0061287364359385,0.2988583461510152,-15.0,35.0,lift_right,98.91881164164108,3.684715310898168,,6.547363281250007,0.9213892817497253
1773519408.7083,4,829,23.0,244.0,0.458,-0.9143,-0.0901,-1.8321,6.1527,-1.4122,0.4565,0.4709,0.7627,5.7405,2.1679,-3.8092,59.87022430310389,86.17604128619656,6.5731740080420815,7.222405091103655,0.0112014685332606,0.2379785427714381,-10.0,135.0,lift_right,94.82478343147145,4.284664069179143,,1.8721313476562784,0.913378894329071
1773519408.8083,9,852,26.0,253.0,0.4585,-0.9006,-0.0913,-2.1298,9.7405,-1.4275,0.4036,0.5198,0.7437,3.5878,-0.5954,1.7023,60.16464123982554,84.87377312048969,10.07229589219856,4.015549189089831,0.0582370491158701,0.0377467706131962,25.0,-85.0,lift_right,94.5147950173734,4.597134416392023,,1.614624023437532,0.9119676947593689
1773519408.9084,3,850,28.0,227.0,0.4661,-0.8975,-0.0854,-3.3817,6.3282,-1.626,0.4473,0.5286,0.74,6.8779,-2.1985,-0.1985,60.12828792148296,83.48465912821177,7.357029708380957,7.223455745694023,0.0223578819605485,0.0671851845082671,0.0,-35.0,lift_right,97.97196701901777,3.461594339229291,,1.614624023437532,0.8687146306037903
1773519409.0085,3,849,26.0,246.0,0.4702,-0.9001,-0.0864,-2.145,7.4046,-1.7176,0.4719,0.4927,0.74,0.4656,-0.9695,2.1069,60.200858243702896,82.27915140891946,7.898055198591613,2.3655319105858625,0.0381371620111803,0.0723585412780986,-25.0,25.0,lift_right,98.78543903210392,2.91852207897184,,10.252746582031254,0.9355860948562622
1773519409.1085,4,841,23.0,232.0,0.4636,-0.9082,-0.0764,-3.4427,6.4427,-2.7023,0.4749,0.4924,0.728,-1.4427,-4.8397,4.2443,60.16744137297385,80.72696271819876,7.788645059957477,6.59682968326453,0.0033177577949139,0.0031209636868401,-10.0,10.0,lift_right,95.4343675685766,3.600980742711077,,2.2351684570312713,0.8991003632545471
1773519409.2086,1,840,24.0,248.0,0.4624,-0.9028,-0.0923,-1.687,5.7481,-2.4962,0.5293,0.4771,0.7117,9.8321,-16.7023,0.5725,60.0674089521435,78.1097112287914,6.489810247611251,19.389811034406705,0.0015745076516104,0.0414057551665558,20.0,55.0,lift_right,94.76240849460756,3.909751277874391,,-0.6503295898437322,0.9111254215240479
1773519409.3086,2,843,27.0,243.0,0.4521,-0.9146,-0.0637,-1.0534,4.2366,-2.8626,0.509,0.5332,0.6619,8.3588,-27.7786,5.3969,59.80622402558622,74.44352765885576,5.220431962970115,29.506722708731992,0.0193253671454085,0.3806143880813462,10.0,75.0,lift_right,94.5256681176191,3.909751277874391,,-1.5474243164062074,0.9284362196922302
1773519409.4087,0,846,26.0,263.0,0.479,-0.8997,-0.0798,-3.8321,4.6107,-2.5115,0.5615,0.4414,0.5972,-2.7863,-32.2824,8.2519,59.620704179911776,70.53284668822545,6.500090549369292,33.436666566211414,0.0093058369536125,0.4503597343950372,0.0,90.0,lift_right,98.14218517856847,2.8326025250391904,,6.518920898437521,0.9005501866340637
1773519409.5088,2,849,27.0,261.0,0.4561,-0.9133,-0.0813,-1.313,7.9084,-1.687,0.5518,0.4055,0.585,42.5267,-15.4275,-9.8931,59.73225664244181,68.36596650564286,8.19223587062775,46.30768183303932,0.003325114849596,0.3669681638755984,0.0,15.0,lift_right,101.8942131115489,2.1335670119795234,,15.092071533203164,0.9385052919387817
1773519409.6088,0,829,26.0,266.0,0.4587,-0.9133,-0.0459,-0.2748,5.2748,-1.2137,0.5676,0.6023,0.5691,38.6489,-47.2672,4.0,59.58731931564999,63.05466873863422,5.419603100781458,61.18762674797904,0.038636645580341,1.4142898209759684,-10.0,-10.0,lift_right,101.92585613619231,2.142784984537678,,4.438262939453175,0.9589641690254211
1773519409.7089,0,833,25.0,259.0,0.4563,-0.9009,-0.1147,-6.7328,5.3817,-1.4733,0.8359,0.6313,0.5508,20.6183,-59.1832,8.4733,59.45651309764826,56.89231622074409,8.744364106097139,63.24209254934565,0.0036625481152174,0.4409689596698163,5.0,-40.0,lift_right,101.31634225900657,0.7105164600997235,,2.279693603515671,0.9407580494880676
1773519409.809,2,753,27.0,258.0,0.4487,-0.9133,-0.0984,-5.4427,5.0382,-2.3359,0.7314,0.6699,0.4583,16.6031,-69.5954,19.8397,59.28180735917054,49.77456564427141,7.775787506098659,74.2482075666477,0.0524664776473293,1.6300549740743668,15.0,15.0,lift_right,99.54331750556001,2.5317206414619173,,-1.8687133789062216,0.9152265787124634
1773519409.909,1,5,28.0,262.0,0.4666,-0.9109,-0.0835,-2.7023,6.6565,-1.9695,0.6409,0.4622,0.333,17.542,-66.0611,23.6565,59.28903254732989,43.27243993169055,7.449184370788523,72.32856067598746,0.0426274181712549,0.2354340032907886,-15.0,55.0,lift_right,94.2720202000822,3.250051754478689,,-3.7835693359374645,0.881581723690033
1773519410.0091,3,5,24.0,269.0,0.5129,-0.8887,-0.0989,-0.6489,9.4275,-1.9237,0.7725,0.6472,0.2783,5.313,-41.9695,28.5649,59.62391354370327,39.24670089498934,9.643622200708611,51.04527805056996,0.0214361296830889,0.8322056313309173,-10.0,-25.0,lower_right,100.18975940800053,1.773012723483759,,-3.027679443359368,0.8972318172454834
1773519410.1091,1,6,26.0,257.0,0.4729,-0.9148,-0.0525,-1.7252,11.145,-0.1908,0.8706,0.489,0.2266,14.916,-61.6794,15.8779,60.06960537675288,33.58198799178398,11.279350366045025,65.4136312152903,0.0519582917321115,0.7889167692974214,5.0,-60.0,lower_right,101.74010607357658,0.5691770275158721,,-8.723022460937475,0.8535736203193665
1773519410.2092,3,9,25.0,257.0,0.4736,-0.9021,-0.0569,-1.4427,7.6489,-0.7252,0.7827,0.4011,0.1206,8.5191,-69.3893,38.2672,60.1708566740418,27.34715437864428,7.817478464313157,79.698360178488,0.0419770665510799,0.1119783517444672,-25.0,-250.0,lower_right,100.49955651218743,0.18510881952445135,,-13.800048828124982,0.8399900197982788
1773519410.3093,11,122,21.0,207.0,0.449,-0.917,-0.0593,0.6183,11.1527,-1.0305,0.9116,0.4146,0.012,2.8931,-9.9695,18.3817,60.581224895513785,27.13389414513774,11.21726091476881,21.11037310778756,0.0304481156605218,0.7284824130713935,5.0,-660.0,lower_right,92.99960953810316,0.4196926675447731,,-0.16717529296872868,0.9334491491317749
1773519410.4093,6,823,26.0,125.0,0.4805,-0.9058,-0.0493,-1.2061,8.9542,-1.458,0.9756,0.3401,-0.022,20.2824,-17.8397,6.687,60.805303147455845,26.25780418334212,9.151947270936388,27.82708419597713,0.0287373641343757,0.1890932662766714,15.0,-595.0,lower_right,92.76614359026546,0.9767413257061519,,-2.4093933105468324,0.9399333596229553
1773519410.5094,10,819,24.0,88.0,0.4612,-0.9045,-0.0588,-5.3817,7.9771,-1.5649,0.8618,0.4211,-0.0933,-5.1908,-11.4275,6.542,60.91031178988717,25.88101382612231,9.749140029253862,14.153795423489772,0.0224008999905611,0.124548000330753,10.0,-535.0,lower_right,95.96194725052463,0.5053821820828468,,-6.497436523437461,0.8972688913345337
1773519410.6094,2,825,28.0,18.0,0.4749,-0.9131,-0.061,-2.9771,6.0305,-2.4122,0.9531,0.3176,-0.0884,-4.2748,-4.9389,9.7557,60.83162633314735,26.297775843871904,7.144841740724563,11.740542182539953,0.0789233415769019,0.5875277919661176,-5.0,-145.0,rest,99.77032897169285,0.5455312068226058,,-15.514984130859375,0.8609623312950134
1773519410.7095,1,889,23.0,59.0,0.4597,-0.9214,-0.0796,-0.4122,5.8168,-4.916,0.9507,0.4702,-0.21,-10.458,-7.8855,6.4656,60.713645883915554,26.23018124923156,7.627065430426042,14.60667168146118,0.0693386127891215,0.0309151919367778,-15.0,225.0,rest,100.95540432193361,1.7765209335033747,,-7.1125183105468714,0.8939366936683655
1773519410.8096,0,920,25.0,63.0,0.4932,-0.8875,-0.0608,-6.8092,6.0382,-4.8779,0.9639,0.3086,-0.0725,4.3359,-4.2443,-0.0229,60.671212790838176,26.72554212260108,10.32564633763911,6.067506547998114,0.0733414336718052,0.3327369616036046,10.0,-30.0,rest,101.11561078127146,1.791085632904858,,-3.543884277343725,0.8417625427246094
1773519410.9096,1,932,25.0,53.0,0.4944,-0.8862,-0.0823,-2.1985,9.0992,-0.855,0.9553,0.3276,-0.0981,10.4885,5.7328,6.0153,60.93055120162556,28.15892452914094,9.399992972869716,13.381235450435808,0.0609411761260392,0.0551923087011196,-5.0,-150.0,rest,103.26978807243219,1.3034776979668214,,-1.488098144531218,0.8443556427955627
1773519411.0097,6,930,24.0,33.0,0.4961,-0.9009,-0.0425,0.4427,9.9389,0.0,0.9114,0.3967,-0.1389,3.8168,-0.9008,-0.1756,61.262220876035165,28.81230886030057,9.94875452003918,3.925587629896956,0.0459453953464572,0.1186819571081809,-5.0,-110.0,rest,106.11027788681103,0.5588018856196196,,-2.948791503906225,0.7878172993659973
1773519411.1098,1,927,24.0,31.0,0.4509,-0.9224,-0.0349,-4.1069,7.7405,0.4427,0.949,0.4109,-0.094,5.6794,2.2519,-0.5954,61.31624079567448,29.777764197680213,8.773707947612571,6.1384964877403,0.0465366237690834,0.0377528409598215,-10.0,-35.0,rest,105.26086730733225,0.9900722865806856,,-4.7911987304687464,0.8130051493644714
1773519411.2098,1,934,22.0,26.0,0.4556,-0.9114,-0.0474,-2.6489,4.0,-1.9542,0.906,0.3984,-0.1125,1.0992,2.8473,-1.7252,61.012497683621085,30.7701019682944,5.180305864521901,3.505948226942321,0.0029530033816627,0.2261671281373839,10.0,-20.0,rest,104.10826991964272,0.407858493254659,,11.308288574218768,0.8563414812088013
1773519411.3099,5,936,26.0,27.0,0.4795,-0.9077,-0.0522,-4.542,7.7786,-1.7863,0.9338,0.3242,-0.0964,-0.0305,0.4733,1.5344,61.110682050833546,31.602868800180783,9.182986967757278,1.6060281753443804,0.0460232598693421,0.1950386571452267,20.0,15.0,rest,101.52547924861204,1.8574952954127617,,4.042846679687528,0.8167630434036255
1773519411.4099,1,929,26.0,29.0,0.4749,-0.9099,-0.0767,-4.0229,7.6412,-0.9466,0.9626,0.3628,-0.115,5.6947,3.4275,1.4656,61.18686770471584,32.67525214372935,8.687215515342071,6.806272673056818,0.0250526146748553,0.0344535853215671,-5.0,0.0,rest,102.76698778295216,1.6562984620393768,,3.1143798828125036,0.8615833520889282
1773519411.51,0,933,25.0,27.0,0.468,-0.9182,-0.0691,-1.6641,8.2137,-0.2214,0.9131,0.3877,-0.1267,-0.4351,-2.0305,-1.8168,61.30691719371512,33.14135609827287,8.383502517444603,2.7591673562870374,0.0210744127281692,0.1324762318311445,0.0,0.0,rest,104.2992582575854,0.7131484207594472,,-8.374298095703079,0.7921516299247742
1773519411.6101,3,935,26.0,29.0,0.4683,-0.9189,-0.0659,-1.4885,8.8626,-1.0687,0.9419,0.3428,-0.1123,3.8473,3.5344,1.145,61.48822152572615,34.20578657465057,9.050051419743427,5.348338587823325,0.0760748935950872,0.3015761955776364,10.0,25.0,rest,103.23095678583302,1.0510946122056855,,-7.897460937499972,0.7957608103752136
1773519411.7101,2,937,27.0,32.0,0.469,-0.9023,-0.0398,0.2595,9.0382,-1.7786,0.9998,0.3167,-0.1565,6.3359,5.3969,-2.1603,61.69303775373965,35.46137165703122,9.215194921975336,8.598665856398886,0.058310481146081,0.0003780300074418,0.0,15.0,rest,104.92085367204423,0.7662356071254961,,-7.6018676757812464,0.8117995262145996
1773519411.8102,0,940,26.0,32.0,0.4705,-0.907,-0.0061,-2.5649,6.8321,-1.3664,0.9399,0.3462,-0.1191,2.5878,3.6031,1.3817,61.67706652494506,36.47960576231489,7.424510177782774,4.6463031907097925,0.0147087120949351,0.15217574434912,0.0,-10.0,rest,107.00791892486662,0.7662356071254961,,-4.432128906249986,0.8185684084892273
1773519411.9102,1,932,27.0,30.0,0.4534,-0.9133,-0.0447,-4.1908,6.4504,-1.542,0.959,0.3535,-0.127,4.5344,4.3893,3.1679,61.60315277197415,37.552379310404845,7.845267924041855,7.061326239453889,0.0153675865648161,0.0150582755206185,5.0,0.0,rest,98.23183987314589,1.6849381576780194,,11.040252685546896,0.852725088596344
1773519412.0103,2,938,27.0,32.0,0.4648,-0.9121,-0.0488,-3.3282,6.9542,-1.6336,0.9287,0.3562,-0.1484,2.9008,2.7176,1.1527,61.59200072109843,38.416396650228194,7.88076530801419,4.138684294555457,0.0272558621729401,0.0335500888377104,0.0,-5.0,rest,98.06310317791278,2.734685336654018,,4.381835937500025,0.83491450548172
1773519412.1104,1,933,27.0,29.0,0.4729,-0.8967,-0.0537,-2.5191,7.2748,-1.1069,0.9517,0.3547,-0.1243,-0.0229,1.8168,0.145,61.6283689004007,39.19511008274496,7.777776511317358,1.822720946826475,0.014104763964623,0.0378618642306843,-15.0,0.0,rest,97.6301916483208,3.4178011483876736,,2.012817382812546,0.8219612836837769
1773519412.2104,1,940,24.0,32.0,0.4763,-0.9036,-0.0349,-2.3893,7.1527,-1.2519,0.9238,0.3562,-0.1262,-1.9008,1.7863,-0.3435,61.65230052577222,39.941309091210144,7.644417923557032,2.630950508846565,0.0404129152838039,0.0446424170040926,0.0,0.0,rest,97.7121035312039,3.355569426310766,,2.374389648437507,0.8099501729011536
1773519412.3105,0,942,27.0,29.0,0.4709,-0.9077,-0.0374,-3.1145,5.9313,-2.145,0.9446,0.3452,-0.1318,0.4046,1.916,-0.0076,61.54851574265758,40.70296538045184,7.034305576245605,1.958268347290534,0.0272973594898362,0.0453701331205208,-5.0,-25.0,rest,98.19119800968707,2.6206442689985474,,11.566986083984379,0.8730316758155823
1773519412.4106,1,943,23.0,27.0,0.4705,-0.9119,-0.0532,-4.313,7.145,-2.2214,0.9355,0.3567,-0.1096,-0.084,2.9466,-0.5954,61.56279713771671,41.5427452020749,8.636411984151751,3.007325842006483,0.0097055119216016,0.0295001391007809,-15.0,5.0,rest,99.51903722972921,2.663377873715229,,3.903320312500007,0.8301701545715332
1773519412.5106,0,940,24.0,30.0,0.4768,-0.9043,-0.0771,-3.1145,7.313,-1.6794,0.9351,0.3569,-0.1228,-0.7176,2.7328,0.2366,61.60252142047103,42.340094080880746,8.12406693780892,2.835335105415232,0.0641427214360157,0.0321214569492878,0.0,20.0,rest,101.77347165056379,2.3143101120297285,,-10.886077880859375,0.7694652080535889
1773519412.6107,0,939,23.0,31.0,0.4697,-0.8984,-0.0427,-1.7405,6.916,-1.145,0.9399,0.3596,-0.1211,-1.0229,1.2137,0.6718,61.5997362107573,42.972550049572135,7.222978696493573,1.723574001892579,0.0363135239603196,0.0452642939874758,10.0,0.0,rest,101.60161074530663,2.255290596579819,,-10.452423095703107,0.7827495336532593
1773519412.7107,0,938,26.0,30.0,0.4641,-0.9219,-0.0264,-1.7481,7.3664,-1.1985,0.9514,0.335,-0.1335,0.4122,3.5496,2.1527,61.62388916239452,43.84578351071399,7.665253082579857,4.171772559716073,0.0695040210803377,0.0237051516734188,20.0,5.0,rest,103.35799134327098,0.36020417302247093,,5.182098388671905,0.878816545009613
1773519412.8108,0,941,27.0,32.0,0.4661,-0.9165,-0.0273,-3.7328,6.542,-2.1832,0.9443,0.3323,-0.1252,-1.7939,1.6641,-0.5649,61.57144816712659,44.51977502578109,7.842061086219617,2.5112582563328685,0.0670445748020487,0.011784642937479,15.0,0.0,rest,107.56135451012119,0.26629075469568025,,-4.604736328124979,0.7710644006729126
1773519412.9109,3,938,29.0,30.0,0.4724,-0.9023,-0.0342,-4.3053,5.145,-2.374,0.9548,0.3384,-0.1177,0.9924,2.5649,-1.8321,61.39657822611673,45.26937200199448,7.116355042435699,3.3045665646193303,0.0380922126282767,0.0202605936745481,-15.0,-20.0,rest,108.43326781377652,0.013570112460713544,,-8.824249267578086,0.7643910646438599
1773519413.0109,2,939,24.0,28.0,0.4749,-0.9019,-0.0583,-2.0458,6.7328,-1.5191,0.9348,0.3625,-0.144,1.2519,2.3893,-0.687,61.382862211610615,45.94515995999642,7.198858124036061,2.7835188341378254,0.0196745821950028,0.0412209360604676,-25.0,5.0,rest,107.21002924026567,0.08939015120019954,,-9.167419433593746,0.7577980756759644
1773519413.111,2,939,24.0,31.0,0.469,-0.9077,-0.0513,-2.4275,7.5802,-0.916,0.9331,0.366,-0.1365,11.2595,5.0992,-1.3053,61.443819175260586,46.871663509190505,8.01194385214974,12.429078364062237,0.0173433373690223,0.1563867932203261,10.0,15.0,rest,100.0727264485253,2.9388098182349083,,-9.167419433593746,0.8091261982917786
1773519413.211,1,940,26.0,31.0,0.4663,-0.9114,-0.0369,-3.6565,6.4046,-1.6107,0.9089,0.3499,-0.1228,6.3588,5.2977,3.9466,61.38412652861896,47.80950428892735,7.548724918819072,9.169275559715718,0.013810354150614,0.0256413091816876,5.0,-5.0,rest,100.0727264485253,3.0734179131518893,,-9.076416015624975,0.8113864660263062
1773519413.3111,1,936,25.0,30.0,0.4736,-0.9084,-0.0518,-3.3053,6.6107,-1.5802,0.9392,0.3721,-0.1145,1.1145,0.855,-2.6489,61.35424175144713,48.28680345222707,7.558002025667895,2.9983005953372985,0.0022930180665714,0.2347080381940997,-5.0,-15.0,rest,100.1717972096231,3.327761483866071,,-8.216796874999961,0.8023445010185242
1773519413.4112,3,942,25.0,28.0,0.4661,-0.9104,-0.0493,-3.3206,7.458,-1.2366,0.9631,0.3357,-0.1331,0.2901,1.9237,-0.9008,61.3995848483605,48.89850988019407,8.256956335115259,2.1438797400973777,0.0054784334593338,0.0484892989923413,5.0,-10.0,rest,100.634448804281,3.344766870948931,,-5.8664855957031214,0.7684998512268066
1773519413.5112,1,939,26.0,28.0,0.4663,-0.9138,-0.0442,-2.6336,6.5573,-1.5038,0.9358,0.345,-0.1389,1.1527,3.5878,-0.145,61.3543589899228,49.63866056560512,7.22464163055857,3.7712134824218055,0.0275285243791989,0.0756117179777005,0.0,15.0,rest,100.62658903838614,1.7265013182700286,,3.449798583984407,0.8480374217033386
1773519413.6113,0,939,25.0,31.0,0.4758,-0.9119,-0.0432,-3.3359,7.2214,-1.7099,0.9375,0.3635,-0.1267,-1.7328,1.7328,0.6947,61.3855244131526,50.16922946672138,8.136375408005705,2.5471159710543216,0.0530506814543374,0.0154459408790041,-10.0,10.0,rest,102.28955668281183,1.5435538915088245,,-7.343933105468743,0.7987084984779358
1773519413.7113,0,937,24.0,30.0,0.469,-0.9004,-0.0454,-2.9313,6.2366,-1.2672,0.9473,0.3223,-0.1379,1.2672,2.9008,1.0382,61.3186866381881,50.84396892441251,7.00667503813328,3.331410470056189,0.0186226992398486,0.0021444064852216,0.0,0.0,rest,104.19073820689012,1.2498201768405925,,-8.789916992187461,0.7845469117164612
1773519413.8114,1,938,25.0,31.0,0.4661,-0.9128,-0.0413,-3.145,6.0611,-1.6947,0.9431,0.3479,-0.1255,1.2748,2.0305,-0.7557,61.226827619195845,51.39781814014773,7.035621244780023,2.513787536765985,0.0567649994838137,0.0309519335205088,0.0,5.0,rest,105.02442514508871,1.2498201768405925,,-8.789916992187461,0.8198485374450684
1773519413.9115,4,935,24.0,31.0,0.4717,-0.9116,-0.0493,-1.9847,6.9618,-3.8168,0.9473,0.3433,-0.1326,0.9924,2.8855,-0.2443,61.23104352840285,52.0280256974147,8.183743371465164,3.0611518257022143,0.0184585529708936,0.0362446589883846,10.0,0.0,rest,106.84359257079005,1.174174086287391,,-7.853271484374975,0.7965569496154785
1773519414.0115,2,933,27.0,31.0,0.4722,-0.905,-0.051,-3.0153,6.5954,-0.0229,0.9348,0.3459,-0.1345,0.2443,2.8168,-0.7405,61.203109341712896,52.63043537693928,7.252024521469849,2.922735872431856,0.006674124921111,0.0153633887331161,15.0,10.0,rest,108.12221004806048,1.0765648407021755,,-9.3536987304687,0.7657394409179688
1773519414.1116,2,940,27.0,33.0,0.4734,-0.9094,-0.0457,-2.7405,6.9924,-1.4046,0.9448,0.3411,-0.1326,-1.5267,1.374,-0.2214,61.21370704987053,53.08900230383694,7.640477679438636,2.065842890928543,0.0104711606904017,0.0108635357904762,-5.0,-5.0,rest,108.12221004806048,1.0765648407021755,,-11.860870361328075,0.7421179413795471
1773519414.2116,0,938,26.0,30.0,0.4697,-0.9045,-0.0398,-3.2214,6.9771,-1.3053,0.9417,0.3406,-0.1147,0.0,2.5496,1.3359,61.2215857550765,53.659301528802885,7.79494390358263,2.8783830478238994,0.0294404667174197,0.0403057993180233,5.0,0.0,rest,106.9737368401025,0.906179244416622,,-11.860870361328075,0.7183375358581543
1773519414.3117,1,935,28.0,33.0,0.467,-0.9062,-0.0432,-3.7252,6.3359,-1.5191,0.9336,0.3469,-0.1355,1.6107,1.8855,1.626,61.162818943955166,54.13594144012199,7.505225423663169,2.965356764370857,0.0106751816054317,0.1123529673199041,0.0,-5.0,rest,105.0702430630033,0.8580812152845418,,-8.333557128906204,0.8061934113502502
1773519414.4118,4,935,26.0,29.0,0.4736,-0.9048,-0.0415,-3.771,6.7557,-1.7557,0.9648,0.3337,-0.1399,-1.4351,1.8244,0.7481,61.15370531979708,54.62085195452772,7.933625021388394,2.438770382795396,0.0336744990071524,0.0223023002863975,0.0,-10.0,rest,104.51954043582005,1.0432686014750299,,-6.630981445312489,0.8120614886283875
1773519414.5118,1,935,28.0,31.0,0.4739,-0.9106,-0.0342,-4.4504,6.8244,-1.0,0.9431,0.3333,-0.137,-0.3588,0.9695,-0.3282,61.14896465108788,55.00520931969029,8.208440504748756,1.0846118798906823,0.06699596995131,0.0264719082285014,5.0,5.0,rest,105.93802796571471,0.8750252509914128,,-5.67535400390625,0.8074392080307007
1773519414.6119,1,937,27.0,30.0,0.4565,-0.9272,-0.0645,-3.0,8.4275,-3.8855,0.9575,0.3308,-0.157,1.084,3.1221,-1.0076,61.27504475948805,55.59251491484599,9.7529414281026,3.45511536276287,0.033301191977243,0.0475953491928926,-5.0,-20.0,rest,105.93802796571471,0.8750252509914128,,-4.534179687499993,0.8264853358268738
1773519414.7119,1,941,27.0,27.0,0.4653,-0.907,-0.0464,-1.6718,9.6183,-2.8321,0.9446,0.3542,-0.1445,-0.6183,6.1527,0.313,61.53469478298605,56.44269282308948,10.165008634526584,6.191605702885157,0.0043516275102684,0.1131462380573322,-15.0,10.0,rest,100.88399706422256,2.0459833740864894,,-2.2252807617187287,0.8422503471374512
1773519414.812,0,940,24.0,32.0,0.488,-0.9121,-0.0195,-0.6107,11.5496,-2.0916,0.9299,0.3623,-0.095,-4.6641,3.1679,2.8931,61.99871429519866,56.98551819344658,11.75334017247863,6.337148162225655,0.2078536891142013,0.0277907532748156,10.0,25.0,rest,104.64815384975603,1.54403126184181,,-2.2252807617187287,0.8706188797950745
1773519414.9121,0,938,29.0,32.0,0.4924,-0.939,-0.0608,0.084,11.3664,-2.6031,0.9558,0.3188,-0.1101,0.1069,1.0076,5.771,62.42510111408753,57.35582086657144,11.66097056723839,5.859276949419613,0.0259294055678094,0.0747123719335196,10.0,-5.0,rest,103.91007630946669,1.7817660258034536,,0.7414245605469105,0.8564843535423279
1773519415.0121,0,939,26.0,31.0,0.4768,-0.9119,-0.0291,3.4275,14.687,-3.542,0.9573,0.3135,-0.1431,-1.0687,2.6718,1.2901,63.16775495159282,57.87457654197832,15.491981450092172,3.153568286877581,0.0702330077785406,0.0074368317771944,-20.0,-10.0,rest,103.49460181313306,2.552558660034336,,-0.2252197265625,0.8366796374320984
1773519415.1122,1,942,25.0,30.0,0.4983,-0.9219,-0.0059,2.229,15.0229,-1.1298,0.9602,0.3047,-0.1245,-0.8779,2.7634,-0.4656,63.94447122625889,58.409466676418006,15.22932741292274,2.936642867289109,0.0529785358106194,0.0347437239543746,-10.0,0.0,rest,96.87578924200034,5.702987214744064,,2.243988037109421,0.8116495013237
1773519415.2123,2,939,24.0,31.0,0.4978,-0.8882,0.0366,7.2214,8.3588,-10.4046,0.9622,0.3313,-0.1174,0.1908,4.9771,-2.4427,64.06970688238532,59.12769405429448,15.174776985511189,5.547496042360012,0.2329691097839892,0.0140398886752302,295.0,0.0,rest,94.03572957566026,4.835554947193739,,0.5046691894531286,0.875021755695343
1773519415.3123,1,937,84.0,30.0,0.5222,-0.9617,0.0225,0.4809,16.374,-5.5954,0.9492,0.3513,-0.1079,-2.0763,2.1679,0.6412,64.96286962471284,59.53430112606179,17.310333387026375,3.0695194314419965,0.0150152283231907,0.112925511329428,310.0,5.0,rest,93.65228725980401,3.828213668499235,,4.345733642578136,0.8628044128417969
1773519415.4124,0,933,86.0,32.0,0.4954,-0.8926,0.0449,13.6183,8.9313,-1.7176,0.9395,0.3213,-0.1331,-0.2519,4.1985,1.7863,65.1188778275478,60.1488041328014,16.376091241196722,4.569652453961899,0.4998684846869994,0.0027585244440619,25.0,5.0,rest,92.86596072375664,3.8983857741186303,,5.37872314453125,0.8341881036758423
1773519415.5124,0,936,89.0,31.0,0.5903,-0.793,0.1091,26.4885,12.8015,-28.6489,0.9592,0.312,-0.1323,1.5725,4.6412,0.0458,65.79917970464263,60.81149308713964,41.06432156641578,4.90057051066506,0.2134110166332548,0.0177778138802431,35.0,15.0,rest,93.06712870800924,1.9044145498927916,,18.811645507812536,0.9188384413719177
1773519415.6125,1,935,93.0,35.0,0.623,-0.8428,0.1865,22.6336,2.2519,-57.8168,0.9343,0.3577,-0.0994,-0.1298,6.0611,0.7634,65.42027427028474,61.55583240096999,62.12997074528524,6.110365030830809,0.0860596548696895,0.0436175940990912,40.0,0.0,rest,96.66789888830361,1.7995899350041877,,30.23278808593755,0.8977458477020264
1773519415.7126,2,937,97.0,31.0,0.6477,-0.7048,0.1975,31.6183,17.4046,-76.1069,0.948,0.3257,-0.1116,1.084,4.6794,1.6336,66.64763045164747,62.184102583940216,84.23121288251761,5.073508580854082,0.5004808979102116,0.0438377118252975,20.0,5.0,rest,96.022493504791,2.760334745021697,,39.971740722656264,0.9736981391906738
1773519415.8126,1,935,97.0,36.0,0.7549,-0.5647,0.2034,23.6947,33.3511,-93.145,0.9539,0.3267,-0.1086,1.4809,2.3206,0.5954,69.61332732055934,62.57093336258141,101.73360164812804,2.8165138611411096,0.5203275213491193,0.0457150796243133,10.0,5.0,rest,119.17576728037207,8.743826730861437,,36.83258056640625,0.0
1773519415.9127,2,937,99.0,32.0,0.8201,-0.6318,0.3127,28.687,3.5496,-106.3359,0.9592,0.3267,-0.0947,1.0,4.2901,0.916,69.55528201532618,63.149437229864326,110.19467890043512,4.4993348408403655,0.8129769284598676,0.0131057410122259,30.0,-10.0,rest,,,,,0.0
1773519416.0127,0,941,103.0,34.0,0.9663,-0.4126,0.4077,22.9466,39.458,-101.9389,0.9573,0.3125,-0.0952,1.6183,5.8015,0.9389,73.21154980569959,63.87815074194053,111.6916270307224,6.095722299284966,0.1636933567723109,0.0516693761981412,35.0,5.0,lift_left,,,,,0.0
1773519416.1128,1,937,106.0,33.0,0.9644,-0.2385,0.3359,8.2366,9.7099,-81.4733,0.9749,0.3083,-0.1069,0.145,2.1908,-0.6336,74.03627735089837,64.24516943694032,82.4622480318115,2.2851867757362854,0.6845863176664319,0.1023334563389921,35.0,-5.0,lift_left,,,,,0.0
1773519416.2129,0,950,110.0,33.0,0.895,-0.1357,0.4011,4.8473,33.8931,-40.9466,0.9343,0.3159,-0.0972,1.8397,5.4427,-3.4962,77.17068984857744,64.90401823449436,53.3747374369186,6.725391722420339,0.3593696494462062,0.0556095857135729,40.0,-5.0,lift_left,,,,,0.0
1773519416.3129,3,935,114.0,32.0,0.8948,-0.0046,0.3918,-1.1832,15.4962,-34.5115,0.9587,0.3298,-0.0793,0.3053,5.1298,-2.2366,78.47293778513443,65.51897017065806,37.849383204089335,5.604501377464369,0.0294746608475471,0.2088245303324054,30.0,-5.0,lift_left,,,,,0.0
1773519416.413,1,935,116.0,32.0,0.9133,0.012,0.3972,-3.8397,26.3206,-10.6183,0.9771,0.333,-0.0327,-0.3664,2.5267,-0.8702,80.81261603099279,65.87813852234626,28.64027889773422,2.6973523852103565,0.5572456381731705,0.0522981261176969,25.0,-5.0,lift_left,,,,,0.0
1773519416.513,0,933,119.0,31.0,0.9856,0.0618,0.4573,-11.313,38.2061,1.229,0.9453,0.334,-0.0886,1.7634,1.0992,-2.8702,84.2387825502258,66.06670257839114,39.8647775261571,3.54342605962083,0.06078717715498,0.0995150010137768,30.0,-5.0,lift_left,,,,,0.0
1773519416.6131,0,931,122.0,31.0,0.917,0.0469,0.4163,-7.5878,-0.313,0.3053,0.9436,0.3499,-0.1147,0.1832,3.2672,-1.4733,83.83226493711723,66.43921060200259,7.600387222372291,3.588700456989967,0.3893916117500617,0.0290686928820049,40.0,-10.0,lift_left,,,,,0.0
1773519416.7132,0,931,127.0,29.0,0.8833,0.042,0.4888,-15.3664,21.5954,8.6565,0.9485,0.3384,-0.1028,-0.4885,2.229,1.9924,85.49099683625577,66.71988599041053,27.882298010924423,3.029311969738344,0.3216506119995793,0.0226643647654423,25.0,-25.0,lift_left,,,,,0.0
1773519416.8132,2,935,127.0,26.0,0.8154,0.0059,0.4753,-3.9695,-0.8473,-3.3435,0.9529,0.3125,-0.1055,-1.458,2.7099,2.8779,84.8933414068317,67.0692122717434,5.258691832575854,4.213268377400139,0.4217107698584765,0.0164068242962245,-5.0,0.0,lift_left,,,,,0.0
1773519416.9133,4,936,126.0,29.0,0.8086,0.0327,0.4502,-5.0229,11.9618,0.4122,0.9551,0.3149,-0.082,1.542,3.1298,0.313,85.5842983408573,67.45827025205934,12.980142236894018,3.503053102652028,0.0538748240009101,0.0524989782623219,15.0,15.0,lift_left,,,,,0.0
1773519417.0134,8,936,130.0,29.0,0.8076,-0.0034,0.4673,-8.313,3.5573,5.5725,0.9639,0.3215,-0.075,2.2214,3.7099,-3.2137,85.4201170759357,67.89455221496678,10.621351540176043,5.387563796374016,0.2371931689253292,0.0486917778922457,35.0,10.0,lift_left,,,,,0.0
1773519417.1134,0,921,133.0,31.0,0.8608,0.0076,0.4546,-4.5115,11.1832,4.0,0.9604,0.3291,-0.0847,2.6183,4.1832,-2.0992,86.05081953760461,68.35690176347349,12.705022412022734,5.362956066387268,0.2163196664921374,0.0001248920710728,20.0,-5.0,lift_left,,,,,0.0
1773519417.2135,1,935,134.0,28.0,0.8384,-0.0386,0.4988,-0.0763,9.6565,3.4962,0.9546,0.3486,-0.0732,2.8092,2.6336,-0.3282,86.45963141746122,68.6386022037714,10.270210727146742,3.8646046162576577,0.098693199137449,0.0357086703746434,40.0,-15.0,lift_left,,,,,0.0
1773519417.3135,1,931,141.0,28.0,0.876,-0.0684,0.4631,2.0229,-11.4351,-1.5191,0.9592,0.3613,-0.043,0.9618,1.3435,1.0458,84.84740853040138,68.78203205018953,11.71158833079442,1.9554409042464047,0.3457187746825457,0.0297078088712232,35.0,-5.0,lift_left,,,,,0.0
1773519417.4136,1,936,141.0,27.0,0.937,-0.0103,0.4636,-3.2672,7.7863,-2.5649,0.9602,0.3132,-0.0774,1.1908,2.9924,-0.3206,85.18690837568265,69.12820514022418,8.824951871823437,3.236548587616136,0.1953958415422113,0.0687487985588319,-10.0,-5.0,lift_left,,,,,0.0
1773519417.5137,0,935,139.0,27.0,0.8618,-0.0227,0.4089,-5.2061,10.0763,2.313,0.9551,0.3262,-0.0762,2.3359,2.4809,-1.3969,85.76230382893459,69.40222358921423,11.575200555497949,3.6827466964210287,0.2878176346036831,0.0012787508123834,5.0,-5.0,lift_left,,,,,0.0
1773519417.6137,3,936,142.0,26.0,0.9082,-0.0061,0.3887,-1.3893,6.8626,1.9008,0.9465,0.3523,-0.0813,1.5191,2.5954,-0.5878,86.05613325558275,69.65039530408623,7.255237686664717,3.0641923585179835,0.3987338472605806,0.0185423255489602,40.0,-15.0,lift_left,,,,,0.0
1773519417.7138,1,936,147.0,24.0,0.9316,-0.0139,0.4482,-5.542,9.4962,2.6183,0.9517,0.3428,-0.0933,0.2901,3.1069,0.1145,86.55157159126315,69.9524511842305,11.30252508645745,3.122514350647567,0.495764226172633,0.0075401857723322,-5.0,-5.0,lift_left,,,,,0.0
1773519417.8138,0,953,141.0,25.0,0.8057,-0.0476,0.3721,-11.229,24.8931,10.0992,0.9548,0.3386,-0.0579,1.1756,1.3817,1.1756,88.56073222827808,70.09305784154253,29.11615890274677,2.161750589221615,0.2041592033898459,0.0122250965633996,-40.0,0.0,lift_left,,,,,0.0
1773519417.9139,0,927,139.0,24.0,0.874,-0.0613,0.4675,-8.1985,0.145,10.084,0.96,0.3235,-0.1033,1.5878,3.6031,-1.8702,88.03681189122305,70.45468366098082,12.997056714887412,4.359023570709385,0.8622375225581452,0.0363213256298189,60.0,5.0,lift_left,99.9624782344663,9.81185842683932,,20.365478515625046,0.9572170376777649
1773519418.014,1,936,153.0,26.0,0.9189,-0.1177,0.5176,-11.3359,7.458,11.6183,0.9429,0.3435,-0.0889,0.5267,2.9771,-0.2137,88.20669181231187,70.72491490641967,17.86363030573573,3.030875284468169,0.1555763959083411,0.0599933132585217,70.0,5.0,lift_left,98.91732659297493,11.636777157891885,,21.323486328125014,0.9619678854942322
1773519418.114,0,935,153.0,25.0,0.8208,-0.1191,0.4873,-4.6031,12.6336,12.3664,0.9382,0.3508,-0.0967,-2.4046,1.8168,2.5267,88.8520153502019,70.86448407850841,18.2681205253852,3.932820398899497,0.593887893379661,0.0145303827955411,5.0,-10.0,lift_left,94.27714927087581,4.567515829517402,,14.195556640625036,0.8987506628036499
1773519418.2141,2,938,154.0,24.0,0.7871,-0.1401,0.499,-1.4504,13.4885,18.0305,0.9512,0.3308,-0.0813,1.0534,5.1679,4.2214,89.52956115946108,71.35957909964925,22.56418007949768,6.755520700138518,1.5973877385076156,0.0205866394409648,15.0,10.0,lift_left,93.83299815314474,4.2320990076054175,,11.354187011718793,0.9119089245796204
1773519418.3141,0,936,156.0,27.0,1.0449,-0.3154,0.6714,-6.1756,-10.4656,53.6947,0.9646,0.2859,-0.0935,0.0458,0.2443,3.0,87.80590965914159,71.40993775134683,55.0525896467187,3.0102790784244573,0.4967264038963437,0.0888899892347816,0.0,30.0,lift_left,,,,,0.0
1773519418.4142,9,931,154.0,30.0,0.9146,-0.3357,0.3689,-30.5496,-17.0534,71.7252,0.9788,0.2815,-0.1406,3.2672,3.1679,-2.3893,85.60643841110682,71.73576742626616,79.8035138747662,5.139935869249732,1.3666619727068452,0.0301286007612744,35.0,10.0,lift_left,,,,,0.0
1773519418.5143,1,915,163.0,29.0,0.7637,-0.5544,0.3545,-36.3817,-24.9618,97.1298,0.9561,0.3325,-0.092,3.0153,3.4275,-4.0687,82.43304994164508,72.04012401752416,106.68138357825136,6.1150723650665,0.5112664620550456,0.0974089221810625,35.0,0.0,lift_left,,,,,0.0
1773519418.6143,0,927,161.0,30.0,0.6733,-0.5608,0.3389,-21.5267,-38.8397,107.8779,0.9402,0.3516,-0.0989,2.0916,5.8473,-2.2366,77.89366787917017,72.54775821175454,116.66002921905172,6.600612654140523,0.4085854806283828,0.013281628249091,35.0,-5.0,lift_left,,,,,0.0
1773519418.7144,3,919,170.0,28.0,0.7302,-0.741,0.3247,-39.3511,-24.2748,56.5954,0.9565,0.3369,-0.1008,0.9008,4.4122,-0.0076,74.79823655597365,72.92548044946369,73.0808749770417,4.5032218732813964,1.0407710531593872,0.0664726117527214,-5.0,-15.0,lift_left,98.99441845387318,12.892195066374244,,21.56982421875,0.9339856505393982
1773519418.8145,0,935,160.0,27.0,0.7183,-0.8694,0.2129,-22.3969,-5.855,34.1221,0.9683,0.3079,-0.1094,1.5115,1.9695,1.916,73.50341627562432,73.08703704888094,41.23372240072439,3.1360195311891794,0.0241172984775706,0.0047159728144674,-20.0,-10.0,lift_left,105.51668995386613,3.0850846646236354,,23.713500976562507,0.8818778395652771
1773519418.9145,0,935,166.0,26.0,0.5618,-0.9136,0.1641,-15.0763,-1.1603,23.4198,0.9551,0.3416,-0.0879,1.8092,-0.2977,0.4275,72.54332193741584,72.99072794918276,27.877018309352955,1.8827071413260208,1.1454975136988357,0.0695303894164245,80.0,-5.0,lift_left,108.63955869012912,4.388800731981381,,22.635284423828146,0.9201030731201172
1773519419.0146,0,935,176.0,26.0,0.5044,-0.7617,0.0957,-19.2748,-11.687,25.9008,0.9463,0.3262,-0.1194,2.6565,4.5344,-1.5496,70.61325776695162,73.37214350884834,34.33591887047731,5.478963019586827,0.8391364352290576,0.0180615975803044,15.0,0.0,lower_left,106.31210018170248,7.12071430031159,,33.82925415039067,0.894442081451416
1773519419.1146,1,938,169.0,26.0,0.5042,-0.7651,0.04,-19.5191,-1.9695,12.5191,0.9509,0.343,-0.0862,2.374,5.9008,-0.5725,69.67495994632837,73.87494814943648,23.272345388249978,6.386162610676306,0.7406812397810036,0.007488403749204,-480.0,-5.0,lower_left,102.65254672805945,5.792195832182608,,45.12109375000005,0.9037680625915527
1773519419.2147,0,936,80.0,25.0,0.519,-0.9282,0.0833,-8.5649,7.6489,8.0687,0.9468,0.3425,-0.0737,1.9237,1.4885,2.229,69.61332913388544,73.93720742969374,14.034496888381856,3.299196105114093,0.7476518748944372,0.0069213027766956,-705.0,10.0,lower_left,94.7374486856334,2.365747083801433,,35.649505615234425,0.9377685785293579
1773519419.3148,0,936,28.0,28.0,0.4736,-0.9553,0.0308,-14.6412,3.0992,8.2519,0.9541,0.3367,-0.0918,0.3817,0.1221,2.2366,69.05195524055075,73.86859947406631,17.08986927071123,2.2722198089093406,0.2154119243028596,0.0214322753926965,-270.0,15.0,rest,92.57252228918435,3.2965244493071935,,20.005615234375007,0.9087928533554077
1773519419.4148,447,499,26.0,28.0,0.4866,-0.9004,0.0173,-3.5115,12.8702,-1.2901,0.9531,0.3035,-0.1001,-1.0153,1.8092,2.3206,69.49986651779477,73.99779552148392,13.402874255173778,3.112751691028374,0.0396021268232726,0.0246606017972406,-15.0,0.0,rest,101.56957156545226,4.080800101196391,,17.899414062500014,0.9168227314949036
1773519419.5149,463,486,25.0,28.0,0.5159,-0.9395,0.0774,-3.1145,-6.3588,-3.8702,0.9543,0.3025,-0.1411,1.4885,4.3893,-1.2366,68.06051616386391,74.36242058594385,8.069256206739254,4.796953856355093,0.2199576919073897,0.0522474838132869,-10.0,0.0,rest,103.65164990250794,2.736394708494657,,17.056915283203136,0.9204063415527344
1773519419.6149,449,478,24.0,28.0,0.4829,-0.9517,0.0295,-9.9313,14.8092,-1.084,0.9534,0.3325,-0.1101,-1.3893,0.3969,1.9389,68.68845728722118,74.3106277790426,17.863879207215884,2.418060650604116,0.3337029482000608,0.0944511080679599,10.0,10.0,rest,110.4841515086694,3.658460695160729,,17.444946289062546,0.9297709465026855
1773519419.715,411,536,27.0,30.0,0.4624,-0.8953,0.021,-14.5115,1.7863,7.8779,0.97,0.3379,-0.0747,6.3817,0.8855,-1.0763,68.0359214503941,74.31850549782547,16.60830540271945,6.532122689447895,0.891601688844591,0.0421375536757684,15.0,0.0,rest,119.06359743309535,4.078458213279429,,9.08638000488284,0.9175455570220947
1773519419.8151,1,922,27.0,28.0,0.4114,-0.7878,0.031,-11.1298,-8.6412,7.2366,0.9304,0.3545,-0.1526,3.0153,3.8397,-1.4427,66.3794854160034,74.55783194586894,15.840175663167376,5.090846046582041,0.5404423652472207,0.0110742699439947,25.0,-10.0,rest,112.3944731898061,4.216065921648857,,16.961959838867216,0.9020023345947266
1773519419.9151,0,935,32.0,28.0,0.3679,-0.8201,-0.0413,-4.3206,12.0611,4.7176,0.9629,0.3416,-0.1106,-1.8015,1.1069,3.3893,66.71656551015091,74.56614914346746,13.65259928841391,3.9947445913349706,1.7925275324769097,0.0149139712029167,-10.0,0.0,rest,119.8528364825456,3.890986711828616,,13.45271301269535,0.07489815354347229
1773519420.0152,384,577,25.0,28.0,0.6689,-1.053,-0.0276,-8.9771,-8.4122,-1.4656,0.9565,0.3062,-0.1094,1.4427,3.4656,0.2366,65.20616144979361,74.8389516667492,12.389568862958871,3.761348988062661,0.4460038568052149,0.064070099465141,-30.0,10.0,rest,123.75010680694581,2.8822908395577436,,0.4415893554687855,0.9762536883354187
1773519420.1152,420,526,26.0,30.0,0.3191,-0.9355,-0.0334,-11.9084,24.2137,2.687,0.9568,0.3198,-0.1104,1.3359,2.6718,-2.0229,66.65144908153336,75.01454226456141,27.11702836318906,3.607668008561764,1.0892703940846316,0.1030916103268608,10.0,15.0,rest,136.7355815620334,2.8822908395577436,,-22.142333984374982,0.0
1773519420.2153,382,565,27.0,31.0,0.4111,-0.9436,-0.0374,-0.2366,-1.855,-4.4198,0.9338,0.3164,-0.0854,6.6489,4.4733,-1.3435,65.60712892915737,75.36585833774065,4.7991287334265165,8.12547083866529,0.0894423937114413,0.0621837579260986,20.0,-25.0,rest,141.30321583027134,4.994591242570569,,-41.33419799804683,0.0
1773519420.3154,389,557,30.0,25.0,0.4326,-0.9089,-0.0237,-1.9847,14.3206,2.2366,0.9739,0.3118,-0.0981,3.8626,5.4656,-6.3588,66.20730559297903,75.82310593674369,14.629456517929846,9.231836196553749,0.0595252498851173,0.1800911393573567,5.0,-5.0,rest,140.70014962645593,1.2385427955737756,,-29.03092956542966,0.0
1773519420.4154,366,561,28.0,30.0,0.4185,-0.9539,-0.0195,-3.8855,6.7939,-2.8931,0.9685,0.3208,-0.1052,4.2977,5.7252,-7.084,66.02263909074858,76.28335322181398,8.344112599312163,10.071305592126574,0.1322648597880071,0.0709449544710538,-15.0,20.0,rest,129.78132471082208,1.7475292605780317,,-17.149169921874954,0.9755086898803711
1773519420.5155,335,572,27.0,29.0,0.4231,-0.9419,-0.0398,-2.7023,7.3893,-0.6183,0.9441,0.3484,-0.1169,3.2977,0.3435,-6.1527,65.90974660965699,76.1659816704632,7.89217806882232,6.98917268566173,0.1739054026513331,0.0480052627284999,-10.0,0.0,rest,124.54246321349709,3.7448084583114065,,-12.711181640625,0.9182942509651184
1773519420.6155,311,570,26.0,30.0,0.3994,-0.9231,-0.0505,-0.4885,11.855,0.6489,0.9385,0.375,-0.1047,1.7863,3.3435,-7.7786,66.22065416129838,76.31969732007636,11.882791273938963,8.65311954730778,0.0509251435628388,0.013074791375609,-30.0,5.0,rest,133.5413113422835,2.5113519693036483,,-15.292373657226515,0.9689241647720337
1773519420.7156,265,594,21.0,30.0,0.425,-0.9307,-0.0007,-4.2901,5.6794,-2.9389,0.9404,0.3655,-0.1172,3.4351,4.1908,-1.0458,65.94369411364185,76.55993839250094,7.700498398155798,5.518733033043001,0.0849733837936117,0.0482636759861077,-10.0,-10.0,rest,123.97807854149933,0.3491208532851957,,-5.848602294921852,0.966187596321106
1773519420.8157,151,768,24.0,28.0,0.4148,-0.936,-0.0234,-5.0992,3.1069,-2.6641,0.9363,0.3999,-0.1245,2.0534,1.9466,-0.7557,65.40718624436177,76.53750154110969,6.538508779530696,2.928614964449919,0.0083549214681044,0.0447443094671839,10.0,-15.0,rest,119.84821345398186,3.1024265339706214,,-5.921813964843707,0.8830267786979675
1773519420.9157,180,743,23.0,27.0,0.4326,-0.9238,-0.0535,-3.9695,4.6489,-2.6565,0.9409,0.3904,-0.1106,0.7557,2.9389,0.855,65.05575636238457,76.6282002685155,6.665297721032422,3.152656134119292,0.0665910107208522,0.0242998845834896,15.0,10.0,rest,123.65737706964647,3.318091722935593,,-12.641479492187475,0.8521602153778076
1773519421.0158,73,859,27.0,30.0,0.425,-0.9153,-0.0566,-2.4733,6.8397,-0.9237,0.9519,0.3486,-0.1204,3.1832,3.5649,1.4046,64.92223290340652,76.82142694112841,7.331570818726366,4.98138288128909,0.016512549356259,0.0452224297335668,0.0,10.0,rest,119.92171134404263,3.0186920722277297,,-9.705474853515579,0.8624165654182434
1773519421.1158,66,852,23.0,29.0,0.4089,-0.9395,-0.0176,-0.2061,7.1832,-1.5267,0.9519,0.3831,-0.1252,1.0687,2.8321,-0.9084,64.7980721471627,76.90358331133133,7.346540161191525,3.160395649281906,0.1088198071288082,0.0252697192621531,-10.0,15.0,rest,113.17954351719922,3.2051220139880643,,-15.140289306640575,0.8854327201843262
1773519421.2159,38,884,25.0,33.0,0.4668,-0.9199,-0.0442,-7.0916,8.7786,0.6565,0.937,0.3762,-0.1111,2.0687,2.8015,-1.4809,64.89998759853532,76.98573953079357,11.304229331095508,3.784307961833973,0.0026772229696003,0.0243502707246134,0.0,10.0,rest,111.57281352517488,2.4375183821031903,,-8.153747558593736,0.895408034324646
1773519421.316,32,833,23.0,31.0,0.4001,-0.9434,-0.0344,-5.9924,8.3588,-0.2137,0.9465,0.3835,-0.1248,-1.6718,2.4351,1.0229,64.88051685329282,77.02309577524211,10.287082331254089,3.12585214941462,0.0048121348357521,0.0041999249682067,-10.0,-15.0,rest,112.68833566536911,2.9334001208891944,,-8.153747558593736,0.8774032592773438
1773519421.416,27,787,23.0,30.0,0.4067,-0.9473,-0.0361,-6.6031,5.1832,-1.4809,0.9321,0.3916,-0.1067,2.5496,4.7023,-4.2672,64.55526035812736,77.27285193592863,8.524057523269068,6.842593169990454,0.0021490624386566,0.0365148590969455,-5.0,15.0,rest,119.87958567357633,4.282481494767653,,-13.834716796874957,0.877505898475647
1773519421.5161,1,58,22.0,34.0,0.4229,-0.9324,-0.0466,-4.4885,2.4885,-3.3359,0.9451,0.3743,-0.1011,1.5038,5.4885,-5.5878,63.99543420792948,77.61916445717499,6.121069621397881,7.975497196413525,0.0754765766674603,0.0562686360683639,-10.0,5.0,rest,118.45418289022419,2.5715774483264933,,-5.1416015625,0.8826690912246704
1773519421.6162,2,0,21.0,31.0,0.4221,-0.9221,-0.0688,-3.626,1.7252,-2.9008,0.9287,0.377,-0.0786,2.3282,7.7939,-4.5038,63.3753201502377,78.18013447380228,4.953668507278217,9.297828073803045,0.0287656133468272,0.1154396530270002,5.0,-25.0,rest,119.62229033957524,0.8943515395087893,,-2.501708984374993,0.96401047706604
1773519421.7162,2,0,23.0,29.0,0.4265,-0.9231,-0.0679,-3.6794,9.0763,-1.5115,0.9075,0.4045,-0.0986,-4.8397,0.2137,-2.9466,63.4920822047835,77.9445791203982,9.909684066608785,5.670168898718979,0.0200743572239681,0.0605900831405092,15.0,-20.0,rest,119.62229033957524,0.3570465858000788,,-2.1241760253905895,0.9734727144241333
1773519421.8163,0,162,24.0,27.0,0.4087,-0.9326,-0.0676,-4.6641,7.3435,-0.6565,0.9316,0.4023,-0.0747,-3.5649,2.8397,-0.9466,63.41409711584954,77.98973821634196,8.724208463236078,4.654939275651187,0.0327306042670094,0.1478075853469856,5.0,-20.0,rest,116.45055501857654,0.2120765851096722,,-0.6292114257812464,0.9700447916984558
1773519421.9163,2,0,24.0,25.0,0.4209,-0.9326,-0.0715,-3.0992,4.1985,-1.5802,0.9453,0.3948,-0.0857,-2.1832,12.9618,2.2214,63.041821470778615,79.03739000486674,5.452474202598303,13.33076289789898,0.040536073957843,0.2222550577118587,-15.0,125.0,rest,111.72075634914798,1.7953269398829823,,-14.8615112304687,0.9085073471069336
1773519422.0164,3,0,21.0,52.0,0.4363,-0.9297,-0.0571,-5.4656,5.3511,-1.5344,0.9773,0.4128,-0.0471,-7.5878,12.2443,-4.4809,62.80736871147317,79.9959487942043,7.801374105245819,15.085624154803806,0.1052317677542569,0.1448210923005666,0.0,490.0,rest,107.20556724467595,2.511150257528547,,-14.8615112304687,0.9128303527832031
1773519422.1165,3,0,24.0,123.0,0.4072,-0.9641,-0.0181,-7.2443,4.374,-3.3359,0.9124,0.4036,0.0522,-8.4427,24.8702,-23.2748,62.43774874058576,82.15253923393571,9.096152334916122,35.09305267955468,0.086576542382214,0.6101932859745812,5.0,375.0,lift_right,106.15569781568712,2.7151150450609407,,-13.041564941406225,0.9180761575698853
1773519422.2165,1,0,22.0,127.0,0.4065,-0.9622,-0.053,-18.1679,-8.145,-7.855,0.8147,0.4465,0.1426,-19.458,75.4351,-21.0229,60.84821319813362,89.10386909953242,21.40361278873265,80.69095612533043,0.156672107330309,0.0043359695078942,-15.0,20.0,lift_right,104.93203649434676,3.6573680025797914,,-5.1972045898437,0.9260490536689758
1773519422.3166,1,0,21.0,127.0,0.4246,-0.9194,-0.0737,-1.9771,7.3359,-1.7328,0.8701,0.4246,0.2429,-16.2977,77.2748,-16.1603,60.84454317831055,96.10783020485322,7.792749775271884,80.6111967186941,0.0656520051644959,0.4557794895266581,-5.0,-5.0,lift_right,105.95502211485672,6.159473911156091,,1.7252197265625213,0.8856020569801331
1773519422.4166,7,0,21.0,126.0,0.4495,-0.928,-0.0579,-2.4809,9.2443,-0.8626,0.8374,0.45,0.3992,-34.9771,85.6641,-0.9771,61.04960864133208,103.66692183606612,9.610204267340004,92.53480576318296,0.0376584872535734,0.0766597671102403,10.0,-125.0,lift_right,104.01381307704251,2.9574973464268584,,1.7252197265625213,0.9220132827758789
1773519422.5167,6,0,23.0,102.0,0.4363,-0.9238,-0.051,-2.1527,8.9084,-0.1145,0.7312,0.5254,0.4653,6.2443,32.687,2.4427,61.206583122463286,105.7204010474548,9.165523340213586,33.367619555191524,0.0078775616866311,0.0918424731181677,0.0,-70.0,lift_right,103.1274029400038,2.934132638022722,,5.199188232421896,0.9690628051757812
1773519422.6168,5,0,21.0,112.0,0.4077,-0.946,-0.0469,-4.3664,8.084,-2.9924,0.7603,0.4329,0.51,-11.8779,67.4427,-8.2748,61.24046673154834,111.1885136467576,9.662865140319408,68.97879824076381,0.0325119272084373,0.5804268137034668,-5.0,90.0,lift_right,99.28142515228394,0.593266734864007,,13.174194335937504,0.9281728267669678
1773519422.7168,0,0,22.0,120.0,0.407,-0.9434,-0.0637,-5.7939,8.2519,-3.2824,0.5625,0.4238,0.5562,-2.0687,73.9542,-9.0916,61.29012137637393,116.98853394334908,10.603644683786795,74.53965661236977,0.0046555754826205,0.0332656614991322,20.0,95.0,lift_right,99.79165075270318,1.5245430487258882,,32.83062744140629,0.9694092273712158
1773519422.8169,0,0,25.0,131.0,0.4595,-0.9209,-0.0471,-3.687,2.916,-2.9008,0.627,0.4436,0.6702,-5.2443,67.8473,-16.0458,60.87984412716417,122.05697774670946,5.52373656504363,69.9158529764173,0.0811963768599044,0.5094444417853422,25.0,40.0,lift_right,110.15553221356672,2.046472693165679,-15.611309107555652,34.12768554687504,0.9851210117340088
1773519422.9169,0,0,27.0,128.0,0.4651,-0.895,-0.0959,-4.0382,7.5344,-0.3588,0.5769,0.4492,0.6812,25.0153,34.8244,-19.8321,60.94713278226771,123.73384137472549,8.555874007955001,47.24210261895632,0.010165580283743,0.1465688533670511,5.0,-5.0,lift_right,106.46517014523586,6.172141458860741,-15.538938290331823,2.8033447265625266,0.9452605843544006
1773519423.017,2,0,26.0,130.0,0.4512,-0.9268,-0.0554,-3.4122,12.7099,-0.3206,0.4814,0.4829,0.7178,-8.6718,19.9389,-6.7252,61.492126617250406,123.79505686998743,13.163869158040123,22.759353318800603,0.0009362448159822,0.2543378032524046,-20.0,65.0,lift_right,103.90572179853547,3.99434331296205,,1.6648559570312838,0.9500628113746643
1773519423.1171,1,0,23.0,141.0,0.449,-0.9065,-0.0598,-3.0153,5.6641,-0.5573,0.5293,0.481,0.769,-1.1069,19.5878,-11.0534,61.34337197833032,123.84407096369932,6.440857566349376,22.51854320354672,0.0060043159644396,0.0585755142910032,-10.0,90.0,lift_right,103.72732119791971,4.188118437955399,,-0.978607177734343,0.8835116028785706
1773519423.2171,2,0,24.0,148.0,0.4519,-0.9246,-0.0635,-1.6183,5.2519,-0.3282,0.3525,0.5415,0.7346,17.3359,-3.7786,30.313,61.151071051808216,121.41927205849107,5.505366812483978,35.12391230728718,0.0886163891261537,0.8480869238708938,5.0,30.0,lift_right,102.67501105401605,4.6527374094486005,,-8.457824707031207,0.8581511974334717
1773519423.3172,0,0,24.0,147.0,0.428,-0.9365,-0.0542,-1.3817,7.4046,-1.2214,0.3855,0.4392,0.6587,6.1985,-16.7099,11.542,61.14420424905701,117.8725726790123,7.630793799468048,21.23346237098416,0.0245397012535186,0.4058796281473509,-20.0,-85.0,lift_right,102.7593637376596,4.943047502446865,,-8.457824707031207,0.8772215247154236
1773519423.4173,1,0,20.0,131.0,0.4158,-0.9482,-0.0361,-0.2137,9.9084,-1.9466,0.3916,0.4651,0.6597,3.7405,-4.1221,5.1527,61.36560172540232,115.62876442295747,10.100064841871069,7.585075210569768,0.0051342470309101,0.3253181537371113,-10.0,-260.0,lift_right,104.92977525971736,3.2024660617432454,-23.488158898199597,0.43695068359379974,0.8861533999443054
1773519423.5173,3,0,22.0,95.0,0.4465,-0.9297,-0.0396,-3.3435,4.8702,-2.5649,0.4114,0.4866,0.6987,8.6947,-7.5191,14.8397,61.12822862610149,113.09509329461169,6.44022921175947,18.771024718698765,0.0652052109244516,0.714161951583121,-5.0,-95.0,lift_right,102.86776382431007,4.858795137286271,-23.488158898199597,0.558105468750032,0.9035689830780029
1773519423.6174,1,0,19.0,112.0,0.4497,-0.9158,-0.0742,-4.9389,8.0687,-1.2901,0.5132,0.5322,0.7314,8.7557,-5.916,-0.8855,61.21797820120519,110.84480341074487,9.547827549238622,10.604029834925964,0.021705158236106,0.6449843123471566,15.0,205.0,lift_right,101.99920492724115,5.483256633260599,,-9.524475097656246,0.8755238652229309
1773519423.7174,2,0,25.0,136.0,0.4338,-0.9299,-0.0586,-6.4504,10.0611,-1.3511,0.5566,0.5403,0.7437,5.3817,-1.9924,-0.1985,61.478919678406456,109.05654692661078,12.0274213603748,5.742103699864711,0.1057613256582912,0.1863652897306567,5.0,110.0,lift_right,100.80204918549165,5.804250350520608,,-13.218261718749975,0.8851808905601501
1773519423.8175,1,0,20.0,134.0,0.4221,-0.9524,-0.0701,-2.6031,6.4809,-0.6718,0.5417,0.5095,0.6726,2.0,2.9389,-0.8244,61.36137852692752,107.81742497439971,7.016374395654782,3.649214788142786,0.0412128827214453,0.4048637000437138,-10.0,60.0,lift_right,102.67383206152036,5.360673830568126,,-4.6950683593749964,0.8462012410163879
1773519423.9176,0,0,23.0,148.0,0.427,-0.9231,-0.0708,-2.9313,4.0687,-2.6489,0.52,0.4973,0.6853,2.5802,-1.2595,-1.1374,61.02808282293694,106.16875285997588,5.671288265464911,3.0882763882139828,0.0511923504054323,0.0847353242902182,10.0,50.0,lift_right,106.37615782029947,3.6373019786583947,,2.124481201171875,0.9427117109298706
1773519424.0176,1,0,22.0,144.0,0.4478,-0.9304,-0.052,-1.7023,4.6336,-1.9466,0.532,0.5164,0.7,5.1374,-7.1145,0.4809,60.774944727998005,103.97714558126238,5.3063476902668185,8.788643457326051,0.048901462481169,0.3765700408339856,0.0,30.0,lift_right,104.24023619438245,3.7183558700104715,,6.5783081054688,0.9251996874809265
1773519424.1177,3,0,23.0,154.0,0.4392,-0.9302,-0.0364,-1.6565,3.0382,-0.0611,0.6101,0.5198,0.7073,0.7252,-1.229,1.0153,60.36234392947781,102.47319573378036,3.460980309103188,1.751339524478335,0.0781049835599823,0.1529314084949462,0.0,25.0,lift_right,103.87754185512141,3.7065785407856073,,0.9093627929687997,0.9198752045631409
1773519424.2177,0,0,22.0,149.0,0.4463,-0.9133,-0.0593,0.9924,5.5115,-1.9237,0.603,0.489,0.7073,-0.5496,5.2901,-0.0611,60.21513893708361,101.6429707251665,5.921326852995027,5.318923893044532,0.0487266726419644,0.3390793378312184,-20.0,-25.0,lift_right,105.08664560707277,2.481192987469459,,3.502319335937507,0.9247420430183411
1773519424.3178,1,0,19.0,149.0,0.4668,-0.9282,-0.0139,-2.5878,3.5802,-2.4504,0.5574,0.4736,0.6836,5.1603,1.2672,1.8168,59.8956087534489,100.41093727867076,5.051633502145618,5.615625892988243,0.0150297888373618,0.119300765405963,15.0,20.0,lift_right,106.45437428616451,2.2219823951175326,,1.3707275390625107,0.9076188206672668
1773519424.4179,2,0,25.0,153.0,0.4502,-0.9072,-0.0708,-0.6794,1.2137,-1.2672,0.5562,0.5386,0.6738,9.2672,-3.9466,-6.2672,59.343115263555504,98.67221980030688,1.881607793882668,11.863154860322782,0.0852697266815483,0.1406615424105184,15.0,20.0,lift_right,105.21351562902069,2.7179923797761685,,-2.645812988281211,0.9156761169433594
1773519424.5179,0,0,22.0,153.0,0.4707,-0.906,-0.0459,-0.7634,5.1374,-0.7328,0.5493,0.5376,0.6846,4.7634,4.6336,-4.0687,59.20818791923829,97.79794744068884,5.245250628902303,7.791954068781464,0.0973832264508411,0.0411610412071672,0.0,25.0,lift_right,102.94349381736903,3.378782593479685,,-6.416473388671875,0.9047751426696777
1773519424.618,2,0,25.0,158.0,0.4771,-0.918,-0.0168,-3.2824,8.9542,-1.1985,0.5999,0.4885,0.6619,-4.145,-0.8473,4.9771,59.45069038853215,96.4809688815643,9.611880651048471,6.532263520403935,0.0169566872867099,0.4443771595147305,15.0,-15.0,lift_right,102.42035543049953,3.824942011630245,,-6.101654052734347,0.9040270447731018
1773519424.7181,2,0,25.0,150.0,0.4546,-0.9087,-0.072,-2.6412,5.229,-1.9847,0.5525,0.4482,0.615,2.9466,-26.0305,4.7863,59.30423833724059,92.71997330345688,6.185257676928262,26.63039709617564,0.0895528873996265,0.0972139998071841,5.0,-35.0,lift_right,101.93748771214764,4.440690049083767,,-4.4085998535156,0.9114931225776672
1773519424.8181,2,0,26.0,151.0,0.4587,-0.9065,-0.0417,-2.8702,7.6183,-1.3969,0.6804,0.532,0.575,-29.6412,-51.6565,23.9008,59.4010584742524,86.62276815848773,8.260016497562217,64.1735379290405,0.0521104774728764,0.035599673483701,-10.0,55.0,lift_right,101.27145461022867,4.388550707045832,,2.1696472167969105,0.9126912951469421
1773519424.9182,1,0,23.0,161.0,0.4226,-0.937,-0.0486,-6.1069,9.084,-4.2366,0.6604,0.4905,0.4702,10.2748,-48.2824,-13.4122,59.58821335732782,81.04232993472694,11.73720849137477,51.15318928121687,0.0491701111683395,0.5785796388756714,-10.0,5.0,lower_right,101.01094147112478,3.529275998140065,,-0.8124999999999538,0.9131795763969421
1773519425.0182,3,0,24.0,152.0,0.4634,-0.9155,-0.0332,-4.1221,1.4885,-2.9924,0.7043,0.4924,0.3337,29.1908,-80.3053,8.8626,59.07896338969984,72.54790330152929,5.306769113123351,85.90453824734756,0.0555564852085488,1.0532888477844886,0.0,-25.0,lower_right,102.67206304514409,2.859477719978581,,-0.8124999999999538,0.9206028580665588
1773519425.1183,1,0,23.0,156.0,0.4595,-0.9065,-0.0574,-6.1145,-1.0534,-2.5802,0.9397,0.5837,0.343,13.9771,-79.9389,20.5115,58.33083101593951,64.3475060340489,6.71968703512299,83.7036957957652,0.0317729145827205,0.6034356427766208,10.0,30.0,lower_right,112.01929455674401,2.745181466688549,-12.05406485577287,1.8206787109375178,0.9725865721702576
1773519425.2184,0,0,26.0,158.0,0.4585,-0.908,-0.0793,-6.0229,9.4504,-0.4962,0.8794,0.5159,0.2178,6.6718,-61.4885,25.3053,58.624439148758654,58.18491357765448,11.217468475997604,66.82594373130843,0.0435673640960543,0.7741756912990561,10.0,-50.0,lower_right,101.82931975067602,0.5971498411328926,-19.601071003606233,5.682617187500014,0.9433556199073792
1773519425.3184,2,0,25.0,146.0,0.4185,-0.915,-0.0784,0.2214,12.7557,0.3817,0.9077,0.4004,0.1499,6.2137,-52.6031,32.1527,59.19199098049285,53.161689392750894,12.763330103856124,61.96363703487716,0.1809897423134043,0.2146670293966646,-20.0,-15.0,lower_right,101.23079407110984,0.5971498411328926,,5.682617187500014,0.9473962187767029
1773519425.4185,0,0,22.0,155.0,0.4302,-0.9634,-0.0542,-0.2214,10.5573,-0.687,1.0161,0.3118,0.2205,26.5267,-112.8855,16.0992,59.52334961113508,42.42371367308166,10.581945485117563,117.07256793877887,0.1181608150281854,0.1142825048914331,-20.0,55.0,lower_right,103.48508034949897,1.887714300421113,,6.319488525390664,0.9412996172904968
1773519425.5185,1,0,21.0,157.0,0.4268,-0.9395,-0.0442,-3.8855,6.4427,-1.4885,0.991,0.2617,-0.0503,7.8855,-6.0458,8.4275,59.45242132221839,42.4817236694418,7.6694931899050545,13.02902775114091,0.184131974869246,0.6556639416523125,0.0,0.0,hold,104.51052752539516,2.533878358729867,,-4.033996582031207,0.918754518032074
1773519425.6186,0,0,22.0,155.0,0.4441,-0.9163,-0.0535,-2.3664,2.1221,-2.3206,0.9133,0.2502,-0.1187,16.4885,-7.458,9.6794,58.98773217272005,42.36384011263164,3.9355230567232105,20.52274788155816,0.0410550083210059,0.1172978154591841,5.0,10.0,lower_right,103.40460464024865,2.6322408118841416,,-9.863677978515621,0.9398218989372253
1773519425.7187,1,0,22.0,159.0,0.4309,-0.9277,-0.0598,-3.9237,9.0763,-2.7786,0.9441,0.3198,-0.1091,1.7405,5.5115,11.3588,59.19482830053653,43.46283991098753,10.27108861513715,12.744736558281618,0.0858927098705475,0.5433412222584655,0.0,-575.0,lower_right,102.56763771631913,1.401326556014623,,-13.503082275390579,0.9229139089584351
1773519425.8187,2,0,22.0,40.0,0.4277,-0.9053,-0.0496,-3.1069,6.7023,-2.9847,1.0193,0.2717,-0.1313,3.313,2.2748,2.1221,59.172852716930194,44.286687111973066,7.967564683766301,4.544666373893688,0.0276937665476484,0.2002252542776017,10.0,-650.0,rest,102.56409376966124,1.401326556014623,,-16.84237670898435,0.9302313923835754
1773519425.9188,2,0,24.0,29.0,0.4446,-0.9158,-0.0469,-0.6412,6.0076,-2.2443,0.99,0.3081,-0.1113,-18.0992,-2.1603,5.8168,59.09546139954799,44.62306045930198,6.445097182354972,19.13329817281903,0.1438883089193388,0.1605026560248312,5.0,-5.0,rest,106.142588623049,2.325166041671496,,-10.596588134765614,0.9467723965644836
1773519426.0188,1,870,23.0,39.0,0.449,-0.9258,-0.0691,-1.7099,5.1679,0.2824,0.9856,0.26,-0.1543,6.0992,1.8397,2.6489,58.9362123680505,45.36981602927173,5.450752074714094,6.899377358863624,0.0676299977438554,0.4905825783298062,0.0,45.0,rest,107.0722619004569,1.746809339919878,,-16.877197265624968,0.9044445157051086
1773519426.1189,2,848,24.0,38.0,0.4375,-0.9336,-0.0574,0.3664,6.1145,2.1603,0.8992,0.2444,-0.1553,5.2672,-2.4427,-2.2061,58.85804990108021,45.66603473095164,6.495248671144162,6.211043095970274,0.0872921060087683,0.0706204142092059,5.0,-5.0,rest,109.19841809592536,1.808321656119903,,-19.680786132812464,0.8833714127540588
1773519426.219,1,843,24.0,38.0,0.4116,-0.9219,-0.092,0.1985,12.9389,2.0534,1.0146,0.2231,-0.1138,-2.1908,-0.6947,2.5725,59.42797682823651,46.20731509784921,13.102327542081978,3.449633166004757,0.0011391668887406,0.3779141921605861,0.0,-35.0,rest,110.27956874177083,2.294876050230347,,-19.509735107421857,0.8760318160057068
1773519426.319,1,84,24.0,31.0,0.407,-0.9485,-0.0232,-0.1679,10.4656,0.1527,0.9739,0.2749,-0.1299,11.1603,-1.8931,-3.2214,59.72940396951659,46.55088361417754,10.468060520459366,11.76917761188096,0.0063155697145733,0.1386869239395705,0.0,-40.0,rest,114.66966836635909,0.4950380389537566,,-10.577514648437454,0.9139961004257202
1773519426.4191,2,344,24.0,30.0,0.4128,-0.9272,-0.0154,-1.8168,8.8321,-0.3893,0.9714,0.2585,-0.1565,-3.5954,-1.4275,-3.458,59.88028643120908,46.93437371634147,9.025425593289215,5.18868204942257,0.0268978430668864,0.0336687734405993,5.0,-10.0,rest,117.63197931194863,0.7830163080894504,,-14.513183593749996,0.9222026467323303
1773519426.5191,1,317,25.0,29.0,0.4165,-0.9385,-0.0225,-2.7405,6.8092,-1.8244,0.9832,0.2485,-0.1621,3.5496,4.9618,-1.8015,59.82848678483469,47.94610216272496,7.563331293153831,6.36117297752545,0.0492965000296885,0.1517405592569493,10.0,5.0,rest,120.37873616029185,3.1900553338414657,,-15.608184814453114,0.9577906131744385
1773519426.6192,2,281,26.0,31.0,0.4209,-0.9343,-0.0195,-3.0229,6.8321,-1.8092,0.926,0.311,-0.1411,2.7099,-2.5802,-1.4046,59.78639850511892,48.12943792411099,7.686918723389756,3.996735068778015,0.0074149791376032,0.0719340897942499,0.0,10.0,rest,122.58692636007453,1.5459435790472371,,-14.604873657226554,0.9129272103309631
1773519426.7193,3,278,25.0,31.0,0.4321,-0.9299,-0.0171,-1.9084,4.8244,-1.3588,0.9709,0.2424,-0.1548,-4.9618,0.0,-1.8779,59.56184871181994,48.63682903067719,5.363129996559844,5.305277339593096,0.0429227819293132,0.1681415308786576,-5.0,-15.0,rest,134.80268602376293,1.8297634525627802,,-16.05267333984374,0.9558756351470947
1773519426.8193,3,266,25.0,28.0,0.4053,-0.9312,-0.0391,-0.6565,6.8626,-0.084,0.9805,0.238,-0.1536,1.4733,3.1908,1.3435,59.51319404318316,49.45451629674674,6.89444174752387,3.762553624867026,0.021667694322317,0.0045210094767689,0.0,-20.0,rest,135.0145838920139,1.4458653429456314,,-13.941101074218745,0.9604934453964233
1773519426.9194,4,372,25.0,27.0,0.4326,-0.9248,-0.0212,-1.7786,6.9084,-2.4809,0.9609,0.2671,-0.1699,2.626,2.4275,1.8855,59.501219908540016,50.13864385541855,7.552765939045113,4.04273947961033,0.0872162342264581,0.0323081469788666,-10.0,-5.0,rest,,,,,0.0
1773519427.0197,3,413,23.0,27.0,0.4238,-0.9429,-0.0049,-5.3664,7.0458,-2.5573,0.9692,0.26,-0.1467,0.1603,2.4275,0.5954,59.4857225491201,50.8313703028159,9.21853187280925,2.504586492816729,0.004631021959276,0.0216638862870788,-5.0,0.0,rest,118.79637754285753,2.0110757499794945,,-17.8671417236328,0.0
1773519427.1198,1,470,24.0,27.0,0.3984,-0.9385,-0.0381,-3.2901,6.1832,-0.0305,0.9531,0.2871,-0.1548,2.7481,2.7786,-2.2977,59.361653860946014,51.50920186490599,7.004116682351887,4.53344205433355,0.0117198026674647,0.0493314717598292,20.0,0.0,rest,118.34476818669573,1.3834598858933966,,-15.967956542968746,0.9182878136634827
1773519427.2198,1,544,27.0,27.0,0.4194,-0.9473,-0.0164,-2.626,4.2595,-2.4351,0.9761,0.2566,-0.1731,-1.4885,1.4275,-0.0305,59.06939830711302,52.067029975998416,5.564973338660304,2.062599997575875,0.0539881416608256,0.08262173332226,10.0,-20.0,rest,117.20450663927835,0.6168944367865379,,-15.967956542968746,0.8494731187820435
1773519427.3199,1,598,26.0,23.0,0.4387,-0.9329,-0.0186,-2.8168,2.1221,-3.5878,0.9668,0.2903,-0.1714,2.084,1.2748,1.9008,58.59959736545532,52.56614646876774,5.030902452840842,3.0953532399388606,0.0409382449700745,0.0097417465980009,-10.0,15.0,rest,117.56376384743903,0.6148564010735692,,-15.062286376953118,0.9328963756561279
1773519427.42,1,582,25.0,30.0,0.4268,-0.9343,-0.0396,2.2824,1.7099,-2.0992,0.9692,0.2874,-0.175,-1.5115,0.7405,4.5496,58.08581741002568,53.00447241052233,3.5411507183400146,4.850962034483469,0.1345177145143916,0.0686222713230955,-10.0,30.0,rest,119.72448909046881,0.7169554986590031,,-7.115112304687479,0.9072707295417786
1773519427.52,2,472,24.0,29.0,0.4189,-0.9124,-0.02,-3.4427,6.1832,-2.7328,0.9592,0.2639,-0.1753,-0.5954,3.2977,1.1145,58.02316520817301,53.70199656806254,7.5863259467281,3.5314921350613253,0.0583099289061406,0.0239537403095668,-5.0,-20.0,rest,,,,,0.0
1773519427.6201,1,544,24.0,26.0,0.436,-0.9172,-0.0381,-2.229,8.4809,-1.5496,0.9775,0.2476,-0.1611,-0.6718,2.0687,0.145,58.20193790172501,54.2943974165812,8.904794549567104,2.179876127214572,0.1038882657947692,0.0557115175436478,5.0,-20.0,rest,,,,,0.0
1773519427.7201,0,606,25.0,25.0,0.4243,-0.9319,-0.0452,-2.2443,9.0382,-2.3053,0.9565,0.2385,-0.1621,0.542,4.4351,-1.7786,58.412736725265326,55.10760161407588,9.593766195816947,4.809084525146132,0.0064435406752072,0.031696163061442,0.0,10.0,rest,,,,,0.0
1773519427.8202,2,663,24.0,28.0,0.4141,-0.9294,-0.0127,-2.542,8.5191,-1.4046,0.9702,0.2642,-0.137,1.5038,3.4733,-2.7176,58.559627270709306,55.80476578301373,9.000540537656613,4.659461029990486,0.0206640713446959,0.0525574658759148,-5.0,10.0,rest,137.36173235285338,2.071303248496804,,-23.184173583984364,0.0
1773519427.9203,1,734,24.0,27.0,0.4358,-0.9231,-0.0046,-2.8473,6.2366,-1.7252,0.9583,0.283,-0.144,0.3969,5.8321,-0.2519,58.50506051053694,56.69356739093202,7.069555282335658,5.851014752160517,0.0171957070490547,0.0411547274102874,-5.0,-10.0,rest,132.4391131226948,1.617339033228148,,-19.50434875488277,0.9310792684555054
1773519428.0203,1,831,23.0,26.0,0.4377,-0.9221,-0.0242,-4.3511,6.855,-1.3053,0.9565,0.2727,-0.1548,1.7405,3.0229,0.1298,58.51444916496276,57.29292190246355,8.223557885732914,3.49057483804602,0.1125905438794228,0.0117341168630569,10.0,-20.0,rest,123.96978609271588,1.4946330532545284,,-15.069610595703118,0.9259336590766907
1773519428.1204,0,844,26.0,23.0,0.4153,-0.907,-0.0383,-3.084,6.8702,-1.3282,0.9597,0.2527,-0.1719,1.6489,2.2595,0.6718,58.509098406366014,57.81520322726461,7.646882978050599,2.8767215193688807,0.1098166596625349,0.0744785610441012,15.0,-10.0,rest,123.30327817619154,1.6763957474458742,,-14.531494140624996,0.9058010578155518
1773519428.2204,1,846,26.0,24.0,0.4412,-0.9448,-0.0215,-3.0687,7.9466,-1.6794,0.9744,0.2605,-0.1616,0.5802,3.2672,0.0534,58.61819951402258,58.429805901460846,8.682497083788743,3.318746667041641,0.1597693174309022,0.0217084495354213,-15.0,5.0,rest,129.22498197753328,1.567736119247078,,-13.503723144531214,0.8982887268066406
1773519428.3205,2,856,23.0,24.0,0.4329,-0.9348,-0.0125,-3.5191,5.8015,-1.5038,0.9531,0.2659,-0.1631,2.9313,3.0534,0.771,58.51131461917231,58.997991739223096,6.950027445988972,4.302349619684574,0.1210529540561555,0.0159324124873017,-15.0,10.0,rest,120.93937842501863,0.21703463866887537,,-9.210327148437472,0.9475517868995667
1773519428.4206,3,587,23.0,26.0,0.4226,-0.9265,-0.0293,-2.9695,4.4809,-2.2977,0.9626,0.2812,-0.1768,1.8015,1.5115,1.3893,58.27037880023136,59.385400933347846,5.846008924899105,2.731334653608012,0.0135929953156721,0.1033630101402682,15.0,5.0,rest,115.76786085340677,0.1665983293327073,,-12.692901611328118,0.9374189972877502
1773519428.5206,1,813,26.0,25.0,0.4475,-0.9309,-0.0137,-3.8168,3.8015,-2.2214,0.9705,0.28,-0.1653,-1.1069,0.5802,1.0458,57.99095801604358,59.68409846433343,5.827004586406295,1.6295880737167905,0.30463275837733,0.0029224220077594,5.0,-10.0,rest,124.10492915966633,0.38124122950936284,,-15.519287109374957,0.9372633099555969
1773519428.6207,2,820,24.0,24.0,0.4583,-0.9775,-0.0125,-0.145,4.7328,-4.4885,0.9683,0.2629,-0.1772,-10.0,1.8168,5.4427,57.79730704942606,60.10587091847357,6.524343115594091,11.529256070102702,0.3059272546674696,0.06775375080596,0.0,0.0,rest,127.18105816439748,0.9201173849584992,,-15.519287109374957,0.9386320114135742
1773519428.7208,9,849,26.0,25.0,0.4695,-0.9883,-0.0005,5.145,9.6412,-6.5496,0.9727,0.2158,-0.1653,-6.3359,6.5344,5.4885,58.094407209439325,61.031850086171445,12.7405267787482,10.628529739338362,0.0948906185850895,0.0393442919689002,0.0,10.0,rest,,,,,0.0
1773519428.8208,3,819,24.0,26.0,0.4341,-0.9678,0.0012,3.6412,8.5649,-3.2901,0.9917,0.2168,-0.1541,3.5649,3.0,1.9542,58.25504472937675,61.60493094043782,9.871200912756258,5.052465700032015,0.4134384318942785,0.0860158894776585,15.0,5.0,rest,,3.551827910393585,,9.59948730468751,0.0
1773519428.9209,0,856,29.0,26.0,0.4839,-0.8882,-0.0007,7.0534,-1.145,-8.374,0.9817,0.2439,-0.1785,-2.2366,3.4046,1.6336,57.54937324821787,62.16423747398626,11.008421892351327,4.388887066216218,0.0647221952256438,0.0411228500299942,395.0,-10.0,rest,102.76016105703877,3.3240101269456894,,9.59948730468751,0.0
1773519429.021,1,841,103.0,24.0,0.5293,-0.9297,0.0906,16.3817,4.3969,-21.9542,0.9744,0.2507,-0.1584,-2.9389,3.4275,0.3435,57.42003380949962,62.718306029822685,27.743102244341745,4.528010789518947,0.1795408451380065,0.0241617813412842,380.0,-10.0,lift_left,99.22533798557193,2.491604005536502,,11.997863769531278,0.8958051800727844
1773519429.121,1,852,105.0,24.0,0.6006,-0.8538,0.0854,21.0305,-3.4122,-58.2061,0.9895,0.2166,-0.1384,-1.1527,4.0992,-0.1527,56.63704005956365,63.374425512688944,61.982861472345725,4.260924221339779,0.1594160957125001,0.0663592445649574,40.0,0.0,lift_left,103.11410068121216,1.052445657432453,,22.945831298828132,0.8776763677597046
1773519429.2211,2,823,111.0,24.0,0.679,-0.7849,0.0903,7.8092,24.2061,-72.084,0.969,0.2405,-0.1172,2.8321,3.2977,-0.6031,58.69001865970022,63.92141921965321,76.43966207310181,4.388547061386035,0.1677196347709131,0.0087609494202922,40.0,-10.0,lift_left,103.86287158893734,2.4528497351684337,,44.76290893554689,0.9111535549163818
1773519429.3212,1,848,113.0,22.0,0.7124,-0.7061,0.1475,29.0229,5.6107,-82.7328,0.9873,0.2021,-0.1821,5.4733,1.9542,-2.9008,58.958920554491,64.32640476098993,87.85513573343336,6.495425403312704,0.1753977193797262,0.0530714652665653,40.0,-10.0,lift_left,137.91248069161466,5.303998116298505,11.041112608961523,31.144119262695327,0.0
1773519429.4212,2,861,119.0,22.0,0.8315,-0.5254,0.2144,9.4733,9.2519,-85.2137,0.9658,0.2725,-0.158,-0.1298,5.8702,-0.5954,59.80019266405058,65.0538849713994,86.23639448742045,5.90174527068053,0.5049901223580389,0.1091677255475953,65.0,5.0,lift_left,171.2133188865668,4.506050288411953,11.041112608961523,14.64111328125,0.0
1773519429.5213,0,873,126.0,23.0,0.7607,-0.4788,0.1592,11.9466,17.0,-94.6336,0.9629,0.2449,-0.1318,3.3359,5.8321,1.6183,61.3990615811141,65.80214772933434,96.8877675484372,6.910898212967689,0.2722847447230869,0.0465910963785287,25.0,15.0,lift_left,,,,,0.0
1773519429.6214,1,864,124.0,25.0,0.9192,-0.4785,0.2283,17.084,37.229,-75.229,0.9893,0.2471,-0.106,-3.2595,0.6336,3.2061,65.02001578989513,66.04410121036511,85.65783057024034,4.615719491043623,0.4010021183084583,0.0893829773566023,10.0,5.0,lift_left,,,,,0.0
1773519429.7215,1,857,128.0,24.0,0.9133,-0.2793,0.272,13.0992,18.8092,-57.1756,0.988,0.1978,-0.1594,-0.4122,3.0,1.2061,66.90059155299663,66.52882905748888,61.598898371967664,3.2595377049514247,0.2772900890034868,0.0331560476490078,35.0,-10.0,lift_left,,,,,0.0
1773519429.8215,5,888,131.0,23.0,0.9548,-0.1519,0.2769,-0.3053,14.8321,-50.6412,0.9871,0.219,-0.123,3.9084,5.0382,-2.5267,68.45006285920839,67.20646638767067,52.76945646811231,6.85880913059986,0.0548205230137804,0.0346824269706169,45.0,0.0,lift_left,,,,,0.0
1773519429.9216,0,863,137.0,24.0,0.9453,-0.1042,0.3218,-2.4275,12.1832,-29.1221,0.9915,0.2417,-0.1157,1.5191,3.2214,-2.2748,69.68124802730895,67.67556242227309,31.661014306241043,4.226085400225603,0.0273053990356031,0.0106032141318435,40.0,0.0,lift_left,,,,,0.0
1773519430.0217,4,891,139.0,23.0,0.9585,-0.0349,0.3201,-4.4656,25.3893,-19.3359,0.981,0.2246,-0.1426,3.4962,5.5038,-2.1221,72.2043909586524,68.35795323235547,32.224760148991024,6.8570064379436015,0.3156601830841254,0.0200799341945923,10.0,-15.0,lift_left,,,,,0.0
1773519430.1217,1,885,139.0,21.0,0.9792,-0.0081,0.4241,-1.4656,12.0992,-13.8473,0.9844,0.2493,-0.1243,1.2595,4.0458,-0.4885,73.27759144149155,68.87126920080713,18.446851798884275,4.265380421486458,0.4838513150915047,0.0066554938637775,-5.0,5.0,lift_left,,,,,0.0
1773519430.2218,2,895,138.0,24.0,0.8655,0.0996,0.2776,-12.0076,23.6641,-16.0687,0.9771,0.2388,-0.1367,2.0229,3.1374,-0.9771,75.55478123278382,69.28675660860902,31.02217281655172,3.858772807512772,0.4513614825673984,0.0042704623176381,5.0,-10.0,lift_left,,,,,0.0
1773519430.3219,0,892,140.0,19.0,0.9023,-0.0193,0.3738,-7.771,7.3359,-7.5267,0.9795,0.2578,-0.1379,-1.8702,2.4275,0.7328,76.1120044614527,69.60652618803634,13.071154604701146,3.15077770240936,0.1466240843413319,0.0003505179578711,25.0,5.0,lift_left,,,,,0.0
1773519430.4219,2,904,143.0,25.0,0.8674,0.0095,0.3716,-10.3817,-1.4198,2.4351,0.9724,0.2571,-0.1365,-0.1069,3.1985,0.4656,75.78667609419557,69.99454637061031,10.757566590079747,3.233977925094728,0.4305620875782578,0.0439218724048773,40.0,15.0,lift_left,,,,,0.0
1773519430.522,4,895,148.0,22.0,0.9695,-0.0068,0.4358,-6.7481,4.9084,5.1374,0.9756,0.2393,-0.134,1.145,3.7863,1.1603,76.06782567942346,70.4516750172205,9.79908786214309,4.122303819467945,0.551113842598992,0.0029335853098189,60.0,-5.0,lift_left,,,,,0.0
1773519430.6221,0,900,155.0,24.0,0.9685,-0.0166,0.4153,-2.8626,5.0153,2.4122,0.9824,0.2358,-0.1038,1.1527,2.7863,1.8931,76.37343690438995,70.82179960433713,6.258308213087624,3.560338830785632,0.5701741962311857,0.01919129857465,50.0,15.0,lift_left,,,,,0.0
1773519430.7221,1,919,158.0,25.0,1.0903,-0.0486,0.4407,-3.7786,7.3588,-5.9237,0.9744,0.2407,-0.1089,0.5878,1.6336,0.4046,76.9245471479406,71.06205869554053,10.174476747725162,1.7826550311263252,0.637944829789559,0.0707529269780671,15.0,-15.0,lift_left,,,,,0.0
1773519430.8222,0,875,158.0,21.0,0.833,0.0393,0.4033,1.9389,2.5267,-18.9008,0.9893,0.2534,-0.1323,2.1145,1.4733,-1.0916,76.91486355115794,71.26286807455388,19.1672581956836,2.7988057631782883,2.270210567690948,0.0577194643538869,35.0,-15.0,lift_left,,,,,0.0
1773519430.9223,0,907,165.0,22.0,0.676,0.0398,0.2532,-8.6183,7.2748,2.7176,0.98,0.2488,-0.1428,2.0229,2.626,0.9466,77.47420695810999,71.5686398920287,11.600998219549902,3.447325335676921,0.0366935279199431,0.1248941687280946,30.0,5.0,lift_left,,,,,0.0
1773519431.0223,1,910,164.0,22.0,0.8601,-0.1052,0.3477,-9.2443,6.4275,9.3206,0.9707,0.2266,-0.1265,1.7481,4.084,-0.2214,77.89667917349769,72.03813786402903,14.616546209689892,4.447912720591535,1.637352941718352,0.001032839452244,35.0,-15.0,lift_left,,,,,0.0
1773519431.1224,1,927,172.0,19.0,0.9617,0.0107,0.4224,-1.9847,15.5191,0.6031,0.9861,0.2385,-0.114,2.6565,4.0687,-0.2214,79.18523909131527,72.49597733658034,15.657114309795404,4.864188514027802,0.1760654959041729,0.0862083444050187,50.0,10.0,lift_left,,,,,0.0
1773519431.2225,1,901,174.0,24.0,0.8877,0.0308,0.387,-5.8168,1.6183,4.0916,0.9807,0.2488,-0.1445,2.313,3.8931,-1.9313,79.08769732685157,72.90056858906131,7.293507228350431,4.923019022916731,0.7836312907384224,0.0034127551912355,20.0,15.0,lift_left,,,,,0.0
1773519431.3225,1,892,176.0,22.0,0.8203,-0.012,0.3545,-3.458,0.687,9.9771,0.9773,0.2517,-0.1497,1.7023,2.8015,0.771,78.90559000271169,73.18348169937732,10.58169444890562,3.3675909104284028,0.711733940352271,0.0672460313541378,20.0,-15.0,lift_left,,,,,0.0
1773519431.4226,2,891,178.0,21.0,1.0098,-0.1348,0.4438,-8.4962,1.7939,30.9237,0.9734,0.2302,-0.1294,2.4198,3.2519,0.4046,78.80987585869741,73.53492633044853,32.119755810715624,4.07357175093308,1.0637655777550314,0.0536011452378992,55.0,5.0,lift_left,,,,,0.0
1773519431.5227,1,903,187.0,23.0,0.9978,-0.1658,0.4485,-10.229,-0.8244,12.6641,0.9712,0.2485,-0.1189,1.5802,3.458,-0.4427,78.44079423680584,73.88639255133305,16.300046170793504,3.827633646262401,1.0102103716399036,0.0454211947455052,65.0,10.0,lift_left,,,,,0.0
1773519431.6227,2,904,191.0,23.0,0.8535,-0.1748,0.26,-20.1069,19.9924,26.3359,0.9817,0.2471,-0.1042,1.2748,1.4427,0.5649,80.22809680898845,74.04447402329241,38.69836061359705,2.0063923694033527,0.0382528278606464,0.0155382968234762,-5.0,-10.0,lift_left,,,,,0.0
1773519431.7228,3,910,186.0,21.0,0.9844,-0.3435,0.3469,-22.374,-1.4275,47.3282,0.9795,0.22,-0.1326,2.1374,0.1298,0.4809,79.75607700272928,74.08240993438685,52.36976367609463,2.1946734631830767,0.5433784471752134,0.0842056736182417,-40.0,-15.0,lift_left,,,,,0.0
1773519431.8229,4,910,183.0,20.0,0.8743,-0.387,0.3491,-23.5344,9.4122,71.5573,0.9551,0.2625,-0.1433,-0.4198,2.5725,-0.6947,80.26734781344935,74.3051323194065,75.91379766215098,2.697516706157721,0.4686200009725649,0.015564076616088,35.0,0.0,lift_left,,,,,0.0
1773519431.9229,2,912,193.0,21.0,0.7776,-0.501,0.3931,-16.3969,-8.5496,71.3817,0.9707,0.241,-0.137,-0.916,1.5038,1.5725,78.8378285645043,74.44763007463443,73.73805723410402,2.3607682414841147,0.4280911600804871,0.0776287333731573,65.0,0.0,lift_left,,,,,0.0
1773519432.023,7,910,196.0,20.0,0.7842,-0.71,0.314,-13.9771,-24.0687,92.1985,0.9834,0.2327,-0.1084,-0.1374,0.6718,3.4122,75.80811470341936,74.53191035041354,96.3079697966373,3.480417049722633,0.0430648743296491,0.0354441318914089,25.0,0.0,lift_left,,,,,0.0
1773519432.1231,1,902,198.0,21.0,0.6682,-0.738,0.1909,-12.9237,-18.9008,97.771,0.9888,0.2031,-0.1204,0.7252,-0.4809,0.084,73.26440983452704,74.52555178619625,100.41628704214271,0.8742058396052956,0.5748294566955553,0.0021315943213273,20.0,15.0,lift_left,,6.41824237971928,,37.14675903320314,0.0
1773519432.2231,2,908,200.0,23.0,0.5891,-0.7874,0.1006,-17.2595,-32.3359,62.8626,0.9792,0.2246,-0.1511,2.7405,4.6031,-3.916,69.36180490963535,74.97707942660958,72.7681746907259,6.635806345878397,0.558083469223678,0.0019620737994008,40.0,5.0,lift_left,,6.41824237971928,,37.14675903320314,0.0
1773519432.3232,2,903,206.0,22.0,0.6956,-0.8682,0.1694,-15.9847,-24.1832,48.8168,0.9829,0.2241,-0.134,3.4962,4.8779,-4.6718,66.3682234799715,75.45803217329922,56.77515088989196,7.605461070178454,1.0736213247561548,0.052763375284327,-25.0,-5.0,lower_left,,,,,0.0
1773519432.4233,2,909,195.0,22.0,0.6802,-0.9849,0.1228,-18.5115,-14.8397,18.6947,0.9658,0.2349,-0.1511,2.9237,1.0992,-1.7252,64.27504246164081,75.53400456409777,30.20569708564926,3.56827372408564,0.3273204570228027,0.0411555587296008,-555.0,-10.0,lower_left,100.85446738057884,3.6292546894885875,,31.70733642578128,0.0
1773519432.5233,0,910,95.0,20.0,0.4595,-0.9436,-0.1475,-27.2748,24.2137,-2.2824,0.9695,0.2632,-0.0916,1.2824,1.9237,1.6641,65.87634904998794,75.69109973635645,36.54349918234432,2.8485786385494083,0.9033471871089416,0.0076280804228145,-680.0,0.0,lower_left,102.01909069040767,1.0833907188989436,,20.108856201171903,0.8967823386192322
1773519432.6234,0,913,59.0,22.0,0.4941,-0.8938,-0.0513,4.5496,23.0534,-1.9008,0.9692,0.2407,-0.1287,1.145,2.4275,0.6641,67.39594133418198,75.900605901223,23.57479909479612,2.7649249646238143,0.0737939458227765,0.0041461522324215,-220.0,10.0,rest,101.04663345234438,1.330103091341361,,5.6152343750000355,0.8812306523323059
1773519432.7235,3,896,51.0,22.0,0.4307,-0.9512,0.0439,1.084,25.4198,-0.3053,0.9683,0.2405,-0.1431,0.084,-1.8931,1.7863,69.02592196973227,75.6746681780125,25.44473415325851,2.604179582901302,0.1232675085791568,0.0680674754003884,-110.0,-5.0,rest,102.02723872120447,0.9646154347528895,,2.92752075195315,0.914010763168335
1773519432.8235,1,919,37.0,21.0,0.417,-0.959,0.0557,-7.626,13.0,9.5344,0.9807,0.2417,-0.1458,-2.7099,0.313,0.4962,69.38871331881927,75.67070562556464,17.834255223025153,2.772677667887128,0.203150398258971,0.0760304213495444,-115.0,5.0,rest,105.81863687842886,1.2667161313309732,,10.685485839843771,0.9231038093566895
1773519432.9236,1,895,28.0,23.0,0.4236,-0.9102,0.0322,-9.3053,10.6565,8.4809,0.9907,0.2131,-0.1411,-0.5725,0.0458,-0.3588,69.54414001798547,75.6724663578425,16.49470415466734,0.6771937167458069,0.0502047157756468,0.1047844198231257,-35.0,0.0,rest,106.58516852430374,2.268315054081505,,12.576812744140629,0.9223129749298096
1773519433.0237,355,488,30.0,21.0,0.4314,-0.9648,0.0293,-10.9618,9.7557,0.3435,0.9543,0.2542,-0.1543,0.0687,2.8931,-2.8397,69.5909449335195,75.89639420011343,14.67830828058874,4.054459691500212,0.2072860412351784,0.0762679434568036,-15.0,-5.0,rest,110.2683186263059,2.268315054081505,,11.394470214843793,0.9474550485610962
1773519433.1237,324,456,25.0,22.0,0.3975,-0.877,0.0154,-10.313,7.4046,3.6718,0.9695,0.2393,-0.1365,-2.2443,-4.4275,-1.7176,69.41235835423076,75.42731017495404,13.216209191746325,5.25259826181291,0.5729649123251601,0.1200474173189997,-45.0,0.0,rest,117.38798434855657,2.891632435541321,,11.394470214843793,0.9677075743675232
1773519433.2238,305,418,21.0,21.0,0.4109,-0.8484,0.002,-8.0916,-6.4427,0.2443,0.9702,0.2793,-0.1685,5.3817,2.4427,-1.9847,67.90956522548086,75.58648504372505,10.3461131029967,6.234461666415153,1.0009498173652964,0.0658699497914294,30.0,0.0,rest,117.38798434855657,2.6045774017844336,,-1.2586669921874893,0.9144147038459778
1773519433.3239,341,369,31.0,22.0,0.4749,-1.061,-0.042,-6.2519,10.5954,0.229,0.9856,0.2319,-0.1318,-1.7328,-0.3817,-0.3817,68.07165122848494,75.53447960910461,12.304519322996732,1.8149340538983776,0.017628426541964,0.0438254706684715,60.0,15.0,rest,117.58120164774228,4.063557198343465,,-3.460205078124954,0.9347829818725586
1773519433.4239,323,341,33.0,24.0,0.3406,-0.8752,-0.0027,1.2824,12.2366,2.2366,0.9648,0.2407,-0.2026,7.3664,5.0,-4.6641,68.33469125563053,75.95257269803808,12.505251252174023,10.050755084569516,0.5040197112911671,0.0676115603718374,0.0,20.0,rest,116.2225606951161,4.080133986847814,,-6.233032226562472,0.9310019612312317
1773519433.524,320,343,31.0,26.0,0.4607,-0.9573,0.0002,-5.1298,7.6947,-2.6031,0.9861,0.2515,-0.1863,-0.4962,4.6412,-1.0611,68.23606113172245,76.33617283769293,9.607256931091204,4.786740549685141,0.4801869995843105,0.0269332301764468,-10.0,-5.0,rest,112.0376889251698,2.925872409343347,,-11.404693603515579,0.8826785683631897
1773519433.6241,338,356,31.0,23.0,0.3838,-0.9614,0.0027,-3.2595,13.7863,2.0229,0.9805,0.2266,-0.1675,1.9313,7.5344,-3.1603,68.65764281434707,77.02713715060385,14.31008498751842,8.395510653914984,0.1129502829155904,0.092008026917455,5.0,-10.0,rest,112.0376889251698,3.1329635268113,,-16.201354980468707,0.8728824257850647
1773519433.7241,286,291,32.0,24.0,0.394,-0.9622,0.0107,-3.4962,4.0611,-0.771,0.9685,0.2793,-0.1289,1.6107,1.9466,-0.9847,68.12781359030124,77.12494914060312,5.413906967246482,2.71168584832388,0.0716334736595614,0.1085805976574982,20.0,0.0,rest,118.50298606889584,4.290755157065973,,-18.3447570800781,0.8609704375267029
1773519433.8242,164,172,35.0,23.0,0.3801,-0.947,-0.0293,-3.5267,11.5802,-1.1221,0.9607,0.2327,-0.1409,1.4809,3.6031,0.2672,68.33731107880175,77.41935234225905,12.157209932381688,3.904713851231611,0.1008587734656785,0.0174772389041744,-15.0,10.0,rest,118.50298606889584,4.290755157065973,,-18.3447570800781,0.8418439030647278
1773519433.9243,0,0,29.0,26.0,0.3892,-0.9417,0.0369,-2.5344,6.458,-1.4198,0.9685,0.2427,-0.1692,4.3817,2.3435,-0.0076,68.05224000047906,77.56089039518885,7.081297861268088,4.969038629352765,0.0481461756749523,0.1142410196211951,-40.0,15.0,rest,115.68450597164157,3.211102138738786,,-10.504272460937454,0.876430869102478
1773519434.0243,0,0,27.0,26.0,0.3901,-0.9326,0.0256,-2.8779,5.0076,-0.8855,0.9739,0.2651,-0.156,0.4962,0.8931,-2.8931,67.63577066313978,77.54663523034239,5.843156374768691,3.0682030017585213,0.0718789634077543,0.047666108004073,-10.0,-5.0,rest,114.55461095806798,2.9525823286624036,,-10.38916015624995,0.8638272285461426
1773519434.1244,3,2,27.0,25.0,0.3931,-0.9248,0.0273,-1.6031,6.1985,-2.0305,0.9812,0.2319,-0.1685,0.145,2.5802,-0.9847,67.35090141288295,77.72285274416907,6.716715127947589,2.765518238956308,0.0631452580769587,0.0820952898486937,0.0,-15.0,rest,112.25089410445635,2.058341031295032,,-9.191833496093711,0.8495352268218994
1773519434.2245,7,1,27.0,23.0,0.385,-0.9485,0.02,-5.1298,9.8168,-1.4885,0.9543,0.2668,-0.1672,0.916,1.8626,-0.1527,67.40768969872573,77.78573441334262,11.175868759519323,2.081262129093786,0.0566092058218736,0.0342202966903248,-10.0,-5.0,rest,109.1101343673486,1.8803458336818974,,-8.48217773437499,0.8219055533409119
1773519434.3245,2,2,25.0,24.0,0.3787,-0.9434,0.0012,-3.6718,6.1908,-2.4962,0.9817,0.2632,-0.1611,-2.855,1.313,-1.7481,67.10366463464989,77.80969135182367,7.618341966596144,3.595948777443861,0.0039634023969692,0.0309763480246216,-5.0,5.0,rest,108.80453361315597,1.8803458336818974,,-8.673492431640621,0.8435229659080505
1773519434.4246,0,0,26.0,24.0,0.3821,-0.949,0.0073,-4.0305,6.1069,-1.916,0.9714,0.2305,-0.1599,1.3969,4.3969,0.0153,66.7986839859981,78.16222832406908,7.563743376133275,4.613490360887297,0.0235589330130514,0.135430772221391,10.0,0.0,rest,112.29943786576007,1.2515149972138793,,-12.347076416015614,0.9471485018730164
1773519434.5247,1,1,27.0,24.0,0.3757,-0.9395,0.0071,-2.7405,5.687,-1.5573,0.9543,0.2585,-0.1626,4.2977,3.5649,0.1832,66.45594806392288,78.39343891745004,6.502114466848457,5.586796894464663,0.0646119263560462,0.0582621194097554,-5.0,5.0,rest,112.99903520206216,3.1810529036105417,,-17.68225097656245,0.8694244623184204
1773519434.6247,0,1,25.0,25.0,0.384,-0.9343,0.0029,-1.1679,6.2672,-1.1985,0.9727,0.2754,-0.155,-0.458,1.687,-0.8015,66.18786884160458,78.43092489323975,6.486770267243938,1.9230536263973503,0.0422526768836228,0.0322423353720702,10.0,0.0,rest,115.186531389034,3.427060784084457,,-20.13424682617183,0.8600647449493408
1773519434.7248,3,2,29.0,24.0,0.3828,-0.9272,0.0244,-3.4198,6.374,-1.8931,0.9663,0.2441,-0.1536,0.9237,2.9389,-0.9313,65.93729501446775,78.6179494030561,7.477080690349676,3.2183341327463184,0.0041566086770516,0.007110219331432,5.0,-5.0,rest,117.2047580960717,4.0598182851501745,,-19.873260498046843,0.863205075263977
1773519434.8249,5,1,26.0,24.0,0.3833,-0.9336,0.0132,-3.7328,5.8855,-1.9618,0.9753,0.2671,-0.1624,3.5038,3.7786,-1.1145,65.64171096137503,78.86046711450312,7.240273843578018,5.272242658489838,0.0982638701806948,0.1397067683185626,-10.0,0.0,rest,121.99572816738942,2.669075015738588,,-11.017547607421854,0.9386976957321167
1773519434.9249,1,0,27.0,24.0,0.3948,-0.9438,0.0056,-2.9466,6.542,-1.5267,0.9834,0.2808,-0.1677,0.0687,3.5725,-0.9237,65.42398546575346,79.06543412037726,7.335600074295217,3.690622932514239,0.0224000304704685,0.0913233924671585,10.0,5.0,rest,123.12848409504949,2.0305317799691918,,-8.348052978515614,0.943744421005249
1773519435.025,1,2,28.0,25.0,0.3894,-0.936,0.0061,-2.1298,7.1298,-1.6183,0.9585,0.2593,-0.1609,0.8779,3.8092,0.0916,65.26598878460429,79.30422143514741,7.61505029333359,3.910128336768501,0.0026266578208211,0.0957346000268777,-15.0,0.0,rest,120.51087235186483,3.0219802537398253,,-6.919372558593739,0.8282529711723328
1773519435.1251,2,0,24.0,24.0,0.3987,-0.9426,0.0166,-1.5496,5.9618,-1.7634,0.9717,0.2603,-0.1509,1.7176,2.5954,-0.1679,65.00340849029955,79.42839420815676,6.40733165678194,3.116799854016937,0.0047346038926177,0.0155745548230523,-15.0,0.0,rest,111.48188586525949,3.0219802537398253,,-6.134124755859354,0.8572413325309753
1773519435.2251,0,2,25.0,25.0,0.396,-0.9341,0.0181,-2.8702,7.5878,-1.0916,0.9609,0.2625,-0.1609,1.1679,2.5496,-0.1603,64.9063455967574,79.53436096619929,8.185618329729282,2.8089404870876136,0.0008912723971177,0.003516325433962,15.0,-10.0,rest,112.39154347713111,3.0738506357175988,,-3.6654357910155966,0.8598461151123047
1773519435.3252,0,0,27.0,22.0,0.396,-0.9436,0.03,-3.8931,5.7557,-1.3893,0.9707,0.2532,-0.1641,2.9466,3.2443,-1.9237,64.62739676785093,79.71627449201989,7.086216521529666,4.786288305148364,0.0388298547262122,0.0334671147827425,10.0,-15.0,rest,112.33500491302529,3.091596219602351,,-14.49554443359375,0.8805697560310364
1773519435.4253,5,2,27.0,22.0,0.3872,-0.9463,0.01,-2.8702,3.7099,-1.2595,0.9536,0.2563,-0.1721,3.6183,3.2061,-0.542,64.14345723748426,79.87736819041473,4.856721764729786,4.864661971812636,0.0513170149848374,0.0200199911004306,-5.0,15.0,rest,111.23314834054425,2.877073229474086,,-17.713928222656232,0.8847413659095764
1773519435.5253,0,0,26.0,25.0,0.366,-0.9451,0.0042,0.4656,8.2977,-0.3588,0.9744,0.26,-0.1562,2.6641,4.5344,-3.7634,64.09714734304531,80.17838431241259,8.318494220109791,6.46694608992529,0.0161154628139204,0.0829761914748861,-10.0,15.0,rest,107.79934258162923,2.37096548052139,,-16.446411132812475,0.864670991897583
1773519435.6254,1,0,25.0,25.0,0.3877,-0.9414,0.0488,-0.2519,5.2519,-0.7863,0.9744,0.259,-0.1472,4.8168,5.8473,-3.1221,63.77701950499348,80.6078483057387,5.316406202501836,8.193899434335277,0.0877192158173068,0.2131906377216263,10.0,0.0,rest,106.99613045966613,2.1958124626386892,,-13.026763916015582,0.8797643780708313
1773519435.7254,1,1,28.0,25.0,0.4189,-0.9412,0.0415,-4.1145,3.5649,-1.8702,1.0105,0.2773,-0.1797,-1.0611,6.2519,-6.1145,63.33027439836307,81.04622096736666,5.756324374112356,8.809046320118881,0.0393528389281627,0.0212326705539522,5.0,-5.0,rest,105.72752883315174,0.8119439619683941,,-14.527038574218718,0.8736540675163269
1773519435.8255,1,1,26.0,24.0,0.3564,-0.9465,0.0078,-5.626,6.2824,-1.8092,0.9592,0.3066,-0.1245,-3.5573,8.626,-6.855,63.09200372739001,81.68996696494722,8.625174224327298,11.578138204823778,0.2169304745396866,0.334897853827068,-5.0,0.0,rest,107.72993917441529,1.0932639677622051,,-14.527038574218718,0.8759644627571106
1773519435.9256,1,0,27.0,25.0,0.3914,-0.9067,0.0132,-5.229,7.3893,-1.9695,0.9465,0.2981,-0.0874,2.8168,3.084,-4.229,63.02124417007953,81.79499524969351,9.264077166129391,5.94389259997184,0.0069912384423131,0.0048745102148795,-5.0,15.0,rest,115.54709421670887,3.9137845605413117,,-22.50531005859374,0.9048353433609009
1773519436.0256,1,0,25.0,27.0,0.376,-0.9404,0.0068,-4.1679,4.7099,-1.6641,0.9617,0.2947,-0.126,4.229,6.1145,5.5954,62.65823926512618,82.18968243831186,6.505672696193685,9.3048402678391,0.1541812718683438,0.2089181583798599,-5.0,-5.0,rest,109.38771483762402,2.811905433063886,,-25.53735351562498,0.8957081437110901
1773519436.1257,1,0,26.0,24.0,0.3989,-0.9368,-0.0249,-4.8015,7.6947,-3.229,0.9797,0.3181,-0.1279,3.3817,5.229,-1.4733,62.6203062730786,82.47257691218898,9.62752571224819,6.399136565193777,0.0390933963588091,0.1952491706540615,5.0,40.0,rest,109.38771483762402,2.8148127866948998,,-26.300415039062486,0.8832218647003174
1773519436.2258,0,0,26.0,35.0,0.387,-0.9443,-0.0142,-3.1985,6.9847,-2.4046,0.9951,0.3181,-0.1299,-0.9924,6.5649,-7.229,62.4980585287045,82.88549697993977,8.049753878225097,9.815355865683118,0.0001311508662005,0.1200477239064123,-5.0,440.0,rest,108.13161488921376,2.7184889377052888,,-23.143280029296847,0.9124423265457153
1773519436.3258,0,3,25.0,112.0,0.4045,-0.9343,-0.0273,-3.9618,4.4351,-2.9008,0.9551,0.3308,-0.0803,-14.7939,70.9847,-2.2901,62.15075752695225,89.59195663454173,6.616691914393476,72.54606584309035,0.1903976864780227,0.2323746507916213,0.0,430.0,lift_right,104.24955080720258,2.131457678953714,,-21.530181884765582,0.9230390787124634
1773519436.4259,1,0,26.0,121.0,0.405,-0.8904,-0.0925,4.916,-7.7328,-5.0,1.0374,0.3542,0.0815,-5.0763,56.1756,-16.8397,60.63678406317443,94.71916575852016,10.438546442872209,58.86461036259393,0.0011751317109143,0.0265626082269287,5.0,55.0,lift_right,103.03398741800584,2.425537416891606,,-21.572845458984364,0.9472006559371948
1773519436.526,3,0,26.0,123.0,0.4404,-0.9185,0.0129,-9.6336,12.4809,-1.2748,0.9351,0.3643,0.1011,7.7786,87.687,-34.7252,61.15946583719411,102.77783092459244,15.817845264447367,94.6327432868772,0.1508129822824983,0.6462114720142242,5.0,35.0,lift_right,101.36071051260386,2.6931543813332395,,-16.61676025390621,0.9303095936775208
1773519436.6261,3,10,27.0,128.0,0.3542,-0.9458,-0.0747,-2.626,15.8473,-0.6565,0.8689,0.3452,0.2583,-23.3893,95.0382,-10.8321,61.89875935303608,111.30821413206736,16.076808935233384,98.471585770414,0.0337992088075633,0.1233956862246099,-5.0,30.0,lift_right,101.14694065004467,2.8817873551867197,,-6.628143310546832,0.9287487268447876
1773519436.7261,1,1,25.0,129.0,0.3613,-0.9451,-0.0168,0.8473,7.9924,-1.313,0.8572,0.4495,0.3618,14.458,9.1603,-5.9008,61.86240368977113,111.1008357901872,8.143730352240304,18.10426194933116,0.0277255226622785,0.0072241843314763,-5.0,15.0,lift_right,99.63307278822374,3.749901663051034,,-0.1996459960937358,0.964405357837677
1773519436.8262,3,0,26.0,131.0,0.397,-0.9373,0.0264,-1.4046,3.4046,-3.5496,0.8491,0.3188,0.3398,5.2519,39.8397,1.4427,61.41775182499933,114.0080007649322,5.11506231438093,40.21026651229758,0.0071837253481421,0.1201660472518961,0.0,5.0,lift_right,97.92115506640528,0.9793983640051066,,-3.308654785156211,0.9784599542617798
1773519436.9263,1,2,25.0,130.0,0.397,-0.9321,-0.0229,-5.6031,6.0534,-3.5802,0.7717,0.5063,0.4084,16.2977,57.0534,-10.8244,61.243907822968026,118.31650693454424,8.992008296815568,60.31478352949632,0.0572117737824384,0.1119944530896682,5.0,10.0,lift_right,97.20613926793239,0.9793983640051066,,-3.308654785156211,0.9494162201881409
1773519437.0263,2,1,27.0,133.0,0.4119,-0.9436,-0.0151,-5.8168,5.3282,-3.7481,0.7336,0.4487,0.4924,-3.8321,78.9847,-17.2595,61.012783835582844,124.64583154490457,8.733448980213945,80.93922513064973,0.0374889666598887,0.1255004803908882,25.0,30.0,lift_right,99.84898248267828,2.105411272562919,-16.14674305797068,-2.816192626953118,0.976375162601471
1773519437.1264,0,0,30.0,136.0,0.4109,-0.9343,-0.021,-4.2443,5.1298,-2.0534,0.6829,0.4841,0.5176,8.6641,56.8092,-10.5191,60.76993450743701,128.59896996848013,6.967451620929994,58.42091490433885,0.0620196320334309,0.0995526584356065,-5.0,55.0,lift_right,108.42931672054969,4.62482775252445,-16.14674305797068,-4.049041748046847,0.9457271099090576
1773519437.2265,0,0,26.0,144.0,0.3799,-0.9426,-0.0454,-4.1374,13.6947,-1.6107,0.655,0.4949,0.5898,6.2519,23.6183,-17.2519,61.33517867217175,129.14935899481162,14.396431548824868,29.90883485042505,0.0242135960760758,0.1405918590491495,-25.0,25.0,lift_right,105.85260273431548,3.0297764871530313,,-2.427947998046829,0.9539427161216736
1773519437.3265,0,0,25.0,141.0,0.375,-0.9438,-0.0308,-2.2214,7.6031,-1.8244,0.5859,0.4858,0.5786,7.1603,9.0916,-9.8168,61.28675778656943,128.21322972379684,8.128356717689007,15.175527960832202,0.0548730142251252,0.2263303061130778,10.0,10.0,lift_right,105.2608366730744,3.105819916903754,,3.0595092773437926,0.9124502539634705
1773519437.4266,1,0,28.0,146.0,0.4172,-0.9397,0.0154,-2.084,4.0153,-2.3511,0.5181,0.5337,0.6157,5.8397,19.771,-10.5038,60.93326209256368,128.23552833611538,5.098368493939998,23.137077419803912,0.0227828769206261,0.0638907757337492,10.0,35.0,lift_right,104.93088888747958,2.5588867993980573,,2.951248168945355,0.9065751433372498
1773519437.5267,4,0,27.0,148.0,0.4104,-0.9243,-0.0183,-5.0229,6.3664,-0.916,0.5046,0.553,0.615,5.9542,14.3053,-4.6031,60.81725637793284,127.70049315613656,8.16085959749339,16.16423939874685,0.0887730870329028,0.0670760371944445,-15.0,20.0,lift_right,105.11821663886329,3.0300590689399365,,-1.0094451904296697,0.8890875577926636
1773519437.6267,2,0,25.0,150.0,0.3906,-0.9319,-0.0112,-3.8015,7.1908,-0.9008,0.5237,0.5457,0.6216,6.0076,-0.7786,0.2443,60.760393882972046,125.71697028197327,8.183547368348277,6.062768196954259,0.0777942355845018,0.1101908549267993,-15.0,-5.0,lift_right,102.71997999586526,3.377416582519288,,-2.566711425781243,0.8605726957321167
1773519437.7268,3,2,24.0,147.0,0.4133,-0.9402,-0.0042,-2.6412,7.8855,-0.313,0.5552,0.5259,0.6301,5.5802,-7.0763,-1.3435,60.79255443122644,123.19069802403848,8.321959906776769,9.111401976644428,0.0608324878040533,0.234571629634967,20.0,-10.0,lift_right,103.51460186376002,4.141035153788488,,-2.651428222656236,0.8657149076461792
1773519437.8269,1,10,29.0,148.0,0.3999,-0.9409,-0.0256,-3.3206,8.9618,-0.7328,0.5745,0.5518,0.6465,4.7176,-6.0153,-0.916,60.9153350228438,120.81848605235828,9.585261573895623,7.699262292583621,0.0423263595004708,0.153588604005736,0.0,15.0,lift_right,101.41056590995268,4.5716080745587595,,-1.314636230468711,0.855157732963562
1773519437.927,3,0,24.0,150.0,0.3877,-0.9414,-0.0308,-2.4656,7.9389,-1.0458,0.5623,0.5754,0.6296,3.916,-1.4809,0.8092,60.92249477087843,118.9248940024696,8.378485197814697,4.264144163838742,0.034060693668908,0.2356795715798859,-15.0,35.0,lift_right,76.04189088863403,6.838078321114039,,5.8482360839844105,0.9127127528190613
1773519438.027,4,0,26.0,155.0,0.4053,-0.9463,-0.0098,-2.2748,7.9389,-1.6107,0.5542,0.5312,0.6072,4.626,-4.2061,1.1908,60.94574355531652,116.82393558020952,8.413988515561453,6.364680498658201,0.0100608042166938,0.1071424806664778,10.0,25.0,lift_right,91.15101960067771,7.329361081104492,,18.67041015625004,0.9101771712303162
1773519438.1271,4,1,26.0,155.0,0.415,-0.9324,0.0015,-2.8092,5.1985,-2.374,0.5828,0.5398,0.6077,5.9237,-6.9466,0.8015,60.71614653060031,114.51950517187012,6.368036030833997,9.164489920339266,0.0519207302884761,0.2103202760681582,0.0,5.0,lift_right,92.4425963409546,7.242314788998694,,18.67041015625004,0.8928385972976685
1773519438.2272,1,0,26.0,156.0,0.4136,-0.9314,-0.002,-2.8321,5.374,-1.8473,0.5952,0.5469,0.6235,6.0687,-2.8931,-1.0687,60.5073590583486,112.6588969926096,6.349266390694282,6.807442029867019,0.0055097375118629,0.0207183866158799,0.0,15.0,lift_right,92.37786293126928,6.235497989512564,,5.723663330078175,0.9251359105110168
1773519438.3273,0,0,26.0,158.0,0.4092,-0.9358,-0.0261,-3.8931,3.9389,-1.9924,0.5994,0.5315,0.6057,2.4885,1.2748,0.145,60.15542968341246,111.26350735026816,5.885645128615893,2.799780757487986,0.0408673907613432,0.2132554837683392,5.0,20.0,lift_right,106.8176711740052,3.7425581843850217,,3.017700195312525,0.9359795451164246
1773519438.4273,1,3,27.0,160.0,0.4243,-0.9355,-0.0105,-2.4504,6.3206,-2.1374,0.5896,0.5095,0.5913,4.3893,-0.0763,-1.5954,60.05965013931713,109.77209674704145,7.1079478951382296,4.670875436146848,0.0388672915006715,0.1510233028495333,0.0,35.0,lift_right,102.8471075137776,2.1718773856137648,,3.7923583984375497,0.9244972467422485
1773519438.5274,0,0,26.0,165.0,0.4226,-0.9216,-0.0093,-1.2519,7.7481,-1.2061,0.564,0.5605,0.5627,10.4885,-2.8015,-3.9924,60.110425619451725,108.00969978455952,7.940716871290652,11.567034722002004,0.0120986791231736,0.0788394610986475,-5.0,5.0,lift_right,97.9512469050356,3.6093056536839905,,3.4715576171875284,0.8980233073234558
1773519438.6275,0,0,26.0,161.0,0.4058,-0.9463,0.011,-3.771,5.6107,-2.1679,0.5642,0.5964,0.5603,6.6489,-3.8702,2.0229,59.9222579061745,106.16192884845088,7.099308832555462,7.954774896877975,0.028662357635546,0.1901544952919076,0.0,-5.0,lift_right,100.3542524770406,4.217508151607313,,2.1550292968750284,0.9019845724105835
1773519438.7276,0,0,26.0,164.0,0.4209,-0.9285,-0.0203,-4.4122,5.7252,-2.0763,0.6167,0.5803,0.5544,0.9084,-9.0763,5.9084,59.77248634005826,103.89999585366198,7.520401955347865,10.868008226441496,0.0497502177815789,0.1665111413871306,0.0,-15.0,lift_right,101.95559011844043,4.129044429939501,,-2.5531921386718714,0.9138572216033936
1773519438.8277,0,3,26.0,158.0,0.4214,-0.9277,-0.041,-5.1221,9.7786,-1.0076,0.6521,0.5723,0.55,2.1069,-7.3053,1.3053,60.0235091218892,101.89417350258692,11.08477262419036,7.714288287975761,0.0228791510246662,0.0568629729421577,0.0,-20.0,lift_right,116.90495077887712,2.3701253842351004,,-2.5531921386718714,0.9043961763381958
1773519438.9277,0,1,26.0,160.0,0.4146,-0.9255,-0.0439,-0.4656,10.1145,0.6183,0.6692,0.5447,0.5505,3.1527,-6.9466,-0.916,60.29640252562948,99.99213881133691,10.144071593793097,7.6833472425759854,0.0089150178175034,0.0068351504108377,5.0,40.0,lift_right,118.88086064182386,2.3701253842351004,,-1.892852783203125,0.9087576270103455
1773519439.0278,1,0,27.0,166.0,0.408,-0.9326,0.0068,-1.8168,6.7176,-0.7099,0.6772,0.5415,0.5483,-2.2137,1.8779,2.7176,60.22136275286173,99.00249287487232,6.995060400739939,3.976471533910434,0.0511158623121255,0.194663646091836,10.0,35.0,lift_right,125.38348417627422,2.986955606530301,,-6.082489013671832,0.927083432674408
1773519439.1279,1,0,28.0,167.0,0.3982,-0.9448,-0.0044,-3.0,5.4504,-2.1221,0.6553,0.5271,0.512,-3.1527,2.2366,1.4962,60.0081445194682,98.07614109568222,6.573444193875841,4.1449380321061495,0.0038386643722254,0.3312852861029697,-5.0,0.0,lift_right,124.78828961001649,1.5351815074931072,,-15.556030273437482,0.8951833248138428
1773519439.228,3,0,26.0,166.0,0.394,-0.9392,-0.022,-4.0763,3.1069,-3.626,0.6394,0.5129,0.499,-6.5191,-8.5191,15.6489,59.56751251790351,96.11538124951753,6.278289998080687,18.972659297789544,0.0077828166247284,0.0163846158329772,-15.0,5.0,lift_right,120.47665533893763,1.7407157967472686,,-14.321380615234371,0.9008831977844238
1773519439.328,0,0,25.0,168.0,0.4187,-0.9341,-0.0137,-3.4275,5.1069,-3.4275,0.7156,0.4995,0.4629,-10.8015,-21.8702,14.8321,59.359468087459625,92.97816798788296,7.041018400061174,28.54766611651468,0.0005022908847995,0.1176901321196938,-10.0,-20.0,lift_right,119.26710187751048,1.9895531281853744,,-11.849243164062493,0.8800488710403442
1773519439.4281,0,0,24.0,162.0,0.4006,-0.9355,-0.0444,-2.5267,7.7405,-2.1221,0.7007,0.4978,0.3708,13.1374,-45.8931,-0.0076,59.3940131452809,87.59035070359803,8.414443626883479,47.73644272597194,0.0409732192360412,0.313245921598474,15.0,10.0,lift_right,112.17885495604301,2.2910078151884776,,-4.826675415039032,0.9123717546463013
1773519439.5282,1,0,28.0,170.0,0.4092,-0.9294,-0.01,-3.4427,6.4809,-1.2214,0.7922,0.5862,0.3638,4.9771,-59.7939,15.7557,59.31649918933028,80.95770030110099,7.439493669598758,62.03486184485301,0.0169046735317124,0.7702695840765283,10.0,5.0,lift_right,115.1611699528002,2.8440869332826084,,-0.33721923828123224,0.0
1773519439.6282,0,0,26.0,163.0,0.4175,-0.9326,-0.0215,-3.7939,7.542,-0.5802,0.9141,0.4963,0.3264,-10.771,-59.2061,19.5115,59.35150732089031,74.67600569565506,8.462391697977587,63.261958161757846,0.0932199633156299,0.2011413999369116,-10.0,-20.0,lift_right,127.98199664288535,3.3755876719036904,-31.500285977442342,-3.9777679443359037,0.9530565142631531
1773519439.7283,0,0,26.0,166.0,0.3735,-0.9241,-0.0186,-3.0458,5.9695,-2.0076,0.8984,0.5627,0.2568,23.3053,-88.9771,13.6794,59.18955611113845,65.5717987595877,6.995876331811477,92.99025388103853,0.033650328456608,0.5693917947358046,5.0,15.0,lift_right,109.82929270182126,5.645597435606902,-27.33139318038682,-9.684448242187473,0.9497295618057251
1773519439.8284,0,0,27.0,166.0,0.3938,-0.9358,-0.0002,-2.7481,6.2366,-2.2748,0.8721,0.3972,0.1865,-6.0229,-32.2214,19.1908,59.073394920095886,62.36847191298618,7.184841557751987,37.98395380960228,0.0633726150261143,0.4311958492771905,0.0,20.0,lift_right,96.19226122296821,2.3020998607119796,-15.586954910098555,3.905151367187507,0.940326988697052
1773519439.9284,1,0,26.0,170.0,0.4094,-0.9226,-0.021,-1.8244,4.6031,-1.2366,0.9089,0.3838,0.1887,4.5725,-25.5496,2.4962,58.82150200937366,59.9132581245908,5.1035423511517966,26.07529157746851,0.0359486922483032,0.6612476381621574,0.0,15.0,lift_right,97.04753873879383,0.9269223982187738,,3.229919433593764,0.9501173496246338
1773519440.0285,0,0,27.0,169.0,0.3999,-0.925,-0.0266,-2.3282,6.7557,0.4046,1.0525,0.3379,0.083,1.2366,7.7557,3.4198,58.77455813313695,60.909185574319125,7.157073346696959,8.565926341616533,0.0760888809934279,0.6246184616924266,-5.0,-10.0,lift_right,97.04753873879383,2.994888143351729,,1.098724365234407,0.9707414507865906
1773519440.1286,0,0,25.0,168.0,0.386,-0.9492,-0.0149,-3.542,5.5496,-1.687,1.0566,0.3989,-0.0078,-1.6718,1.4962,7.5038,58.5854689601787,61.22389484967485,6.796307317948475,7.832020436643408,0.0579061230109523,1.2760772425988698,-10.0,30.0,lift_right,96.74311877338793,2.163990559425438,,-2.9239196777343324,0.9790886044502258
1773519440.2286,0,0,25.0,175.0,0.3892,-0.9421,-0.0266,-4.6183,6.3206,-3.916,0.7542,0.3496,0.1926,-2.3359,15.0687,25.1985,58.48194688679775,62.71836984179072,8.752927238929843,29.453124634748008,0.0358164207780942,0.5916647936647623,10.0,40.0,lift_right,98.96655227011571,1.8690898646691712,,-3.8709716796874716,0.9730564951896667
1773519440.3287,0,0,27.0,176.0,0.4248,-0.9246,-0.0151,-2.7176,7.8092,-2.4885,0.9617,0.3118,-0.0144,-4.1069,-69.3511,46.2366,58.57107225521773,56.10796428097775,8.6349051326578,83.45217120231206,0.0072296809555638,0.7284418353167876,5.0,-275.0,lower_right,100.24981496718587,1.7699485731200972,,-3.8709716796874716,0.9434480667114258
1773519440.4288,0,0,26.0,120.0,0.4297,-0.9263,-0.0037,-3.1908,5.3206,-0.5954,0.9519,0.2966,-0.0625,5.0,3.9237,4.1298,58.418787067839766,56.817066868757344,6.23253481017154,7.579622004427398,0.0367999872667368,0.0010780581774783,-5.0,-545.0,lower_right,103.51306729288024,3.30603866386262,,-1.8295593261718501,0.9214449524879456
1773519440.5288,0,0,26.0,67.0,0.3945,-0.9292,-0.04,-1.6107,9.6947,0.6489,0.9673,0.2676,-0.1243,11.6718,-25.4885,16.1679,58.66019197338623,54.64358238778326,9.848991511317289,32.361945829940446,0.0091180101169385,0.2718278910194938,0.0,-250.0,rest,103.91361967730433,3.3786158680361513,,-11.163665771484332,0.9418588876724243
1773519440.6289,0,0,26.0,70.0,0.3904,-0.9412,-0.0264,-3.5725,7.5115,-1.313,1.0247,0.2178,-0.1101,-4.3282,10.1908,14.9389,58.6735190239318,56.08148443969178,8.420769412589326,18.59452750381144,0.0754349610454729,0.0485159301613513,10.0,90.0,rest,104.22678002438634,3.0893679940827554,,-11.079193115234336,0.9436975717544556
1773519440.729,0,0,28.0,85.0,0.3972,-0.9451,-0.0193,-2.1374,6.3664,-1.8855,0.968,0.1995,-0.1624,8.7939,0.7557,6.2366,58.57978452504742,56.53626912790226,6.975287662168492,10.807355794087655,0.0375081165751767,0.1443447175409085,-5.0,-215.0,rest,104.45864783945487,2.811172747904014,,-11.772949218749957,0.9464143514633179
1773519440.8291,0,0,25.0,27.0,0.417,-0.9382,-0.0144,-1.8931,6.8931,-1.4656,0.9856,0.2024,-0.1929,-6.1527,-0.8702,4.8473,58.56293499083419,56.803507178722974,7.297029435325034,7.880944272103439,0.0418691798767312,0.2474457109177397,0.0,-355.0,rest,105.30053991243322,2.332083878757534,,-13.194580078125,0.9384027123451233
1773519440.9291,0,0,28.0,14.0,0.3962,-0.9363,-0.0249,-3.3435,7.0153,-1.6565,1.0222,0.1929,-0.1506,0.1145,5.1832,-3.0458,58.537748195527016,57.70611425689134,7.945905775303404,6.012950201855991,0.0499697229840223,0.262787245497923,5.0,-50.0,rest,105.30053991243322,1.0958475240704477,,-12.626495361328125,0.9207884073257446
1773519441.0292,0,13,26.0,17.0,0.4031,-0.9333,-0.0188,-3.2824,5.9847,-0.9618,0.9355,0.2114,-0.1575,14.9237,0.4046,-2.6107,58.4206075442544,58.07688895199533,6.893173658772859,15.155734140581908,0.0389630229846094,0.1600848567400081,-20.0,20.0,rest,106.0735298266237,0.6302572045047696,,-11.777740478515586,0.8934463262557983
1773519441.1293,0,0,24.0,18.0,0.4053,-0.9412,-0.0061,-1.8168,7.1069,-1.229,0.9817,0.1931,-0.1936,1.4351,11.6565,2.5267,58.414616882090144,59.54639989250583,7.437689886651634,12.013230920530912,0.0159236749645363,0.3841402328096355,-5.0,30.0,rest,110.17441278669823,1.0480892654169198,,-11.102294921874964,0.9541826248168945
1773519441.2294,2,0,25.0,23.0,0.3987,-0.9387,-0.0161,-3.8321,8.0,-1.3664,1.0085,0.2236,-0.1812,6.0916,0.458,0.0611,58.49051781411606,59.88180533354768,8.97507879464019,6.109098769049327,0.0085195166012941,0.061678247641379,5.0,80.0,rest,110.08483288243735,3.122902093347941,,-18.72946166992186,0.8731275796890259
1773519441.3295,0,0,25.0,34.0,0.397,-0.9429,-0.002,-4.4809,6.4504,-1.9237,0.9634,0.2375,-0.1702,1.1832,2.9695,-4.4885,58.40950795312227,60.43774057421417,8.086207186314237,5.510401504427786,0.009325883007033,0.0926963125039703,0.0,60.0,rest,113.46939784729554,3.5353604209460934,,-17.43618774414058,0.8708051443099976
1773519441.4295,0,0,25.0,35.0,0.3953,-0.9421,-0.0193,-1.2824,6.2137,-1.5496,0.9883,0.2329,-0.1743,-0.8015,1.5344,-4.6489,58.30542771453047,60.851327462580414,6.531146730092656,4.960751638612843,0.0357837951203521,0.0433916069186623,5.0,-35.0,rest,111.90061490887493,3.2359762624411017,,-15.7294311523437,0.8629589080810547
1773519441.5296,0,0,26.0,27.0,0.4023,-0.9326,-0.0222,-0.2824,7.2824,-1.3435,0.9795,0.197,-0.1812,1.7023,4.3664,2.5878,58.319559181827614,61.556534478403336,7.410674177832945,5.353501946389858,0.0108158463761276,0.0102742845926762,5.0,-25.0,rest,109.22841138224067,2.197117935568326,,-4.631286621093729,0.8853695392608643
1773519441.6297,0,6,26.0,30.0,0.4165,-0.9307,-0.0098,-1.7634,8.8855,-1.1985,0.9907,0.2046,-0.1838,1.3359,1.7481,2.2366,58.50610568570605,61.98640786146506,9.137729042820212,3.1373335780563725,0.0231674934013137,0.0264422511824791,5.0,10.0,rest,111.09322917800677,2.2074246955346966,,-4.631286621093729,0.8771824240684509
1773519441.7298,15,0,27.0,29.0,0.3921,-0.9421,0.0149,-4.0229,6.7176,-1.6641,0.9783,0.1809,-0.1748,1.313,1.6107,2.0687,58.44619701397188,62.41612162278587,8.00494240953675,2.932207901906003,0.0031385325860522,0.0382831872526234,-5.0,-15.0,rest,112.11105361556824,2.647315144021403,,-1.596710205078118,0.8748139142990112
1773519441.8298,0,4,25.0,27.0,0.3872,-0.9424,-0.0212,-2.0,7.3282,-1.3511,0.9856,0.1987,-0.1748,1.084,1.7863,0.5115,58.44205653863011,62.842255914555885,7.715438189111491,2.1511754786627706,0.0626904210413537,0.025216025116147,0.0,15.0,rest,111.8768808949237,2.237205300065668,,-0.2206726074218679,0.8883904218673706
1773519441.9299,0,4,27.0,32.0,0.4094,-0.9485,0.0022,-2.0458,8.1832,-2.0611,0.9783,0.199,-0.1841,3.1679,2.4275,0.3817,58.54209634656834,63.31353333378589,8.683213292900273,4.009244511126753,0.0003577177422831,0.0096924228141404,15.0,25.0,rest,108.91605969922705,2.0270910075741493,,-9.44183349609375,0.8722309470176697
1773519442.03,0,0,28.0,32.0,0.4121,-0.9321,-0.0002,-2.1985,6.9237,-0.9618,0.99,0.1995,-0.1597,1.8015,1.687,-1.084,58.52680056061633,63.72311412710144,7.327761130113345,2.6956311413099527,0.0878966854659746,0.0110035632087768,-5.0,-5.0,rest,111.45454325920687,2.454058417507482,,-6.7205810546874645,0.8871120810508728
1773519442.1301,1,0,26.0,31.0,0.397,-0.9346,-0.0129,-0.7786,10.3511,0.6336,0.9758,0.2034,-0.1804,3.145,1.5191,-0.2977,58.8309300011684,64.08614884162816,10.399660481477268,3.505326675218731,0.005466681599372,0.0275884716351759,-10.0,-15.0,rest,112.20454556089133,2.465360570615793,,-6.7205810546874645,0.8819062113761902
1773519442.2301,0,0,26.0,29.0,0.3748,-0.9465,0.0085,-1.2061,8.8244,-1.1679,0.969,0.2339,-0.2012,1.4809,2.1374,-2.2061,58.95114344706567,64.46066132501231,8.9826890728779,3.410047034866236,0.0182033023710359,0.019233350753216,5.0,-5.0,rest,111.95670016121126,2.260395503807216,,-6.3768005371093395,0.8815470933914185
1773519442.3302,0,6,27.0,30.0,0.3982,-0.938,0.0159,-2.0305,7.0687,-2.145,0.9731,0.1829,-0.1948,1.1908,4.7099,0.2748,58.92483809213827,65.12592657950555,7.660970887557268,4.865868647014632,0.0144560071470434,0.0033557548877138,5.0,-15.0,rest,111.53669763303591,0.6208934205845678,,-7.814575195312479,0.9476454854011536
1773519442.4303,0,0,27.0,26.0,0.4036,-0.9314,0.0115,-1.7863,5.0763,-1.0992,0.9797,0.2017,-0.1797,3.0611,2.9924,0.0992,58.71235381827268,65.608353994679,5.492534025383912,4.281895796256607,0.0046965570714063,0.0555640967033621,-5.0,-20.0,rest,110.00064972711434,3.051066404381675,,-16.174530029296843,0.8899407386779785
1773519442.5304,4,0,26.0,26.0,0.3972,-0.9375,-0.0085,-3.9542,6.9618,-1.687,0.9788,0.2151,-0.1912,2.6183,2.0763,1.0534,58.67957426311401,65.97196859382557,8.182195663756765,3.503736311425276,0.0120174181967236,0.054754854397313,5.0,20.0,rest,109.70566358938773,2.2906106088737985,,-18.026000976562457,0.8429645895957947
1773519442.6304,10,0,28.0,30.0,0.3965,-0.9319,-0.0027,-2.7405,7.7481,-1.3969,0.9844,0.2222,-0.1917,-1.9389,2.5802,-0.7099,58.72626548309166,66.3733859836765,8.336349529020483,3.3046517607760126,0.02674440226331,0.0112922775811341,10.0,10.0,rest,109.83633976356565,1.9996818982349063,,-14.839263916015586,0.8694456219673157
1773519442.7305,0,0,28.0,28.0,0.3931,-0.9448,0.0222,-3.0916,6.313,-1.8321,0.9792,0.2036,-0.1897,0.2214,3.0,1.8931,58.622113574411685,66.8226260023589,7.264196443516654,3.554271454180167,0.0533297943256116,0.0553014941441909,-20.0,-35.0,rest,109.94724315073778,1.952087435493692,,-6.245208740234336,0.8888301849365234
1773519442.8306,0,0,24.0,23.0,0.3921,-0.9221,0.0125,-3.7863,5.9924,-1.6489,0.999,0.2156,-0.1831,2.8702,3.229,1.9237,58.49761682817213,67.28643487931947,7.277623008922625,4.729176538256951,0.0256388340679081,0.0833887757407381,-15.0,-20.0,rest,110.83214961771901,2.0636206706830342,,-7.583801269531243,0.8844187259674072
1773519442.9307,0,0,25.0,24.0,0.4004,-0.9475,0.0107,-2.9542,5.4504,-2.0458,0.9878,0.2334,-0.2007,-0.5191,2.4122,-0.2595,58.31994202874765,67.63093336700243,6.528357790440104,2.4810308139964725,0.0787275118883024,0.1516661805706931,5.0,25.0,rest,111.311511711915,2.0636206706830342,,-11.807678222656222,0.8958132863044739
1773519443.0307,1,0,25.0,28.0,0.4087,-0.9321,0.0112,-3.8855,2.1679,-2.5878,0.9731,0.1833,-0.1882,-2.0382,2.7939,-2.4962,57.83948933202964,68.04995171916366,5.147194332838036,4.265108543753605,0.0583644366110891,0.075120037779276,0.0,10.0,rest,110.93364905786905,2.236653234937437,,-12.480407714843711,0.8925707340240479
1773519443.1308,4,2,25.0,26.0,0.4084,-0.9314,0.0039,-5.1832,5.5344,-2.6641,0.978,0.2236,-0.1821,0.1832,2.1221,-0.1069,57.69859656688583,68.36834799928639,8.036950566601737,2.132673969457123,0.1193090048579514,0.1218543567795849,5.0,-10.0,rest,110.53382298975457,2.2635629375812076,,-6.100891113281239,0.879993736743927
1773519443.2309,4,0,26.0,26.0,0.4182,-0.9526,-0.0527,-3.855,7.1756,-2.5038,0.9832,0.239,-0.2046,-3.9542,-0.6336,0.9466,57.72122747640752,68.38400505825275,8.521694362038573,4.11499673875934,0.097496627047538,0.0004562734217594,0.0,0.0,rest,118.81797505363636,0.37204530248228157,,-6.386596679687475,0.9535639882087708
1773519443.331,3,0,25.0,26.0,0.4067,-0.9106,0.0208,1.0687,3.7176,-2.4122,0.9763,0.2163,-0.1997,-7.4962,4.3969,2.3588,57.412354548307626,68.91162116458543,4.55865970324612,9.004980926687185,0.0565817076942698,0.0353588231175161,15.0,5.0,rest,119.05217694396754,0.4990430973482807,,-6.490112304687461,0.9551234841346741
1773519443.431,0,0,29.0,27.0,0.3853,-0.9556,-0.0063,-1.374,12.084,-1.2977,0.9805,0.2222,-0.2009,-0.1679,17.3359,7.0687,57.88751881009821,70.69253480123945,12.230901736585082,18.72239671917033,0.2948966914704781,0.0214714456224085,5.0,0.0,rest,112.7750977396994,1.081061692605844,,-12.625976562499961,0.9210197329521179
1773519443.5311,3,0,26.0,26.0,0.4395,-0.9607,-0.0083,1.6336,10.9618,-3.1069,1.0042,0.1086,-0.1685,-8.084,6.6794,2.458,58.29567057622518,71.50747816488074,11.510105812285133,10.77066406309286,0.1226054756731165,0.0676572110019579,25.0,0.0,rest,101.35912712023713,1.081061692605844,,-12.180541992187468,0.8802528381347656
1773519443.6312,0,3,34.0,27.0,0.4417,-0.9565,0.053,4.2901,19.6412,-9.9084,0.9888,0.1489,-0.1538,6.2901,6.8015,-1.9924,59.54966485497604,72.2995621472402,22.41334615826026,9.476044428979849,0.0201640264007574,0.0693632399082921,125.0,10.0,rest,104.14310766899372,1.4331499357193178,,-4.4183349609375,0.894138514995575
1773519443.7313,1,0,51.0,28.0,0.4692,-0.9475,0.0825,12.3893,11.6641,-24.0229,0.9736,0.2273,-0.1443,-0.8092,4.2366,-1.9466,60.02692472008296,72.75959684036732,29.43884691542792,4.732106904963159,0.3065969267697543,0.0085594677098466,370.0,-10.0,rest,104.14310766899372,2.546921503720135,,7.614807128906271,0.9586743116378784
1773519443.8313,0,0,108.0,25.0,0.5208,-0.9844,0.0752,11.1679,13.7252,-43.8473,0.9802,0.2124,-0.1453,2.5038,4.5344,-0.7557,60.72770333763266,73.25456481668608,47.2830712067226,5.234585016025625,0.2431463024246882,0.0310202249960478,310.0,-10.0,lift_left,102.81981070136048,2.2084237676674245,,17.343536376953175,0.9645222425460815
1773519443.9314,0,0,113.0,26.0,0.6357,-0.9001,0.1262,13.1832,-0.855,-54.3359,0.9829,0.2075,-0.1543,2.3435,3.4122,-1.0305,60.1287487311081,73.62908042827134,55.91885027475082,4.265797855032514,0.7945445221865921,0.0105022662598142,70.0,5.0,lift_left,99.96187391804902,1.4711430248680517,,22.536376953125004,0.8859595656394958
1773519444.0315,1,0,122.0,26.0,0.6519,-0.687,0.1396,13.4122,7.7481,-84.0153,0.9817,0.2095,-0.1538,2.0382,5.2137,0.5038,60.54388511166659,74.17087707927521,85.43120505143305,5.620564150510161,0.6998753541043234,0.1778106005563517,50.0,-5.0,lift_left,103.8739552086414,5.048662094412915,,32.75660705566408,0.873704195022583
1773519444.1316,0,0,123.0,25.0,0.6921,-0.6545,0.1787,13.687,5.374,-92.2824,1.0251,0.1804,-0.1521,2.0153,0.2672,-3.5267,60.7710658497804,74.2543880603709,93.44653655839792,4.070680879165057,0.5698963618475028,0.0715490308806698,50.0,0.0,lift_left,129.3252836851918,11.118781607464344,11.149662020102351,21.682281494140632,0.9570695161819458
1773519444.2316,1,0,132.0,26.0,0.8992,-0.5574,0.1685,18.7176,-1.7176,-74.8473,0.9651,0.2124,-0.1609,3.2443,4.9771,0.3053,60.52878696074787,74.7483606631778,77.17134841902143,5.948967556643757,0.4974759319527988,0.1442806726848466,65.0,-15.0,lift_left,,,,,0.0
1773519444.3317,1,0,136.0,22.0,0.9487,-0.4448,0.2102,10.0382,18.3969,-95.3282,0.9915,0.2241,-0.1155,-2.1298,6.8168,1.9084,62.37291019675281,75.43610952752081,97.6046981660719,7.392347451249839,0.1240293870899444,0.0420022271413256,55.0,0.0,lift_left,,,,,0.0
1773519444.4318,0,0,143.0,26.0,1.0115,-0.3699,0.2036,-0.2214,14.1908,-76.0458,0.9844,0.1838,-0.1284,5.0076,3.9389,-0.8244,63.86300749477763,75.85678271544928,77.35884901056892,6.424221846262783,0.2308513936134038,0.0845384060070242,75.0,10.0,lift_left,,,,,0.0
1773519444.5319,2,0,151.0,24.0,0.9592,-0.1987,0.2932,-1.5038,22.7634,-52.4351,0.9739,0.1997,-0.1548,2.3969,5.6031,-2.1145,66.21122542296106,76.39786398916468,57.18280778354627,6.450656514650273,1.230425047757983,0.065349876788755,60.0,0.0,lift_left,,,,,0.0
1773519444.632,2,0,155.0,26.0,0.8096,0.0264,0.2576,-42.6718,12.8931,-7.5191,0.9875,0.2297,-0.134,1.8244,4.3893,-2.3588,67.59578887722752,76.79861980692972,45.20676285313957,5.306442055652733,0.5418448231684708,0.0347617847620174,65.0,10.0,lift_left,,,,,0.0
1773519444.732,0,0,164.0,26.0,0.8662,-0.177,0.2324,-1.0229,4.7252,-19.4427,0.9822,0.2119,-0.1294,2.3206,5.0305,-1.2901,68.13420671011976,77.27190916882397,20.034780326721823,5.688187111901296,0.7011444004736145,0.0102631243796191,65.0,-5.0,lift_left,,,,,0.0
1773519444.8321,2,0,168.0,25.0,0.9475,-0.1382,0.2524,-5.0534,12.5878,-5.9466,0.9927,0.2341,-0.0991,2.3206,3.9008,-0.5115,69.46725312516246,77.62147537975602,14.810523689593152,4.567609577229647,0.5782665670290837,0.0112926873622054,25.0,-15.0,lift_left,,,,,0.0
1773519444.9322,0,0,169.0,23.0,0.9761,-0.0986,0.313,-12.9924,20.4885,15.1756,0.9858,0.2095,-0.1235,-0.2977,2.9008,-2.0916,71.51413008181939,77.87616622080273,28.616078092044688,3.588600909825443,0.3737885330885931,0.0693398464567007,35.0,-5.0,lift_left,,,,,0.0
1773519445.0323,1,0,175.0,24.0,0.998,-0.1528,0.3389,-7.2061,6.9771,0.9618,0.9771,0.2307,-0.1179,-2.2061,2.4351,0.3359,72.15899702361496,78.06027447313421,10.076351564926664,3.302940815394669,0.0781173759675957,0.005319034720147,20.0,5.0,lift_left,,,,,0.0
1773519445.1323,2,0,173.0,24.0,0.9841,-0.0989,0.3386,12.7176,-3.6947,-15.9466,0.9883,0.1987,-0.1121,3.7176,3.0,2.0687,71.75933482208949,78.33309816233098,20.72877732549607,5.205772704411901,0.4305184721347976,0.0107167760701121,20.0,10.0,lift_left,,,,,0.0
1773519445.2324,2,0,179.0,26.0,0.9514,-0.0942,0.2102,-4.1527,10.9847,-17.2595,0.9849,0.1665,-0.1406,-1.6107,-1.6565,0.4504,72.9284500143355,78.15456908229454,20.8757967903024,2.3539768265639323,0.6486349211999959,0.0944210046515892,60.0,10.0,lift_left,,,,,0.0
1773519445.3325,2,24,185.0,26.0,0.8699,-0.0264,0.2847,-11.9618,4.084,-0.4351,1.0032,0.1982,-0.1475,1.3893,4.6947,-3.6565,73.30621663464409,78.57485585654159,12.647253743402162,6.110675480664964,0.2420718496088547,0.0139743228526934,35.0,0.0,lift_left,,,,,0.0
1773519445.4325,3,52,186.0,26.0,0.9734,-0.1399,0.2971,-10.6641,28.7099,4.4733,0.9727,0.2629,-0.0889,7.6489,4.2901,-1.8779,76.08081107643712,78.90530565520714,30.951442611128808,8.968675355368818,0.1728045690122487,0.1490733144680811,-45.0,-5.0,lift_left,,,,,0.0
1773519445.5326,2,76,176.0,25.0,0.8252,-0.0508,0.3047,-12.5496,14.8168,5.916,0.97,0.2285,-0.1167,-3.0153,0.9847,0.542,77.4007831542183,78.92737910727858,20.29849941251816,3.217985733343142,0.5480884910043349,0.0487455758033483,15.0,-20.0,lift_left,,,,,0.0
1773519445.6327,1,90,189.0,22.0,0.8367,-0.1104,0.3604,-4.7863,6.8626,25.0916,0.9897,0.21,-0.1392,-0.458,2.458,0.7176,77.84027467213545,79.104069609679,26.44980788228905,2.601245424791748,0.5825763989722871,0.0439808708525935,90.0,-5.0,lift_left,,,,,0.0
1773519445.7327,0,94,194.0,24.0,0.9292,-0.1812,0.3147,-10.7405,6.7939,17.9084,0.9866,0.2004,-0.1045,0.4122,0.9313,0.4656,78.32235263681619,79.1552024338987,21.959649542285508,1.1198267232031929,0.4291998556436005,0.0236709376994026,40.0,20.0,lift_left,,,,,0.0
1773519445.8328,2,133,197.0,26.0,0.9126,-0.2131,0.3589,-9.8092,13.0229,37.3511,0.9905,0.1946,-0.1199,2.5725,2.313,0.1298,79.34058919795221,79.33888543096145,40.75439853880805,3.461874245260795,0.0661916417100155,0.1122901567382028,15.0,10.0,lift_left,,,,,0.0
1773519445.9329,1,138,197.0,26.0,0.8965,-0.3013,0.3569,-4.8015,31.9542,31.0534,0.9988,0.248,-0.1064,1.3969,2.4962,1.2824,82.13489998406449,79.49434600031174,44.815610577677056,3.13478768180558,0.0763466676076668,0.0856763968270679,-5.0,0.0,lift_left,,,,,0.0
1773519446.0329,0,153,196.0,26.0,0.8401,-0.4202,0.3071,-20.3435,-10.5496,46.3588,0.9695,0.2173,-0.1079,1.2901,-0.2519,1.4427,80.62275924872026,79.39878181667035,51.71354164868231,1.9517158886477304,0.677025186581911,0.0634997090592137,20.0,5.0,lift_left,,,,,0.0
1773519446.133,2,181,201.0,27.0,0.6743,-0.5051,0.238,-22.7634,-16.5496,86.5649,0.9954,0.2019,-0.1128,3.0916,0.4656,2.5344,78.39590448800092,79.39483175860518,91.02496114654484,4.0246685925675925,0.3090218707087461,0.0060524701876202,40.0,-10.0,lift_left,,,,,0.0
1773519446.2331,1,190,204.0,24.0,0.6909,-0.5916,0.176,-29.2901,-5.8321,95.9847,0.978,0.1365,-0.1458,3.4962,3.7634,1.5344,77.22091178455183,79.74490664916488,100.52355934063416,5.361061215841505,0.5916419130484535,0.0351634010992285,35.0,-10.0,lift_left,,,,,0.0
1773519446.3332,1,210,208.0,25.0,0.6453,-0.7473,0.113,-13.8015,-17.4198,98.3893,0.9963,0.2334,-0.1079,2.6565,4.2443,1.1832,74.77916899585867,80.07651764649,100.86815745704884,5.145001164236992,0.6665410789980197,0.0998041528601639,-50.0,-5.0,lift_left,,,,,0.0
1773519446.4332,2,242,194.0,23.0,0.6584,-0.8052,0.2031,-21.229,-23.1221,77.2824,0.9873,0.2053,-0.1404,-1.2672,2.1221,0.3053,71.7858041820814,80.20016214312943,83.41385555871398,2.490444205357752,0.3208796627961646,0.0585824370401888,-55.0,0.0,lift_left,,,,,0.0
1773519446.5333,0,246,197.0,25.0,0.5564,-0.8906,0.1287,-23.4046,3.2748,55.2366,0.9902,0.1956,-0.1265,-1.1679,0.916,2.0763,71.305608846989,80.22116806169181,60.07979357288106,2.5522672469786545,0.0052219718344492,0.0201269640458523,50.0,10.0,lift_left,,,,,0.0
1773519446.6334,1,268,204.0,25.0,0.5547,-0.8938,0.1196,-8.7176,-7.3817,32.5115,0.9937,0.2063,-0.1218,1.145,1.0916,1.8931,69.78802519083217,80.25262473633511,34.4598850389841,2.46707178047174,0.3311023641111321,0.0160633011498934,55.0,0.0,lift_left,101.06102758053295,4.514315983008996,,34.857055664062514,0.0
1773519446.7335,0,297,208.0,25.0,0.4802,-1.0129,0.0852,7.3282,-17.2443,5.4351,0.9883,0.1921,-0.1208,0.8779,-2.0534,4.3511,67.20805929356433,79.98770642921279,19.50919551749892,4.890729105153954,0.010984689614425,0.0689130437077256,45.0,5.0,lift_left,104.97728757271985,3.6157505542076342,,35.13729858398439,0.9114140272140503
1773519446.8335,0,317,213.0,26.0,0.4214,-0.9663,0.0701,-8.7557,16.8321,2.9847,0.9758,0.178,-0.1816,1.2748,-4.4198,2.7099,67.98357983589558,79.4626893087471,19.206517305071213,5.338848667081696,0.7150129349772671,0.0925269348080348,-20.0,-5.0,lower_left,103.08279568329125,2.7171851254062727,,29.390380859375025,0.904224693775177
1773519446.9336,1,326,204.0,24.0,0.332,-0.9229,0.0278,-15.2214,11.0763,12.8321,1.0024,0.1685,-0.1814,0.0611,0.0687,1.084,68.10492945470854,79.40268972646979,22.78241054102924,1.0878919523555637,0.342632246869598,0.0478811684117164,-770.0,0.0,lower_left,101.08667745913571,5.839772355210382,,23.948089599609386,0.8604573607444763
1773519447.0337,3,333,59.0,26.0,0.3286,-0.926,0.1033,-13.7252,17.4809,11.0153,0.9868,0.1694,-0.1838,0.9084,4.2061,3.8931,68.84448542906036,79.74255129446375,24.80523763119394,5.802817882718705,0.4056736721716869,0.037933163099445,-925.0,0.0,rest,101.24330856691677,1.853823082084181,,7.8737487792968786,0.9500471949577332
1773519447.1338,0,342,19.0,24.0,0.4451,-0.9592,0.1018,-7.7176,15.2443,-0.313,0.9998,0.1707,-0.1475,-0.8168,1.1527,2.8397,69.45694791522872,79.8063551531075,17.08941196325959,3.171714933596649,0.2910298655907833,0.0725219395419596,-180.0,5.0,rest,98.77234626568526,4.129375594728013,,4.141784667968764,0.9272953867912292
1773519447.2338,1,342,23.0,27.0,0.3547,-0.9839,-0.0256,-4.855,9.4962,-2.855,1.011,0.1497,-0.1465,1.7252,-0.4809,1.5649,69.3948017070013,79.72900288837265,11.040827162853336,2.378338045779026,0.3447510047250757,0.0185138804401452,30.0,25.0,rest,104.37964793479321,2.303703163128157,,4.141784667968764,0.9288200736045837
1773519447.3339,0,348,25.0,29.0,0.3037,-0.9458,-0.0054,-5.6412,6.0229,1.6336,0.9915,0.1611,-0.1841,3.6336,2.0534,-3.374,68.95318490021593,79.85845877335713,8.412318991217582,5.366877725456394,0.4476991153033322,0.064784529990679,-5.0,5.0,rest,112.33696517590717,0.27565661451261564,,-4.935241699218729,0.9211991429328918
1773519447.434,1,356,22.0,28.0,0.3445,-0.8918,0.0347,-6.0,-0.1527,-2.2519,0.991,0.1692,-0.1694,2.7328,1.4122,-5.2595,67.98129363566635,79.92803668203459,6.410489131103804,6.093016078265345,0.6590883284234961,0.0647110470021794,-15.0,-20.0,rest,111.41460121475546,0.2951713425909027,,-9.107543945312475,0.9259191155433655
1773519447.5341,1,371,22.0,25.0,0.417,-1.0449,0.019,-8.4198,21.8855,-0.229,0.979,0.1748,-0.1663,1.1298,0.4046,-5.6336,69.20150187024541,79.89223989684174,23.45038556804557,5.759999840277776,0.259036022440921,0.0579370411043855,5.0,-5.0,rest,116.02707879103274,1.544777818209516,,-11.132873535156236,0.9211421012878418
1773519447.6341,2,359,23.0,27.0,0.303,-0.9614,-0.03,-1.7252,5.7786,-0.5115,0.97,0.2026,-0.1843,3.3282,3.2061,-2.3435,68.73347574557653,80.0932458389468,6.052285952431527,5.18150409630254,0.4990887735958937,0.0297260873987958,10.0,5.0,rest,106.21892869680568,0.7102165358400283,,-11.132873535156236,0.9235754609107971
1773519447.7342,2,372,24.0,26.0,0.374,-0.9536,0.0466,-3.6565,4.0763,-0.4198,0.9795,0.1897,-0.1824,2.6031,1.8626,-3.855,68.18611953840482,80.17314215477845,5.49203477592777,5.010632032987455,0.0927872087060566,0.0190623888988028,15.0,-25.0,rest,106.49155490692091,0.5718489568428073,,-12.243530273437457,0.8992689251899719
1773519447.8343,0,429,26.0,22.0,0.3479,-0.9663,-0.0015,-6.8855,5.084,1.2214,0.9766,0.208,-0.1631,6.0763,0.9542,0.1145,67.71663982866264,80.16030064554228,8.645749488043244,6.151831400485549,0.0457103582098972,0.1150959787190286,15.0,-5.0,rest,105.70456042325489,1.575508178147848,,-3.9785766601562145,0.9034126400947571
1773519447.9343,1,471,27.0,25.0,0.3201,-0.9836,-0.0173,-8.1832,9.1679,1.3511,0.9956,0.1987,-0.2126,3.7786,-2.2061,0.3282,67.62124535943117,79.8150397246155,12.36287279963682,4.387756876810747,0.118568796058518,0.0452842997745239,10.0,20.0,rest,,1.7231984525341013,,-2.7706909179687322,0.843425989151001
1773519448.0344,0,481,28.0,26.0,0.3027,-0.9565,0.0103,-4.1069,4.8244,0.2214,0.9832,0.1648,-0.2195,-7.7939,-2.2977,1.6565,67.09280901057232,79.48160145572503,6.339596275000483,8.292665117439629,0.1655352646768537,0.2442448925291779,0.0,-10.0,rest,,0.757850319677297,,-0.7427368164062464,0.8314574956893921
1773519448.1345,3,568,27.0,23.0,0.2803,-0.9604,-0.0435,-4.9618,5.0534,-2.4809,0.9524,0.1765,-0.1968,-3.2748,0.6031,2.6794,66.57127604156183,79.44081731277585,7.504077265726946,4.274017900056105,0.0908892864668642,0.0218142681612143,-5.0,-10.0,rest,,1.1525579560331234,,-1.3734436035155895,0.8410614132881165
1773519448.2346,1,555,27.0,24.0,0.3464,-0.9609,-0.0105,-1.7176,8.4275,-1.1145,0.9856,0.1602,-0.1899,0.3206,-0.8779,0.6183,66.4622036677234,79.28300272712136,8.672659122783507,1.120619319840596,0.0928468797136872,0.1327338410768436,0.0,20.0,rest,,1.1525579560331234,,-4.517425537109325,0.8514031767845154
1773519448.3346,1,559,27.0,27.0,0.3384,-0.9622,0.0046,-1.9084,4.5115,1.916,0.9722,0.1946,-0.217,2.6947,-3.7176,-2.2137,65.96261187843413,78.79923215147441,5.259912433681762,5.097295904692997,0.0251144377088119,0.0416448336149821,-15.0,5.0,rest,,1.780832154633902,,-3.462585449218736,0.850945770740509
1773519448.4347,1,593,24.0,25.0,0.3259,-0.9734,-0.0007,-5.7634,4.6412,-0.4198,0.9551,0.2214,-0.2346,-3.6794,-5.6031,-1.1756,65.46841408325196,78.10090574821523,7.411730502386066,6.805494054806014,0.0209604639654448,0.198691828992491,-5.0,-25.0,rest,,1.9502318487626853,,-0.6282043457030895,0.8566033840179443
1773519448.5348,0,649,26.0,22.0,0.3079,-0.968,0.002,-2.6947,5.5649,1.7023,1.0122,0.1953,-0.2229,-2.1221,-5.8473,-3.3588,65.05730027951022,77.43946913467161,6.413060532226403,7.069353799322821,0.0665036635895977,0.0027176411092844,0.0,0.0,rest,,1.079407735644217,,-1.1605224609374787,0.8544543385505676
1773519448.6349,2,724,24.0,25.0,0.3135,-0.9631,-0.0273,-3.5878,-0.4198,-1.6718,0.9614,0.1687,-0.2542,5.4656,-1.0916,-0.7252,64.0754916093414,77.2315819575774,3.980383916156832,5.620523904406065,0.0260414508553152,0.3150485297307415,15.0,5.0,rest,,1.1311603478757388,,-4.3059692382812464,0.8940447568893433
1773519448.7349,2,777,29.0,23.0,0.334,-0.9648,-0.0066,-5.6794,8.5802,-0.3053,0.9341,0.1938,-0.2708,2.3893,-2.1603,-2.6794,64.01673556333293,76.88282173646496,10.294106298751728,4.189849035466552,0.0064056944095725,0.1024894161978307,30.0,0.0,rest,,1.7879514276545134,,-0.09689331054685724,0.0
1773519448.835,1,807,30.0,25.0,0.3015,-0.9685,-0.0171,-4.1145,14.4885,-0.2748,0.9736,0.2046,-0.2634,0.7176,2.687,-2.4504,64.50205689623479,77.03029125009142,15.063905786349038,3.706666820743402,0.0347123511560854,0.1433515312290112,-5.0,10.0,rest,,1.7879514276545134,,6.337158203125028,0.0
1773519448.9351,1,828,28.0,25.0,0.2742,-0.9761,-0.0188,-2.5649,6.9771,-0.9771,0.9695,0.1919,-0.2537,2.4122,2.1985,-0.3511,64.20953198563716,77.14183480039918,7.497556990780397,3.2825877444479685,0.0372523702465532,0.1551630370920076,-25.0,-5.0,rest,119.84081113791797,7.728348335047719,,-9.40594482421874,0.9644944071769714
1773519449.0352,3,828,25.0,24.0,0.3127,-0.9729,0.0066,-0.9771,6.3817,-1.0992,0.9387,0.21,-0.2664,1.2366,2.4046,1.9389,63.90709897977292,77.23728204453869,6.548973960858296,3.3272532109834985,0.0863474829550037,0.0456957797769297,5.0,-15.0,rest,,,,,0.0
1773519449.1352,0,835,29.0,22.0,0.2908,-0.9524,-0.0442,-5.9466,8.6641,-3.3893,0.9541,0.1963,-0.2715,1.3206,3.4962,1.7252,63.81727879847572,77.4481905405913,11.04155943968061,4.11627426685832,0.0583325376557508,0.0574613328443518,5.0,0.0,rest,,,,,0.0
1773519449.2353,4,831,26.0,24.0,0.3135,-0.9604,-0.0002,-3.2748,8.4198,-2.4809,0.96,0.1792,-0.2561,1.3817,3.8855,-0.1298,63.72763469908932,77.71930748541129,9.368682505560749,4.125900287210053,0.1078749422071667,0.0610687413283872,0.0,5.0,rest,,0.4427651800023203,,3.220458984375032,0.0
1773519449.3354,1,836,29.0,23.0,0.3193,-0.967,0.0044,-1.8168,6.0534,-1.0992,0.9707,0.1863,-0.2654,1.7786,2.9695,-0.5344,63.41177250295831,77.88649638722988,6.4150334714637305,3.502417960495292,0.0247899174828214,0.0380710327413524,5.0,-10.0,rest,,0.5728413274785924,,2.52507019042973,0.8694847226142883
1773519449.4354,1,832,27.0,22.0,0.321,-0.9631,-0.0095,-2.8168,3.9466,-1.1985,0.9622,0.2146,-0.2507,1.2366,2.5344,1.0,62.898950412602005,77.9985292707072,4.994638730679127,2.992049952791564,0.0014675870116953,0.0233246710823986,-5.0,-5.0,rest,,0.7013684842981003,,1.4540863037109641,0.0
1773519449.5355,0,827,28.0,22.0,0.3125,-0.9695,-0.0085,-3.3969,8.5649,-1.1069,0.9629,0.1899,-0.2732,0.8092,3.8321,1.1603,62.83763365062797,78.23286716121817,9.280176142186097,4.084861214288682,0.0197297556808695,0.0158905944083687,10.0,20.0,rest,,,,,0.0
1773519449.6356,3,831,29.0,26.0,0.321,-0.9673,-0.0032,-2.8931,6.4427,-1.7481,0.9705,0.1851,-0.2551,1.7023,2.8015,0.6794,62.57943379754803,78.38292259955239,7.275593756525993,3.347807028488948,0.0348200263215359,0.0285095985746486,15.0,25.0,rest,,1.7073490335651487,,7.632354736328164,0.8604970574378967
1773519449.7357,1,826,31.0,27.0,0.3132,-0.9766,0.0073,-3.2748,4.1756,-2.3588,0.9592,0.2007,-0.2568,2.0458,1.8931,-0.1374,62.0926701886544,78.42544530000184,5.807227207540618,2.7906995556670013,0.0269416662267363,0.0466186891929687,15.0,-10.0,rest,,1.393243593534764,,6.027984619140643,0.8494732975959778
1773519449.8357,2,831,32.0,24.0,0.2932,-0.97,-0.03,-5.6718,11.2366,-1.1603,0.9587,0.1909,-0.2583,1.0992,0.9084,0.1069,62.288219680084936,78.3755174022072,12.640284446562111,1.4299855978295726,0.0350401251423326,0.0473711166320822,-5.0,-5.0,rest,,1.2743222756067678,,3.556442260742223,0.0
1773519449.9358,2,827,30.0,26.0,0.3247,-0.9653,-0.0183,-2.7176,4.0763,-1.5115,0.9429,0.1912,-0.2856,1.3435,2.1756,0.4275,61.81370055668541,78.42067363106283,5.127007284956791,2.592486038535213,0.0144882262697643,0.0178759898596236,0.0,-10.0,rest,,,,,0.0
1773519450.0359,0,834,32.0,22.0,0.3062,-0.9634,-0.0012,-2.4733,9.7176,-3.8626,0.9602,0.1821,-0.2727,0.9084,3.4656,0.1221,61.88239023018991,78.61478522792868,10.74563359741993,3.584756941551268,0.0591001102191224,0.0082727138237859,0.0,-5.0,rest,,,,,0.0
1773519450.136,1,831,30.0,25.0,0.3184,-0.98,0.0032,-3.3893,5.4275,-1.9695,0.958,0.1729,-0.2507,0.5725,3.1756,-0.5725,61.536613099918846,78.80099750786148,6.695075876343748,3.277185966648826,0.0319387158331208,0.0624817945756328,-5.0,15.0,rest,,,,,0.0
1773519450.236,1,832,31.0,25.0,0.3223,-0.9646,-0.0229,-2.6412,5.7099,-1.6565,0.9734,0.1885,-0.2683,0.7863,2.5496,0.0992,61.23487249463126,78.90250764556214,6.505604330114152,2.6699379187539174,0.042734064079366,0.0626523500399134,-2.5,10.0,rest,,6.172844182190725,,2.1031646728515963,0.0
1773519450.3361,2,833,29.5,27.0,0.3176,-0.9712,-0.0122,-3.4656,7.1527,-0.7863,0.9597,0.1919,-0.2793,2.2748,1.7863,0.4733,61.073286592709216,78.91055052397444,7.98684971312219,2.930801190800904,0.0300354302469396,0.0773174229020301,-15.0,0.0,rest,,6.0945600168852465,,2.401062011718782,0.9163882732391357
1773519450.4362,1,832,28.0,25.0,0.2878,-0.9819,-0.0125,-2.7176,3.8931,-1.0687,0.9563,0.1768,-0.2788,1.8702,0.8626,-1.0916,60.560042311223135,78.8359614944644,4.866589879987834,2.330947738581884,0.0418154902035594,0.0175651252294273,-2.5,-10.0,rest,,3.699286055269333,,7.7075805664062536,0.845439076423645
1773519450.5363,0,831,29.0,25.0,0.3086,-0.9653,-0.0137,-4.1069,5.5115,-2.3435,0.9561,0.1704,-0.2925,2.3817,3.3359,-3.6947,60.24350965503361,78.99622197927845,7.261904165575307,5.518290658347021,0.0304763317190459,0.0544638555050069,5.0,-5.0,rest,,4.18236835740744,,5.102783203125032,0.8390730619430542
1773519450.6363,1,828,29.0,24.0,0.3364,-0.9595,-0.0295,-5.1221,10.4275,-2.4275,0.9709,0.1841,-0.2629,3.0076,6.2901,-2.3664,60.44677805619432,79.46688052708954,11.868505420228782,7.362802776796347,0.0256758748652075,0.0067073664041106,20.0,-5.0,rest,,6.431682222240566,,0.46937561035160336,0.0
1773519450.7364,1,828,33.0,24.0,0.3044,-0.9607,-0.0352,-2.5573,11.3664,-1.1221,0.9541,0.2275,-0.2634,0.8397,2.9924,-1.9084,60.70314691460324,79.56996930395579,11.70444106568101,3.647128241507282,0.1005076948371086,0.0201992632184999,20.0,5.0,rest,,,,,0.0
1773519450.8365,1,836,33.0,25.0,0.2827,-0.998,0.0071,-3.4656,7.2901,-3.1145,0.9521,0.2068,-0.2969,-0.2061,5.3588,0.5878,60.5198191910386,79.88757025376853,8.651939182634145,5.3948793767794285,0.0786889718090522,0.005222847665417,-20.0,10.0,rest,,2.983064662890058,,5.173965454101568,0.8046106100082397
1773519450.9365,2,832,29.0,26.0,0.3206,-0.9724,-0.022,-2.3817,7.7786,-3.4733,0.96,0.196,-0.2712,2.2137,9.0229,3.2977,60.43658588479047,80.58973838617882,8.845503136622586,9.858398317678182,0.1215930718922464,0.0410365535533396,-10.0,15.0,rest,,5.1989875434032715,,1.3048400878906286,0.9092305898666382
1773519451.0366,1,834,31.0,28.0,0.3359,-0.9551,-0.0327,-1.3893,6.8321,-1.4122,0.9658,0.2017,-0.2175,-0.229,4.4504,5.0153,60.284716145237816,80.87261318752829,7.113512053831075,6.709078569371505,0.0188037353339054,0.0845449806178166,5.0,5.0,rest,,5.1989875434032715,,1.1396026611328391,0.0
1773519451.1367,0,825,30.0,27.0,0.3232,-0.9678,-0.0068,-2.0153,7.7863,-0.2901,0.9927,0.1553,-0.2422,2.3893,2.4198,1.3435,60.21140896428611,80.96903887117921,8.048109081641476,3.656388762153171,0.047295356667566,0.0247502692539569,0.0,10.0,rest,103.04611556655364,5.576785245977127,,5.7379150390625355,0.9102646112442017
1773519451.2368,1,830,31.0,30.0,0.3135,-0.9731,-0.0127,-1.5115,2.5725,-0.3588,0.9695,0.1719,-0.2476,4.3588,0.6489,0.0076,59.61640110158047,80.86783584575015,3.005183179109053,4.406843134262893,0.0117646420611217,0.1092260246494503,0.0,0.0,rest,,5.13410588540665,,0.7640686035156374,0.0
1773519451.3368,1,833,30.0,27.0,0.3315,-0.9675,-0.0002,-4.0687,2.4885,-0.4198,0.9609,0.1799,-0.2605,4.2366,0.9313,-0.5725,59.04621183950455,80.77704249935007,4.78781620156831,4.375369184423184,0.0103653164686234,0.0350172511342783,-5.0,-15.0,rest,,5.060658042396364,,-0.5198059082030948,0.0
1773519451.4369,1,835,30.0,27.0,0.3003,-0.9795,-0.0032,-7.1527,5.7939,-3.8702,0.9705,0.1748,-0.2695,3.6031,0.1221,-2.6489,58.77398315976327,80.60718810034768,9.985431514962183,4.473690783905387,0.0237807920502897,0.0473368770211624,20.0,0.0,rest,,,,,0.0
1773519451.537,0,849,34.0,27.0,0.2964,-0.9736,-0.0222,-4.7099,6.3588,-1.9771,0.9597,0.1929,-0.2908,2.2748,1.916,-3.7634,58.56022685767098,80.58317024285435,8.156372959839441,4.796764597100841,0.0399532944365532,0.0246155824673588,15.0,0.0,rest,,,,,0.0
1773519451.637,2,817,33.0,27.0,0.3127,-0.9668,-0.0286,-3.5954,6.0992,-2.7252,0.97,0.1997,-0.2727,0.8397,2.8931,-1.3511,58.34506091820764,80.67080697345578,7.586425827753145,3.301604899136176,0.0180198827669642,0.0714467274675445,-15.0,-12.5,rest,,,,,0.0
1773519451.7371,3,836,31.0,24.5,0.3281,-0.9592,-0.0347,-3.3817,5.9008,-0.7634,0.9543,0.2007,-0.2507,1.1908,3.374,0.6107,58.13387977771939,80.81606150192877,6.843837745738863,3.629715571501437,0.0102796949715244,0.056211198699505,-15.0,-25.0,rest,,,,,0.0
1773519451.8372,6,847,30.0,22.0,0.2915,-0.9758,-0.0181,-2.3511,7.6718,-0.6565,0.9604,0.1907,-0.271,2.5267,2.9237,1.0687,58.05563300852481,80.90553779159434,8.05078745837946,4.009283510803395,0.0125348361648325,0.0464573154865466,0.0,2.5,rest,136.6703403060939,2.5140151050207313,,-4.968688964843722,0.0
1773519451.9373,4,843,31.0,25.0,0.2893,-0.9746,-0.0217,-3.2214,7.1908,-1.7176,0.9612,0.1831,-0.2742,0.855,3.7863,0.0458,57.92980090014501,81.07982129357373,8.064438750464907,3.881905502456236,0.0256133561410432,0.0218501050490038,0.0,5.0,rest,136.6703403060939,2.7938972113586957,,-5.050598144531229,0.8931788206100464
1773519452.0373,1,831,30.0,23.0,0.3003,-0.9678,-0.0161,-4.542,9.4885,-2.8015,0.959,0.1714,-0.2725,1.0611,4.1832,-1.2366,58.0458063350862,81.29705505601163,10.88622057924604,4.489351290554127,0.0152139916718962,0.0507850629204265,-10.0,0.0,rest,,3.151461762386364,,-1.2434082031249716,0.8708488345146179
1773519452.1374,4,845,29.0,25.0,0.3093,-0.9653,-0.019,-3.4885,5.4427,-2.2595,0.9685,0.1995,-0.2749,-0.3359,3.2901,-0.9618,57.77353874616686,81.4070188714014,6.848208217482877,3.4442192235686737,0.0300344013458075,0.0926537557381823,5.0,10.0,rest,,3.151461762386364,,0.36221313476564987,0.8611018657684326
1773519452.2375,2,841,31.0,25.0,0.3091,-0.9712,-0.0227,-0.145,6.5954,-1.6947,0.9741,0.2061,-0.2642,-0.4656,4.3282,3.9237,57.61741689294641,81.62338831027833,6.811191837703589,5.860505122427589,0.0371668802455127,0.0584944626719785,25.0,5.0,rest,,3.3468228218412914,,3.272644042968782,0.0
1773519452.3376,2,840,34.0,26.0,0.312,-0.9724,-0.0073,-0.0687,5.7023,-1.374,0.9653,0.1873,-0.2502,-0.5496,2.6336,3.5115,57.37966716242,81.69020008286842,5.865903253549278,4.423634407362345,0.0096009852305967,0.0835494425484673,15.0,0.0,rest,,3.1681827804253917,,5.503448486328155,0.9043538570404053
1773519452.4376,3,853,34.0,25.0,0.3142,-0.9678,-0.0042,-2.7176,8.3053,-0.9389,0.9741,0.1501,-0.2358,1.6412,2.8168,0.4809,57.40571448566571,81.81222323028223,8.788907273375912,3.2953246410634573,0.0051880679328908,0.0017860047137852,-10.0,20.0,rest,,2.3248559897649206,,5.531036376953153,0.853862464427948
1773519452.5377,4,856,32.0,30.0,0.2827,-0.9824,-0.0071,-3.0687,8.1527,-0.8855,0.9644,0.1738,-0.2617,3.0153,1.6641,-3.8473,57.37763581124013,81.77819840590561,8.75600064127453,5.163620841037808,0.0374481579600904,0.0622142644560153,-30.0,0.0,rest,,3.5731612934764003,,6.777893066406273,0.0
1773519452.6378,8,837,28.0,25.0,0.2805,-0.9702,-0.0149,-2.0458,4.4885,-1.855,0.9727,0.1836,-0.2693,2.0992,1.7863,-0.9618,56.99242822442344,81.74719311684775,5.270005207777313,2.919343688228572,0.0071624694881433,0.0029184031400364,5.0,-15.0,rest,,3.5731612934764003,,6.777893066406273,0.0
1773519452.7378,3,839,33.0,27.0,0.3113,-0.9719,-0.0256,-4.2137,5.5878,-2.1985,0.9661,0.1721,-0.2588,1.374,2.7099,-1.6031,56.75527434475617,81.82115510452824,7.335678481231303,3.435311284294336,0.0516215975043921,0.0305839409047414,15.0,25.0,rest,,,,,0.0
1773519452.8379,2,837,31.0,30.0,0.3062,-0.9731,-0.0217,-4.3664,4.6565,-2.1756,0.9658,0.1733,-0.2776,3.1145,2.2824,-2.8244,56.42576304413471,81.83403686606457,6.7440104218484125,4.784004114755756,0.0021532961881742,0.0230678264451167,-20.0,0.0,rest,,,,,0.0
1773519452.938,0,862,29.0,27.0,0.312,-0.9722,-0.0227,-3.8397,7.7328,-1.9084,0.959,0.2031,-0.28,1.8397,2.6794,-2.0687,56.41082251023304,81.86325751805126,8.842029319675433,3.852687391938256,0.0323490114370239,0.0321483253427246,5.0,-35.0,rest,,,,,0.0
1773519453.0381,1,840,32.0,23.0,0.3098,-0.9788,-0.0193,-3.3969,9.0305,-1.6336,0.9719,0.196,-0.2646,0.6336,3.8244,0.7023,56.51879300606092,82.02644949715291,9.78557657064723,3.939633182163029,0.0045706297644187,0.0176672075923856,25.0,-20.0,rest,,1.4882070297905825,,7.263824462890671,0.0
1773519453.1381,2,840,34.0,23.0,0.3098,-0.9741,-0.0073,-2.145,6.0382,-0.7176,0.9663,0.178,-0.2583,1.9466,2.0534,0.9542,56.33300340643635,82.02745144651303,6.447932536867922,2.9860007970528075,0.0463525304577716,0.1022481539104136,20.0,0.0,rest,102.86597587493605,3.25725978210396,,4.351730346679714,0.9344068765640259
