video_t,knee_angle,shin_angle_vertical,trunk_lean,ankle_y_norm,ankle_disp_px,near_visibility
1773519319.0232,172.2803944351171,32.25252031800526,-0.6339904379505668,,,0.0
1773519319.0548,175.86485184613767,30.05956322591735,-0.6339904379505668,0.8064594904581706,,0.8143901824951172
1773519319.0908,175.317039383892,24.063153807078333,-0.6339904379505668,0.7732200622558594,,0.8511940240859985
1773519319.1227,174.7692269216463,24.98470019750933,-0.6339904379505668,0.7874224344889323,-1.1087646484374858,0.8317656517028809
1773519319.1547,174.7692269216463,21.533623561486408,-2.9102790165494055,0.7814478556315104,-0.9999999999999698,0.9178124070167542
1773519319.1907,173.3516234604277,18.066744388239314,,0.7897323608398438,-1.1087646484374858,0.8828346133232117
1773519319.2226,173.3516234604277,18.066744388239314,,0.7892791748046875,-1.584671020507784,0.8501451015472412
1773519319.2547,173.3516234604277,16.721832478424254,1.162923687345375,0.7935001373291015,-1.1087646484374858,0.8756020069122314
1773519319.2907,176.0620854925929,11.828309015271778,1.1348067331824176,0.7917153040568033,-1.6359252929687251,0.8696891665458679
1773519319.3227,177.22906385623125,8.414760818545913,1.1348067331824176,0.7894574483235677,-2.0605773925780824,0.727125883102417
1773519319.3547,177.22906385623125,8.414760818545913,1.1348067331824176,0.7908306121826172,-1.6359252929687251,0.7067263126373291
1773519319.3907,176.0620854925929,10.857510506974577,1.1066897790194605,0.7947657267252605,-1.6359252929687251,0.8190460801124573
1773519319.4227,173.36029744805285,10.857510506974577,-6.520488396496954,0.771792221069336,-3.5247802734375,0.8515539169311523
1773519319.4547,173.36029744805285,11.657216578294415,-14.147666572013367,0.8133767445882162,-9.425628662109364,0.6856862902641296
1773519319.4907,171.65556738765446,11.657216578294415,-14.147666572013367,0.8217171351114909,-9.425628662109364,0.5776501893997192
1773519319.5226,171.65556738765446,11.657216578294415,-14.147666572013367,0.8070591608683269,-9.425628662109364,0.8314763903617859
1773519319.5547,171.65556738765446,5.178795422333795,,0.7910326639811198,-1.7329101562499893,0.8258277773857117
1773519319.5907,166.26268430498266,3.589980547353342,,0.7489205678304036,3.6131896972656374,0.887726902961731
1773519319.6226,154.08466062598012,2.456052426512671,,0.7687572479248047,13.720092773437527,0.8430636525154114
1773519319.6547,139.83644413219434,2.456052426512671,,,14.005798339843789,0.0
1773519319.6907,130.14148144337497,3.8342403011771937,,0.7337936401367188,12.673828125000037,0.9236720204353333
1773519319.7226,127.90959465201054,4.7575414217019345,,0.7675668080647786,15.816955566406286,0.9184334874153137
1773519319.7547,127.90959465201054,4.7575414217019345,,0.7544704437255859,15.816955566406286,0.9404916167259216
1773519319.7907,124.91186050223831,5.387350812445048,,,12.673828125000037,0.0
1773519319.8227,127.90959465201054,4.7575414217019345,,,15.816955566406286,0.0
1773519319.8547,,,,,,0.0
1773519319.8907,,,,,,0.0
1773519319.9227,,,,,,0.0
1773519319.9547,,,,,,0.0
1773519319.9907,,,,,,0.0
1773519320.0226,,,,,,0.0
1773519320.0547,98.42086461270897,4.147100706671049,,,16.064331054687546,0.0
1773519320.0907,102.73691713529672,2.511281713262365,,,16.28689575195315,0.0
1773519320.1226,104.62180740903034,2.6023974373029124,,0.753955078125,16.509460449218754,0.8384414911270142
1773519320.1547,105.83327117960896,2.1929693716448195,,0.7530277252197266,16.28689575195315,0.8420602083206177
1773519320.1907,107.04473495018757,1.783541305986727,,0.7412819544474284,16.509460449218754,0.8442822098731995
1773519320.2227,107.05296965788446,1.0665403666626194,,0.7550169626871744,18.11297607421876,0.7903954386711121
1773519320.2547,107.04473495018757,1.0665403666626194,,0.7496870676676433,19.473388671875025,0.843194842338562
1773519320.2907,107.28542660497902,1.0665403666626194,,0.743038558959961,18.11297607421876,0.8308411240577698
1773519320.3227,107.72415728477986,1.0665403666626194,,0.7468528747558594,18.11297607421876,0.8465700149536133
1773519320.3547,111.36776522312863,1.4998443051836992,,0.7510870615641276,17.897033691406286,0.8347259163856506
1773519320.3907,111.36776522312863,1.4998443051836992,,0.757356834411621,17.897033691406286,0.7842548489570618
1773519320.4227,111.36776522312863,1.4998443051836992,,0.7501369476318359,17.897033691406286,0.796263575553894
1773519320.4547,110.52700082805526,0.5123129121611075,,0.7448932647705078,17.897033691406286,0.7703978419303894
1773519320.4908,109.54327820797462,0.4421579979466035,,0.7463158925374349,17.897033691406286,0.7361095547676086
1773519320.5227,108.77590804332921,0.3852386867547651,,0.759140141805013,13.575500488281289,0.7254045605659485
1773519320.5547,107.54957650014781,0.3125503265279428,,0.7672328948974609,11.633239746093782,0.8126683235168457
1773519320.5908,108.04143781018813,0.41369834235068426,,0.7894503275553385,11.633239746093782,0.8443881869316101
1773519320.6227,110.9112254365628,4.519968957380549,,,13.138351440429723,0.0
1773519320.6547,111.27978873615848,5.026082136559779,,0.7528688430786132,14.361618041992221,0.775325357913971
1773519320.6908,111.27978873615848,5.026082136559779,,0.7520818074544271,14.361618041992221,0.9262485504150391
1773519320.7228,106.29300139151232,3.213162815382065,,0.7621359507242839,16.58572387695317,0.8933853507041931
1773519320.7547,104.81570817545638,3.213162815382065,,0.7632524490356445,16.963500976562518,0.829293429851532
1773519320.7907,103.36347031437406,2.5096614957401204,,0.7512396494547526,12.137512207031271,0.847507894039154
1773519320.8227,102.55461059369243,3.213162815382065,,0.7514599482218425,16.90615844726567,0.8280729055404663
1773519320.8547,102.55461059369243,4.300523663971217,,0.7648461659749349,17.261993408203136,0.8693064451217651
1773519320.8908,103.36347031437406,4.300523663971217,,0.7522012710571289,17.261993408203136,0.7829192876815796
1773519320.9227,103.6836874477826,3.928544665623091,,0.7222657521565755,31.27520751953128,0.6979650259017944
1773519320.9548,104.0902529945836,4.508213079932627,,0.7139258702596029,32.708862304687514,0.748559832572937
1773519320.9908,104.98702326280394,4.097254702218651,,0.7162921905517579,34.51251220703125,0.7242005467414856
1773519321.0227,104.98702326280394,4.097254702218651,,,34.51251220703125,0.0
1773519321.0547,104.25422918417081,4.642744559773379,,0.7147505442301433,33.77523803710939,0.7050589323043823
1773519321.0908,103.5476616497208,5.523198700623006,,0.717822519938151,32.74304199218753,0.7322529554367065
1773519321.1227,103.03123038411832,6.026873020513463,,0.720593007405599,32.07812500000003,0.7079415917396545
1773519321.1547,102.55755423711146,6.511991168288757,,0.7316368103027344,26.777099609375004,0.7173895239830017
1773519321.1868,103.03123038411832,6.511991168288757,,0.7461140950520834,24.44219970703127,0.7412161231040955
1773519321.2227,103.5013556716982,6.511991168288757,,0.7365011850992839,24.44219970703127,0.8027037382125854
1773519321.2547,102.55755423711146,6.511991168288757,,0.7415061314900716,22.039825439453153,0.7640323042869568
1773519321.2868,102.55755423711146,5.9215266039672585,,0.7314680735270183,22.039825439453153,0.73639976978302
1773519321.3228,103.5013556716982,5.629214238593063,,0.7510290145874023,22.039825439453153,0.7049729228019714
1773519321.3548,102.74025579489353,5.775370421280161,,0.7483400344848633,22.80882263183595,0.7224750518798828
1773519321.3868,103.28009450429668,5.5417685352007195,,0.7296164830525717,19.5852508544922,0.7430915832519531
1773519321.4227,104.82669059054949,4.451990861317572,,,19.5852508544922,0.0
1773519321.4547,104.82669059054949,4.451990861317572,,0.7448996225992839,17.53994750976564,0.8099110126495361
1773519321.4868,103.22395027744773,4.86024796875863,,0.7568621317545573,12.820663452148473,0.7934146523475647
1773519321.5228,101.37555246430098,5.978524681316297,,0.7693096160888672,10.972381591796925,0.7940185070037842
1773519321.5547,101.37555246430098,5.978524681316297,,0.7645633061726888,8.694152832031286,0.7805360555648804
1773519321.5868,101.37555246430098,5.978524681316297,,0.7757783889770508,6.179016113281275,0.8092803955078125
1773519321.6228,101.53754867431256,4.952781334623867,,0.7745494842529297,6.179016113281275,0.7998301386833191
1773519321.6548,103.68918697780862,1.6877976146301892,,0.780711555480957,6.179016113281275,0.8675636053085327
1773519321.6868,103.86774536869572,1.6877976146301892,,0.7577287673950195,6.179016113281275,0.8049646019935608
1773519321.7228,105.90351876669367,1.1678594240340634,,0.7744926452636719,3.221221923828139,0.8490826487541199
1773519321.7548,104.8856320676947,1.4278285193321263,,0.7876430511474609,3.0545654296875213,0.8374987840652466
1773519321.7868,106.57084450003185,1.8593713764556317,,0.7876248677571615,3.0545654296875213,0.8365981578826904
1773519321.8228,109.90486620915735,3.0807409248424804,,,8.475112915039098,0.0
1773519321.8547,109.54503931523453,2.389228972420912,,0.7345171610514323,15.192398071289084,0.8708165287971497
1773519321.8868,111.80971618062352,3.1979578816332266,,0.7519070307413737,16.81684875488284,0.8733315467834473
1773519321.9228,111.04787017630241,2.7853172424586927,,0.7596361796061198,16.586303710937518,0.8211613297462463
1773519321.9548,109.58786553603208,1.5464388799103548,,0.7528676350911458,13.33740234375,0.866135835647583
1773519321.9868,107.89728663064517,1.5464388799103548,,0.7745120366414388,6.196990966796925,0.8682036399841309
1773519322.0228,109.58786553603208,1.5464388799103548,,0.7837759017944336,6.196990966796925,0.8402872681617737
1773519322.0548,109.58786553603208,1.266601278927729,,0.794928232828776,6.196990966796925,0.8203122019767761
1773519322.0868,109.0058826960546,1.266601278927729,,0.7643320719401042,4.604248046875039,0.8799616694450378
1773519322.1228,109.0058826960546,1.8160188456254769,,0.7583109537760416,4.604248046875039,0.8792142868041992
1773519322.1548,109.0058826960546,1.6299422968459427,,0.7778302510579427,11.0833740234375,0.8529333472251892
1773519322.1868,106.99258475853878,1.8160188456254769,,0.7825392405192058,4.604248046875039,0.8455283641815186
1773519322.2228,106.0606713290594,3.4509331930203686,,0.7605558395385742,4.604248046875039,0.8030879497528076
1773519322.2548,105.90414480071524,3.6725700570960296,,0.7785088857014973,7.749450683593757,0.7568856477737427
1773519322.2868,105.65451945890507,3.6725700570960296,,0.7712777455647787,9.401428222656278,0.6817575693130493
1773519322.3228,105.65451945890507,3.6725700570960296,,0.7664757410685221,7.749450683593757,0.7510390877723694
1773519322.3548,105.65451945890507,3.03825973029826,,0.7678361256917318,7.749450683593757,0.800136148929596
1773519322.3868,107.09930382383833,1.1520019006864717,,0.7745461781819661,7.345153808593778,0.8159078359603882
1773519322.4228,109.77682135864157,1.1520019006864717,,0.7721200307210286,6.180603027343778,0.8798579573631287
1773519322.4548,112.16678916367806,1.1520019006864717,,0.77681884765625,5.7022094726562855,0.881782054901123
1773519322.4868,112.16678916367806,1.8391039584758941,,0.7755428314208984,5.0897216796875355,0.921719491481781
1773519322.5229,112.16678916367806,2.048636554019718,,0.788724136352539,3.787994384765625,0.9016137719154358
1773519322.5548,112.16678916367806,4.1992462499435925,,0.7905062357584636,3.787994384765625,0.8953686952590942
1773519322.5868,114.0927161377819,4.284122670147843,,0.7795307795206706,3.0889892578125,0.8735694885253906
1773519322.6228,112.55087772330715,4.5283774871164,,0.7775195439656576,3.787994384765625,0.9064252972602844
1773519322.6548,112.55087772330715,4.5283774871164,,0.780987040201823,4.753387451171882,0.8959070444107056
1773519322.6869,112.55087772330715,4.5283774871164,,0.7658629099527995,8.919097900390671,0.8949960470199585
1773519322.7229,106.8899836955078,2.4959084559082627,,0.7688409805297851,10.348571777343771,0.8789709806442261
1773519322.7548,106.6207768495912,2.25671570301733,,0.7622417449951172,12.086730957031264,0.9323391914367676
1773519322.7868,105.9061595311027,1.2907203771903193,,0.7568920771280925,13.191650390625043,0.9369506239891052
1773519322.8229,105.75784843586021,0.9530683714656701,,0.7486590703328451,13.191650390625043,0.9304835796356201
1773519322.8548,105.75784843586021,0.9530683714656701,,0.7599398295084635,13.191650390625043,0.9283352494239807
1773519322.8869,105.75784843586021,0.9530683714656701,,0.7609534581502279,12.705108642578153,0.9254013895988464
1773519322.9228,105.75784843586021,1.697115246482516,,0.7808840433756511,10.314849853515664,0.9019166827201843
1773519322.9548,105.75784843586021,2.269405651853857,,0.7837834676106771,9.503967285156278,0.9292817711830139
1773519322.9869,104.88134646166532,2.4909666210149166,,0.7659331639607747,6.637725830078143,0.92792147397995
1773519323.0228,104.88134646166532,3.324125687352741,,0.7676225026448568,6.637725830078143,0.9372941255569458
1773519323.0548,104.88134646166532,3.754133035547346,,0.7735938390096029,6.637725830078143,0.9404774308204651
1773519323.0868,104.88134646166532,4.244908964601131,,0.7973011016845704,1.5416259765625284,0.9463008642196655
1773519323.1229,106.48740871619572,5.535586934631305,,0.7842107137044271,1.4199218750000142,0.9471805691719055
1773519323.1549,106.72331182484949,5.557138725969942,,0.7844642639160156,-4.02557373046875,0.9455677270889282
1773519323.1869,107.92812319023571,5.557138725969942,,0.7958090464274089,-1.066070556640586,0.9370304942131042
1773519323.2229,107.92812319023571,5.876490883576846,,0.796755027770996,-4.02557373046875,0.9337599277496338
1773519323.2549,110.21957753345475,6.274375353617226,,0.7896434148152669,-4.02557373046875,0.9403320550918579
1773519323.2869,110.21957753345475,6.274375353617226,,0.7982343037923177,-3.0068359374999964,0.94129878282547
1773519323.3229,110.6516673618808,6.274375353617226,,0.7909340540568034,-3.0068359374999964,0.9421365857124329
1773519323.3548,110.6516673618808,6.961370236965378,,0.7936866760253907,-3.0068359374999964,0.9450514912605286
1773519323.3869,111.37224941110901,6.965148536362301,,0.7973024368286132,-3.0068359374999964,0.9455468654632568
1773519323.4229,111.37224941110901,6.965148536362301,,0.7889767964680989,-4.227996826171854,0.9448251128196716
1773519323.4548,110.41152132748645,6.965148536362301,,0.7993612925211588,-4.227996826171854,0.9482771754264832
1773519323.4869,110.35784698005669,6.961370236965378,,0.7962307612101237,-3.8022766113281037,0.9418234825134277
1773519323.5229,110.41152132748645,6.965148536362301,,0.7953438440958659,-4.227996826171854,0.9348379969596863
1773519323.5548,110.41152132748645,6.958957159127107,,0.7940642038981119,-4.227996826171854,0.9498490691184998
1773519323.5869,112.58620884060653,6.235631364759739,,0.7980165481567383,-5.08517456054685,0.9632418155670166
1773519323.623,112.58620884060653,6.076401740666929,,0.7982240041097005,-5.135589599609336,0.9597492814064026
1773519323.6549,114.97757397244858,6.068618734287036,,0.7981215794881185,-5.184753417968722,0.959480345249176
1773519323.687,114.61319614603121,5.826445484446678,,0.8003339131673177,-5.184753417968722,0.9550939202308655
1773519323.7229,114.61319614603121,5.600119273003623,,0.8030801137288411,-6.197509765624982,0.9603912234306335
1773519323.7549,111.62282475622344,5.282174673544338,,0.7969143549601237,-7.515686035156222,0.9578453898429871
1773519323.787,111.62282475622344,3.0633274592385296,,0.8066116333007812,-8.18258666992186,0.9734715819358826
1773519323.823,105.45918106295042,1.9302978261538144,,0.804632568359375,-8.260864257812486,0.9457980394363403
1773519323.8549,105.45918106295042,1.0575897334759348,,0.8044694900512696,-8.260864257812486,0.9697191715240479
1773519323.8869,105.28404739885065,1.0575897334759348,,0.8097669601440429,-8.18258666992186,0.9638913869857788
1773519323.9229,100.81731153657925,0.9239303349721245,,0.7946305592854818,-6.768859863281218,0.9761756062507629
1773519323.9549,100.81731153657925,0.9239303349721245,,0.8015242258707682,-5.042541503906239,0.9619983434677124
1773519323.9869,100.81731153657925,1.2787481307154092,,0.7944641749064127,-5.042541503906239,0.9548735618591309
1773519324.023,98.75718776079174,1.891000874959227,,0.797927729288737,-5.067260742187489,0.9619816541671753
1773519324.0549,98.75718776079174,3.8579464783414354,,0.8008146286010742,-5.067260742187489,0.9723943471908569
1773519324.087,97.44489879540873,4.686813588962959,,0.797979227701823,-6.4282531738281,0.9701449871063232
1773519324.123,97.44489879540873,4.686813588962959,,0.8038457234700521,-7.883178710937493,0.9578796625137329
1773519324.1549,98.72590344050319,3.8579464783414354,,0.8115029652913411,-7.883178710937493,0.9553978443145752
1773519324.1869,98.72590344050319,3.745784224439044,,0.8050647735595703,-7.883178710937493,0.9554885029792786
1773519324.223,100.43969003774548,2.59802708337083,,0.7961036046346028,-8.468322753906214,0.9416494369506836
1773519324.2549,100.43969003774548,2.376161197823324,,0.7990469614664714,-8.468322753906214,0.9454359412193298
1773519324.2872,98.72590344050319,1.939199474363783,,0.835581652323405,-10.67211914062499,0.8921249508857727
1773519324.3229,98.12889567409752,1.75883440289552,,0.8137163798014323,-10.67211914062499,0.9256228804588318
1773519324.3549,98.12889567409752,1.939199474363783,,0.8096560160319011,-12.621093749999979,0.9413508176803589
1773519324.3869,98.12889567409752,1.939199474363783,,0.8076319376627604,-12.621093749999979,0.9511280655860901
1773519324.4229,98.13451947317549,1.9931606129437343,,0.8151472091674805,-12.546874999999993,0.9403296113014221
1773519324.4549,98.17304252416805,1.9931606129437343,,0.8161240895589192,-13.307891845703121,0.9522377252578735
1773519324.4869,98.59678370845943,1.9931606129437343,,0.813561757405599,-13.776794433593711,0.9558829665184021
1773519324.5229,99.28263170237535,2.0047418879749763,,0.8344246546427408,-13.776794433593711,0.911636471748352
1773519324.5549,101.19321282480573,2.028985777710261,,0.8256212870279948,-18.335449218749957,0.9202765822410583
1773519324.587,102.35746373794188,1.6594341591794821,,0.8098421732584635,-22.561065673828082,0.948840856552124
1773519324.6232,101.69114195794835,1.6594341591794821,,0.8416343688964844,-18.335449218749957,0.8978380560874939
1773519324.6549,101.69114195794835,1.382394852410552,,0.8368560791015625,-14.651123046874961,0.8801440596580505
1773519324.6872,102.30618531404217,1.382394852410552,,0.8155954996744792,-14.651123046874961,0.9012179374694824
1773519324.7229,101.69114195794835,0.9990484637486796,,0.8179456075032552,-14.0252990722656,0.891851007938385
1773519324.7549,101.62204303178156,0.9990484637486796,,0.8166418075561523,-14.0252990722656,0.9026128649711609
1773519324.7872,100.43423285999633,0.8657258651655996,,0.8149842580159505,-14.5727844238281,0.9076680541038513
1773519324.823,100.43423285999633,1.0247374850728435,,0.8177824020385742,-14.5727844238281,0.9130329489707947
1773519324.8549,100.43423285999633,1.0247374850728435,,0.8185471216837565,-14.5727844238281,0.9071502685546875
1773519324.8869,101.6622807787052,1.0762579821650196,,0.84312744140625,-14.5727844238281,0.894153356552124
1773519324.923,101.90017411653521,1.1208018785126979,,0.8174460728963217,-14.411346435546868,0.9125582575798035
1773519324.9549,101.90017411653521,1.1208018785126979,,0.8109421412150065,-14.411346435546868,0.9082076549530029
1773519324.9869,101.6622807787052,1.1208018785126979,,0.8103563944498698,-14.411346435546868,0.906334400177002
1773519325.023,100.88034572394875,1.3865572708716114,,0.8177576065063477,-14.56088256835935,0.9170812368392944
1773519325.0549,100.77347571469579,1.3865572708716114,,0.8324117024739583,-14.56088256835935,0.9142781496047974
1773519325.087,100.77347571469579,1.3865572708716114,,0.8323891957600912,-14.56088256835935,0.898443341255188
1773519325.123,100.88034572394875,1.6425796890528814,,0.8090665181477864,-12.058349609374961,0.9095026850700378
1773519325.1549,101.04167243937871,1.9757019850521114,,0.8085519154866536,-11.582641601562482,0.8962951898574829
1773519325.187,101.65696988559635,2.542452651181245,,0.8125439961751302,-11.582641601562482,0.8925576210021973
1773519325.223,101.79813836965918,2.7459713294357515,,0.8115529378255208,-12.058349609374961,0.8936752676963806
1773519325.255,103.39651241348741,3.9431602112312416,,0.8315853118896485,-12.058349609374961,0.8582349419593811
1773519325.2869,104.99488645731564,3.9431602112312416,,0.8277442296346028,-14.223114013671836,0.8627287149429321
1773519325.323,105.41252891904296,4.365723969974136,,0.8118241628011068,-19.354461669921825,0.8543010950088501
1773519325.355,104.39107035509807,3.9431602112312416,,0.8170539220174153,-19.354461669921825,0.8454217910766602
1773519325.3869,103.3860390071636,3.724426754072578,,0.8356627782185873,-20.696716308593732,0.8050814867019653
1773519325.423,103.82010868490136,2.595091251578723,,0.8333096186319987,-20.696716308593732,0.8935277462005615
1773519325.455,103.9507879325586,1.9648072739409808,,0.8305405934651693,-20.696716308593732,0.8837472200393677
1773519325.487,104.08146718021582,1.9648072739409808,,0.8242594401041666,-17.681762695312457,0.896984875202179
1773519325.523,104.18319031292444,2.336425403642628,,0.8023719787597656,-8.070037841796847,0.9071015119552612
1773519325.555,104.18319031292444,2.4270801501922334,,0.8042350133260091,-7.817138671874968,0.8849794864654541
1773519325.587,104.27630907325698,2.4270801501922334,,0.8037081400553385,-7.175781249999975,0.8925632238388062
1773519325.6231,104.30039782002449,2.4915152968125125,,0.7995044072469075,-5.8596191406249964,0.8986402153968811
1773519325.655,104.18319031292444,2.9932057235089986,,0.7944970448811849,-5.8596191406249964,0.8958458304405212
1773519325.687,105.29694645756288,2.9932057235089986,,0.7996299743652344,-5.799346923828086,0.8897430896759033
1773519325.7231,105.4675147508471,2.9932057235089986,,0.8006258646647135,-5.7121276855468395,0.8787940144538879
1773519325.755,104.12192439237165,2.4845302973856147,,0.7993227005004883,-5.8596191406249964,0.8868622183799744
1773519325.7869,103.73371612898544,2.4109615878795045,,0.7972117741902669,-6.337646484374968,0.9113476872444153
1773519325.823,103.73371612898544,2.3203413555333845,,0.8256359100341797,-9.240447998046868,0.869275689125061
1773519325.855,104.12192439237165,2.3203413555333845,,0.8070124944051107,-9.403228759765607,0.8652125597000122
1773519325.887,104.13310529305447,2.3203413555333845,,0.8066733678181967,-18.342468261718725,0.8745254278182983
1773519325.9231,104.5324944571235,2.8205035256919397,,0.8280143102010091,-19.484100341796857,0.851082444190979
1773519325.955,104.97737779709257,2.8205035256919397,,0.832313346862793,-20.759460449218725,0.8350130319595337
1773519325.987,104.97737779709257,2.8205035256919397,,0.8308460871378581,-20.759460449218725,0.8383997678756714
1773519326.019,104.75493612710804,2.5810062997322873,,0.8306713104248047,-20.759460449218725,0.8402323126792908
1773519326.055,104.97737779709257,2.5605210472786735,,0.8302081425984701,-20.537139892578118,0.826444149017334
1773519326.087,104.97737779709257,2.5605210472786735,,0.8258885701497396,-18.463745117187482,0.8464217185974121
1773519326.119,,2.5605210472786735,,0.8248647054036459,-17.972290039062493,0.8400984406471252
1773519326.155,102.59664437022745,2.5605210472786735,,0.8232734680175782,-17.208496093749996,0.8259642720222473
1773519326.187,102.5268140826235,2.24918926031643,,0.8200307846069336,-15.65200805664059,0.8230072259902954
1773519326.2191,102.59664437022745,1.6078597559955639,,0.8176151275634765,-15.65200805664059,0.903934121131897
1773519326.255,102.61549883962107,1.294396020222589,,0.81856263478597,-15.65200805664059,0.9004119634628296
1773519326.287,102.63435330901468,1.294396020222589,,0.8209842681884766,-14.947296142578086,0.8880478143692017
1773519326.319,102.97588382738459,1.294396020222589,,0.8202098846435547,-14.947296142578086,0.8760853409767151
1773519326.355,103.3036068704271,1.4956289499001447,,0.818106206258138,-15.059204101562464,0.8693887591362
1773519326.387,103.3036068704271,1.70218516563539,,0.8127888997395833,-14.728210449218722,0.8680792450904846
1773519326.4191,103.42091066688916,1.7804100811957526,,0.8187957763671875,-14.728210449218722,0.8518828749656677
1773519326.455,103.3036068704271,1.7804100811957526,,0.8165854771931966,-15.059204101562464,0.879783034324646
1773519326.487,103.27873528565607,2.0741902710291678,,0.8188065846761068,-15.059204101562464,0.871835470199585
1773519326.5191,103.01678490369939,2.203977613002065,,0.8276539484659831,-15.064392089843732,0.8682446479797363
1773519326.5551,103.72980613469032,2.203977613002065,,0.805133056640625,-15.064392089843732,0.8894215822219849
1773519326.587,103.25386370088505,2.203977613002065,,0.8259461720784506,-10.124084472656207,0.8732843399047852
1773519326.619,103.68808100320273,2.507050513979418,,0.8052116394042969,-10.124084472656207,0.915736198425293
1773519326.6551,103.68808100320273,3.376431691807695,,0.8085142771402994,-10.866363525390579,0.8814496397972107
1773519326.687,105.19304656387358,3.376431691807695,,0.810060691833496,-10.703002929687493,0.8758795261383057
1773519326.7191,,3.376431691807695,,0.8127329508463542,-10.866363525390579,0.8704785108566284
1773519326.755,,1.811974020849306,,0.8097203572591146,-10.866363525390579,0.9338796138763428
1773519326.787,104.72617151207088,1.7089771483318228,,0.8101093292236328,-10.703002929687493,0.9204654097557068
1773519326.8191,105.07017390385876,1.7089771483318228,,0.8065502166748046,-10.703002929687493,0.919607400894165
1773519326.855,104.72617151207088,1.7089771483318228,,0.8082754770914714,-10.889709472656204,0.9320092797279358
1773519326.887,104.62320899382536,1.4030279066763045,,0.8118199666341146,-11.125366210937475,0.9253555536270142
1773519326.9191,104.72617151207088,1.7089771483318228,,0.8138743082682292,-11.710815429687482,0.9280969500541687
1773519326.955,105.29744658905976,1.733870238062219,,0.8106002807617188,-11.710815429687482,0.9363982677459717
1773519326.987,105.29744658905976,1.733870238062219,,0.8134045918782552,-11.125366210937475,0.929778516292572
1773519327.0191,105.40901659230781,1.8378071110006924,,0.7953664779663085,-9.997222900390597,0.8983722925186157
1773519327.055,106.54505563833018,1.9215507093306927,,0.7969895680745442,-9.453674316406211,0.9053861498832703
1773519327.0871,106.55506765465171,2.1557711402919812,,0.8082499821980794,-7.929870605468743,0.9048869609832764
1773519327.1191,106.56507967097323,2.3481213372777803,,0.8071175893147786,-7.929870605468743,0.9081616997718811
1773519327.155,106.56507967097323,2.3481213372777803,,0.8039429982503256,-7.929870605468743,0.9013838768005371
1773519327.1871,106.56507967097323,2.5082953874948206,,0.8028015772501628,-7.381988525390604,0.9072992205619812
1773519327.219,106.89907280816287,2.516880995949394,,0.8016693751017253,-7.381988525390604,0.9040606617927551
1773519327.2551,106.89907280816287,2.516880995949394,,0.8014581044514973,-7.381988525390604,0.9114865064620972
1773519327.287,106.89907280816287,2.516880995949394,,0.8034957885742188,-7.715209960937486,0.899250864982605
1773519327.3191,106.37299346126966,2.3313111637763115,,0.8075153986612956,-7.715209960937486,0.9053800702095032
1773519327.3551,102.95129382478868,2.3313111637763115,,0.8062969207763672,-9.059753417968714,0.9125787019729614
1773519327.3871,102.87811462666158,2.1985632571341727,,0.8019173940022787,-9.059753417968714,0.9194275736808777
1773519327.4191,102.95129382478868,2.1985632571341727,,0.8267943700154622,-9.059753417968714,0.8622097969055176
1773519327.4551,103.65296538811405,2.799658025994148,,0.801974360148112,-16.602630615234375,0.901764452457428
1773519327.4871,104.35463695143943,2.799658025994148,,0.8266823450724284,-18.384582519531225,0.8855368494987488
1773519327.5191,104.44232889531608,2.799658025994148,,0.8220112482706706,-17.494689941406225,0.8946284651756287
1773519327.5551,104.55910951362861,2.799658025994148,,0.8257236480712891,-17.494689941406225,0.8736481666564941
1773519327.5871,104.44232889531608,2.654765150689726,,0.8238697052001953,-17.494689941406225,0.8550350069999695
1773519327.6191,104.78284170748934,2.5445687922257036,,0.8083875020345052,-18.384582519531225,0.9024200439453125
1773519327.6551,104.51570173344572,2.361098912238163,,0.8300331751505534,-19.674377441406214,0.8192011713981628
1773519327.687,103.55571073774588,2.356868329014623,,0.8326525370279948,-19.674377441406214,0.8190958499908447
1773519327.7191,103.90804894722883,2.361098912238163,,0.8284107208251953,-19.674377441406214,0.8446362614631653
1773519327.7551,103.61458252175711,2.5445687922257036,,0.8247567494710286,-17.92047119140621,0.8509808778762817
1773519327.7871,103.82033109509277,2.6910238966207856,,0.8209551493326823,-16.09570312499999,0.8639035224914551
1773519327.8191,103.3211160962854,2.6910238966207856,,0.8174525578816731,-14.873321533203097,0.8546726107597351
1773519327.8551,103.3211160962854,2.6910238966207856,,0.8149155934651693,-14.414459228515586,0.8249036073684692
1773519327.8871,103.01080993918197,2.4070580169727602,,0.8184085210164388,-13.196716308593732,0.84055095911026
1773519327.9191,102.22490168865124,2.1013854306006623,,0.7990245819091797,-7.713623046874982,0.9029621481895447
1773519327.9551,101.74929959522392,1.4432019339769235,,0.8007773081461589,-7.713623046874982,0.8834846615791321
1773519327.9871,100.87327533060113,1.3115003460117585,,0.8034924825032552,-7.713623046874982,0.9262339472770691
1773519328.0191,99.99725106597833,1.0084122307014791,,0.8082626978556315,-9.275146484374961,0.9015540480613708
1773519328.0551,99.99725106597833,0.7129831993211815,,0.8067456563313802,-10.003326416015614,0.8882148861885071
1773519328.0871,,0.7129831993211815,,0.8128979365030925,-10.003326416015614,0.9126348495483398
1773519328.1192,,1.3115003460117585,,0.8123883565266927,-9.86187744140624,0.9178950786590576
1773519328.1551,97.77135318122176,0.5736930783077484,,0.806717046101888,-9.86187744140624,0.8886169791221619
1773519328.1871,98.92580476343733,0.4827047433147013,,0.807968012491862,-9.86187744140624,0.8790827989578247
1773519328.2191,100.0802563456529,0.8790435031411522,,0.807427724202474,-9.86187744140624,0.947827935218811
1773519328.2552,100.09309356858748,0.8790435031411522,,0.8090579986572266,-9.86187744140624,0.9476695656776428
1773519328.2871,100.10593079152207,0.8790435031411522,,0.8132982889811198,-9.812347412109332,0.9206402897834778
1773519328.3191,101.29924113920882,0.8790435031411522,,0.8078648249308268,-9.815795898437454,0.9232263565063477
1773519328.3552,101.29924113920882,0.8790435031411522,,0.803695805867513,-9.812347412109332,0.9264647960662842
1773519328.3871,101.42934198246381,0.9164406855933234,,0.8078720092773437,-9.812347412109332,0.9307647943496704
1773519328.4192,101.42934198246381,1.0880547233428157,,0.806742795308431,-9.815795898437454,0.9298586249351501
1773519328.4551,101.42934198246381,1.0880547233428157,,0.8104475657145183,-11.05206298828124,0.912574827671051
1773519328.4871,101.53031163273009,1.0894770558931424,,0.8150070190429688,-11.357543945312454,0.9082736372947693
1773519328.5192,101.53031163273009,1.1196962138569055,,0.8115301767985026,-11.570159912109332,0.9273751378059387
1773519328.5551,101.74277652748061,1.1583746361448286,,0.811083984375,-11.571716308593718,0.9273990392684937
1773519328.5871,101.9149174446971,1.161206289484081,,0.8115269343058268,-11.571716308593718,0.9253105521202087
1773519328.6192,101.9090615467238,2.9884065282561654,,0.8236738840738932,-17.400695800781207,0.8942837715148926
1773519328.6551,101.82591903710221,2.9884065282561654,,0.8306429545084636,-17.400695800781207,0.8667163848876953
1773519328.6872,101.9090615467238,3.112519254145363,,0.8267288208007812,-17.400695800781207,0.8690246343612671
1773519328.7192,101.9090615467238,3.689882149632272,,0.8014149347941081,-8.110290527343729,0.8880813717842102
1773519328.7551,101.4680593277744,3.637019050736285,,0.8043188730875651,-8.110290527343729,0.8869258761405945
1773519328.7871,101.02705710882499,3.637019050736285,,0.8030275344848633,-8.110290527343729,0.8927258253097534
1773519328.8191,101.02705710882499,3.637019050736285,,0.8046695709228515,-8.278625488281204,0.8861397504806519
1773519328.8551,101.02705710882499,3.4766817971856225,,0.8066797256469727,-9.24349975585935,0.8801553249359131
1773519328.8872,,3.0377586952771987,,0.8094231923421223,-10.5603637695312,0.8653894066810608
1773519328.9192,,3.0377586952771987,,0.8120686848958333,-11.83020019531245,0.8548163175582886
1773519328.9551,102.41668699689733,3.0377586952771987,,0.8140134811401367,-11.83020019531245,0.8541539907455444
1773519328.9871,102.8247019439332,3.2652614736524685,,0.8165625890096029,-12.442321777343732,0.8301873207092285
1773519329.0192,102.46916594051689,3.2909333547713167,,0.8105796178181967,-12.7637023925781,0.8598312139511108
1773519329.0551,102.71359793268785,3.3065415195678396,,0.8133439381917318,-12.989349365234357,0.8324734568595886
1773519329.0872,102.61890837035128,3.5597810340899203,,0.8144835789998373,-12.738861083984325,0.8254175782203674
1773519329.1192,102.9580299248588,3.6215395958066985,,0.8179028193155925,-12.987304687499979,0.8247796893119812
1773519329.1551,102.78846914760504,3.6030855755156392,,0.8139617284138997,-12.989349365234357,0.8398600816726685
1773519329.1871,102.83203977849998,3.6030855755156392,,0.8144793192545573,-12.987304687499979,0.8425796031951904
1773519329.2194,102.66247900124621,3.6030855755156392,,0.8171036402384441,-12.738861083984325,0.830721378326416
1773519329.2551,102.70604963214114,3.310575728323739,,0.7902704874674479,-3.0058593749999574,0.8850439786911011
1773519329.2871,101.9703871433606,3.1639559789761447,,0.7910332997639974,-3.0058593749999574,0.885702908039093
1773519329.3191,101.9703871433606,3.1639559789761447,,0.7936846415201823,-3.0058593749999574,0.882766604423523
1773519329.3551,102.65187410389557,2.964849311823882,,0.7979233423868816,-3.0058593749999574,0.87004154920578
1773519329.3871,105.53635575422255,2.964849311823882,,0.7946021397908528,-3.4462585449218253,0.8780460357666016
1773519329.4191,105.49433775001512,2.1701120566782603,,0.7934471130371094,-4.106353759765575,0.9302693605422974
1773519329.4551,105.37900244775003,2.1030177586781957,,0.7959773381551106,-4.053161621093722,0.9538872241973877
1773519329.4871,105.26366714548493,1.9538384882957052,,0.8005617777506511,-4.053161621093722,0.9498755931854248
1773519329.5192,105.26366714548493,2.060414921292962,,0.7958665211995443,-4.053161621093722,0.9547652006149292
1773519329.5551,104.25887266776085,2.1030177586781957,,0.7946810404459635,-4.053161621093722,0.9509832262992859
1773519329.5871,103.85270525002332,2.060414921292962,,0.7945018132527669,-4.053161621093722,0.9571378827095032
1773519329.6192,103.56508163757174,1.9538384882957052,,0.8160724639892578,-13.752014160156225,0.8907715082168579
1773519329.6552,102.97630237836661,1.3150166615344319,,0.8192965189615885,-13.752014160156225,0.8971260190010071
1773519329.6871,102.8967458218034,1.1854559801983826,,0.8188822428385417,-14.602691650390618,0.8968744277954102
1773519329.7192,102.72004322200377,1.1854559801983826,,0.8127541224161784,-14.602691650390618,0.913722574710846
1773519329.7552,102.72004322200377,1.1854559801983826,,0.8178447087605795,-12.159210205078104,0.909208357334137
1773519329.7871,102.72004322200377,1.6848283782686084,,0.7968441645304362,-9.792388916015593,0.9185218811035156
1773519329.8191,102.44493119868827,2.0946020437078166,,0.8078232447306315,-4.522430419921832,0.9226434826850891
1773519329.8552,102.44493119868827,2.1386744505749022,,0.7953388849894206,-4.522430419921832,0.9562774300575256
1773519329.8871,103.2431021698706,2.8010200072949525,,0.7953574498494466,-4.1004333496093714,0.9503020644187927
1773519329.9191,102.84401668427944,2.8010200072949525,,0.7975840886433919,-4.1004333496093714,0.9437134265899658
1773519329.9552,103.2431021698706,3.1924699363603453,,0.7959650039672852,-4.877593994140597,0.914226233959198
1773519329.9871,103.75774447610948,3.1924699363603453,,0.8000680923461914,-4.877593994140597,0.9024348258972168
1773519330.0192,104.27238678234836,3.385942180348582,,0.7984596252441406,-5.2978515624999645,0.9073219895362854
1773519330.0512,102.10182480464144,3.1924699363603453,,0.797274653116862,-5.2978515624999645,0.901796281337738
1773519330.0872,102.10182480464144,3.0995182992251182,,0.8002218246459961,-5.2978515624999645,0.902155876159668
1773519330.1192,101.84300892140641,3.0387884566662295,,0.7966683705647787,-5.853393554687454,0.9061828255653381
1773519330.1512,101.58419303817138,3.0387884566662295,,0.8003112157185872,-6.143707275390611,0.9093062281608582
1773519330.1872,101.84300892140641,3.0387884566662295,,0.7996170043945312,-5.884643554687479,0.9080440402030945
1773519330.2192,101.96812750001997,3.0284757743064104,,0.8039810180664062,-6.186614990234336,0.9377828240394592
1773519330.2512,102.35206196186857,3.0284757743064104,,0.7996821085611979,-6.7700805664062,0.9021272659301758
1773519330.2872,102.89930228945475,3.0284757743064104,,0.8015267690022786,-7.391143798828104,0.9406360387802124
1773519330.3191,103.09812787088669,3.041749606209241,,0.8038402557373047,-7.391143798828104,0.8884755969047546
1773519330.3512,103.64321067016449,3.041749606209241,,0.8028206507364909,-7.8805541992187145,0.9300922751426697
1773519330.3872,103.61254851078131,3.170524107256008,,0.8059530893961588,-8.894714355468718,0.9316602945327759
1773519330.4192,103.09812787088669,3.170524107256008,,0.8129381815592448,-10.395904541015604,0.8880574107170105
1773519330.4512,103.61254851078131,4.325017578544363,,0.8090805689493815,-11.679809570312454,0.9348968863487244
1773519330.4872,104.12696915067593,4.763784507285695,,0.81175537109375,-11.843536376953114,0.8740442395210266
1773519330.5192,104.12696915067593,4.325017578544363,,0.8120964686075847,-11.679809570312454,0.8740187287330627
1773519330.5512,102.96575567098473,4.325017578544363,,0.8147928237915039,-11.679809570312454,0.8590129613876343
1773519330.5872,103.54717609406902,4.050705909177407,,0.8106887817382813,-11.167846679687496,0.866918683052063
1773519330.6192,102.96575567098473,3.844739521517664,,0.7996257146199545,-10.038391113281229,0.9227818250656128
1773519330.6512,102.93247807527571,3.844739521517664,,0.8083357493082682,-7.694152832031236,0.9208468198776245
1773519330.6872,102.93247807527571,3.844739521517664,,0.8034519195556641,-7.694152832031236,0.918984591960907
1773519330.7192,102.89920047956669,4.090230411634537,,0.8023221333821614,-7.694152832031236,0.9111592769622803
1773519330.7512,102.78823781191474,4.301650263096414,,0.8045324961344401,-7.15185546874995,0.8990124464035034
1773519330.7872,102.89920047956669,4.424576716501653,,0.799894142150879,-7.15185546874995,0.9056224822998047
1773519330.8192,,4.603951096658088,,0.8004429499308269,-6.3255310058593395,0.8943498134613037
1773519330.8512,,4.424576716501653,,0.8036106109619141,-6.3255310058593395,0.8779993653297424
1773519330.8872,,4.424576716501653,,0.8006006240844726,-7.273040771484354,0.888543426990509
1773519330.9192,,4.193997714318796,,0.8025746027628581,-7.273040771484354,0.887857973575592
1773519330.9512,121.31196163972344,4.133687162565925,,0.802610969543457,-6.586425781249972,0.8886017203330994
1773519330.9872,112.00300381203522,4.020465144584357,,0.8011441548665365,-7.273040771484354,0.8845847249031067
1773519331.0192,102.69404598434701,3.598304960103065,,0.7955617904663086,-7.2904968261718395,0.92860347032547
1773519331.0512,102.80449436203786,1.529333855351885,,0.8069311777750651,-7.003082275390575,0.9245222210884094
1773519331.0872,102.80449436203786,1.513903416483877,,0.808744239807129,-9.364196777343707,0.9352342486381531
1773519331.1192,102.80449436203786,1.3550117594652846,,0.8020121892293294,-9.364196777343707,0.9402456283569336
1773519331.1512,103.32366312572282,1.3806599146582017,,0.8112820943196615,-8.83642578124995,0.9331570863723755
1773519331.1872,104.07115318384825,1.3806599146582017,,0.8057795842488606,-8.811431884765586,0.9425299763679504
1773519331.2192,104.10743004036517,1.513903416483877,,0.8058316548665364,-8.811431884765586,0.9425731897354126
1773519331.2512,104.02102888967185,1.3806599146582017,,0.7990459442138672,-6.9091796874999645,0.9375892281532288
1773519331.2872,104.02102888967185,1.3806599146582017,,0.7989970525105794,-6.126922607421825,0.9378054738044739
1773519331.3192,103.80493722475076,1.239370003138957,,0.8018165588378906,-5.850036621093739,0.9368696212768555
1773519331.3512,103.80493722475076,1.239370003138957,,0.8001868565877278,-6.126922607421825,0.9352811574935913
1773519331.3872,104.02102888967185,1.124054814205927,,0.7996100107828776,-6.9091796874999645,0.9302089810371399
1773519331.4192,106.48067187997577,1.124054814205927,,0.8179765065511068,-13.251831054687493,0.8977947235107422
1773519331.4512,106.48067187997577,1.3454121128092273,,0.8150304158528646,-13.694427490234329,0.9007114768028259
1773519331.4873,106.48067187997577,1.3454121128092273,,0.8159524917602539,-13.694427490234329,0.8887580633163452
1773519331.5192,106.31189593072436,1.124054814205927,,0.8227582295735677,-13.251831054687493,0.9361051917076111
1773519331.5513,104.16737881420133,0.5766690618944481,,0.8047053019205729,-11.697143554687468,0.9132160544395447
1773519331.5873,102.15431344110226,0.5766690618944481,,0.8104965209960937,-11.697143554687468,0.912788450717926
1773519331.6192,102.15431344110226,0.5766690618944481,,0.8117914835611979,-11.697143554687468,0.9307407140731812
1773519331.6513,102.15431344110226,1.2437938135624336,,0.8237891515096029,-17.456024169921847,0.9140726327896118
1773519331.6873,102.15431344110226,1.2950524170511402,,0.8244435628255208,-17.456024169921847,0.9209927320480347
1773519331.7192,103.71568693728751,1.2950524170511402,,0.8435514450073243,-17.456024169921847,0.8979081511497498
1773519331.7513,104.82159939431332,1.2437938135624336,,0.8134450912475586,-12.588012695312454,0.9315367937088013
1773519331.7873,106.11254588144374,0.7633913400331221,,0.8093453725179036,-12.4908752441406,0.9180289506912231
1773519331.8192,109.47564623520911,0.6219246315073852,,0.8136474609375,-12.4908752441406,0.9267461895942688
1773519331.8513,110.35786579998083,0.22038632115599466,,0.8113495508829752,-11.485015869140582,0.9069871306419373
1773519331.8873,111.2363872603429,0.22038632115599466,,0.8157400767008464,-12.588012695312454,0.9396755695343018
1773519331.9193,111.39392080603537,0.22038632115599466,,0.8076841990152995,-11.485015869140582,0.9398085474967957
1773519331.9513,111.2363872603429,0.5001655133055235,,0.8180312474568685,-13.592468261718729,0.8874506950378418
1773519331.9873,111.39392080603537,0.8797359799645312,,0.8054321924845378,-9.804687499999982,0.8963756561279297
1773519332.0192,111.2363872603429,0.8797359799645312,,0.8192930221557617,-14.692230224609357,0.9082582592964172
1773519332.0513,110.69378642685922,0.8797359799645312,,0.807848866780599,-15.2978820800781,0.9135779738426208
1773519332.0873,106.64816564267086,0.7871956418820671,,0.8278881708780924,-18.930847167968743,0.8692507743835449
1773519332.1192,106.1310601994416,0.7871956418820671,,0.8268616994222006,-19.423553466796832,0.8677211999893188
1773519332.1513,106.1310601994416,0.7691344863858042,,0.8315982182820638,-19.423553466796832,0.8372941613197327
1773519332.1873,106.1310601994416,0.7691344863858042,,0.8379438400268555,-18.930847167968743,0.8046585321426392
1773519332.2192,106.1310601994416,0.8720709485474837,,0.8108619689941406,-21.204376220703107,0.9024272561073303
1773519332.2513,103.82538348888502,1.4634797482500592,,0.8117605845133463,-24.25027465820312,0.8769780397415161
1773519332.2873,103.22830611958578,1.7374044667601791,,0.8424179077148437,-11.682312011718707,0.5871151685714722
1773519332.3192,103.22830611958578,1.7374044667601791,,0.8566784540812175,-11.682312011718707,0.5607126951217651
1773519332.3513,103.22830611958578,1.9041215149470947,,0.8116929372151692,-11.6498413085937,0.8478805422782898
1773519332.3873,105.90437138807015,1.7374044667601791,,0.8050570805867513,-11.6498413085937,0.8586718440055847
1773519332.4193,109.72045297762814,1.3092069483954396,,0.805212656656901,-11.6498413085937,0.8187857270240784
1773519332.4513,111.923057383114,1.0941893706276007,,0.8125579198201497,-12.065032958984325,0.883685290813446
1773519332.4874,128.31081431166405,1.0941893706276007,,0.8286853790283203,-13.417175292968722,0.7860449552536011
1773519332.5193,131.28533601322664,0.8922387294034254,,0.8217434565226237,-13.417175292968722,0.6916941404342651
1773519332.5513,131.3644661265992,0.8922387294034254,,0.8153748830159505,-16.474090576171854,0.817244827747345
1773519332.5873,131.87360519308817,0.8922387294034254,,0.81096986134847,-14.69879150390625,0.7436745762825012
1773519332.6193,131.87360519308817,1.3190913165897764,,0.8483997344970703,-13.417175292968722,0.8779937624931335
1773519332.6513,131.28533601322664,1.547390027665792,,0.818044916788737,-11.518890380859332,0.8704872727394104
1773519332.6874,131.08702363466676,1.6391939062817151,,0.8114201227823893,-11.518890380859332,0.7873530983924866
1773519332.7193,131.08702363466676,2.3313991158805103,28.287656367636096,0.8009487152099609,-11.518890380859332,0.7171730399131775
1773519332.7513,122.3446194610503,3.1078240967227315,28.287656367636096,0.810873540242513,-11.518890380859332,0.5901970863342285
1773519332.7874,113.16267580345797,6.239833353731874,43.96130274377397,0.8128429412841797,-12.201843261718714,0.7481974959373474
1773519332.8193,104.54425472303785,6.8374673284342045,54.43452208181906,0.8309663772583008,-20.90109252929686,0.6534618735313416
1773519332.8513,100.71990372487382,9.702377662564281,54.83850645601079,0.8542879104614258,-22.347869873046857,0.7955266237258911
1773519332.8873,89.99894558913225,9.032902411526818,57.43871997505718,0.8419141133626302,-22.347869873046857,0.8967441320419312
1773519332.9193,89.99894558913225,9.71214758280687,59.63494911991185,0.8339804967244466,-22.347869873046857,0.9000633955001831
1773519332.9513,89.99894558913225,9.71214758280687,58.804720329978174,0.8328130722045899,-22.347869873046857,0.8223122358322144
1773519332.9874,95.2347330738873,9.032902411526818,58.804720329978174,0.8290111541748046,-22.347869873046857,0.7516965866088867
1773519333.0193,97.87447733845552,7.56212529686434,60.454244831052954,0.8498213450113933,-29.344696044921825,0.7821375131607056
1773519333.0513,99.34142034497758,7.554885280637417,58.804720329978174,0.851955795288086,-29.344696044921825,0.8244598507881165
1773519333.0874,100.78535689990989,7.554885280637417,58.804720329978174,0.8485572179158528,-29.95147705078125,0.8186714053153992
1773519333.1193,100.78535689990989,7.56212529686434,60.454244831052954,0.8146984100341796,-30.116760253906243,0.7526184916496277
1773519333.1513,102.1566840623251,9.575639647950831,63.406425323091355,0.8501656850179037,-30.116760253906243,0.7156047224998474
1773519333.1873,102.1566840623251,11.430466776657976,63.406425323091355,0.859457270304362,-30.116760253906243,0.6688892245292664
1773519333.2193,102.1566840623251,13.852698468647484,63.406425323091355,0.8615359624226888,-30.116760253906243,0.8181382417678833
1773519333.2513,100.36595364098362,14.298092891420122,53.905013865990334,0.8154348373413086,-13.44595336914061,0.725495457649231
1773519333.2874,91.27039195617952,14.298092891420122,53.905013865990334,0.8108096440633138,-13.44595336914061,0.7676032781600952
1773519333.3193,87.10772600014154,13.852698468647484,53.905013865990334,0.7662918726603191,-11.225860595703097,0.671046793460846
1773519333.3513,87.10772600014154,12.704188137246511,53.905013865990334,0.8206560134887695,-7.2127685546874964,0.7612932324409485
1773519333.3874,91.27039195617952,7.97455082255874,55.8482388219851,0.8024490356445313,-7.2127685546874964,0.8470109105110168
1773519333.4193,98.48221199007776,5.616759384190044,56.35265996479011,0.796258290608724,-9.940673828124975,0.8808557987213135
1773519333.4513,98.48221199007776,4.194565100334342,56.35265996479011,0.8210618972778321,-9.940673828124975,0.823195219039917
1773519333.4874,98.48221199007776,4.194565100334342,57.2044783470885,0.8081321716308594,-14.968505859374979,0.8477330207824707
1773519333.5193,92.54528561464993,4.194565100334342,58.12930753512542,0.8186068216959635,-16.14694213867187,0.746620774269104
1773519333.5513,92.54528561464993,4.194565100334342,58.12930753512542,0.8273730595906575,-18.364776611328075,0.7933512926101685
1773519333.5874,92.54528561464993,9.92915737710466,58.12930753512542,0.8256823857625325,-19.176300048828097,0.8492935299873352
1773519333.6194,110.12422367375551,10.99546778905719,70.40005673311148,0.8362377166748047,-23.431335449218746,0.850683867931366
1773519333.6513,112.58173390697057,13.697600403070911,71.67954582674537,0.8398194630940755,-25.15057373046872,0.7540156245231628
1773519333.6874,112.6004911719004,14.301139824965983,71.67954582674537,0.8533128102620443,-30.137390136718736,0.7957611680030823
1773519333.7194,115.01683194212742,16.05009915262811,71.67954582674537,0.850998051961263,-30.137390136718736,0.8019909262657166
1773519333.7513,115.01683194212742,14.301139824965983,68.99718948872567,0.8502086639404297,-30.137390136718736,0.7882130742073059
1773519333.7874,112.6004911719004,13.697600403070911,68.77495379149003,0.8493642171223958,-29.732055664062482,0.8105795979499817
1773519333.8193,104.21058177485273,15.441472995347208,66.50409913797357,0.8431658426920573,-26.75683593749998,0.6386486291885376
1773519333.8514,104.21058177485273,15.441472995347208,66.50409913797357,0.8018839518229167,-26.75683593749998,0.7885497212409973
1773519333.8874,104.21058177485273,15.441472995347208,66.50409913797357,0.8354542414347331,-26.318389892578082,0.8505507111549377
1773519333.9194,104.21058177485273,16.09916063215106,69.1207813148059,0.8460751215616862,-23.055267333984375,0.9062677025794983
1773519333.9514,104.21058177485273,16.405088692654733,69.75651785477339,0.8422524134318033,-23.055267333984375,0.9124283194541931
1773519333.9875,91.90267074628498,16.55346391057494,70.59502357723099,0.8095348358154297,-12.770324707031229,0.8570829033851624
1773519334.0194,91.90267074628498,16.55346391057494,71.35773802845976,0.8138332366943359,-12.770324707031229,0.8380140066146851
1773519334.0514,91.90267074628498,16.55346391057494,71.35773802845976,0.8140272776285807,-12.770324707031229,0.846156895160675
1773519334.0835,97.07525445211697,15.584800335120125,71.40007506475813,0.835427729288737,-23.04254150390623,0.759221076965332
1773519334.1194,116.8659608720533,11.856663897523987,71.35773802845976,0.8591534296671549,-27.017517089843732,0.8669360876083374
1773519334.1514,120.93712194984535,11.856663897523987,71.35773802845976,0.8470518747965495,-27.017517089843732,0.7758982181549072
1773519334.1834,120.93712194984535,11.856663897523987,71.40007506475813,0.8437089284261068,-27.017517089843732,0.8356920480728149
1773519334.2194,121.17536137450013,11.856663897523987,72.43998054109572,0.838162612915039,-27.017517089843732,0.755545973777771
1773519334.2514,123.92705476210129,11.856663897523987,72.43998054109572,0.8389999389648437,-27.017517089843732,0.7504343390464783
1773519334.2835,125.73471978781696,10.320104199295207,72.43998054109572,0.8643577575683594,-30.833190917968736,0.8403396010398865
1773519334.3194,129.95728360065587,6.0491762162958365,56.59741842520755,0.8516582489013672,-30.833190917968736,0.7787106037139893
1773519334.3514,135.46747909729385,5.056335610646726,54.73626038623786,0.8525660196940105,-30.833190917968736,0.8312205672264099
1773519334.3835,135.46747909729385,4.767533030942503,50.71454560676881,0.839043935139974,-24.778320312499993,0.8191214203834534
1773519334.4194,129.95728360065587,5.056335610646726,45.25184431536934,0.8297030131022135,-20.294677734374957,0.8797396421432495
1773519334.4514,120.85011828531364,5.056335610646726,48.553988866269464,0.8108121236165364,-17.584045410156204,0.7964439392089844
1773519334.4835,120.85011828531364,5.056335610646726,45.25184431536934,0.8240558624267578,-16.323913574218736,0.8300448060035706
1773519334.5194,120.85011828531364,4.767533030942503,41.94969976446921,0.8162148793538412,-16.323913574218736,0.8523431420326233
1773519334.5514,133.45868232324986,3.2605254971436577,26.33883728101987,0.8214305877685547,-16.323913574218736,0.8126420974731445
1773519334.5835,135.77209708379894,3.2605254971436577,10.727974797570536,0.8303805033365885,-15.405548095703079,0.9315463900566101
1773519334.6194,135.77209708379894,3.2605254971436577,10.727974797570536,0.8195173263549804,-15.405548095703079,0.9307635426521301
1773519334.6514,135.77209708379894,3.9943870752593593,10.727974797570536,0.8133874893188476,-12.46322631835934,0.9131672382354736
1773519334.6835,102.7225755402097,5.995316861303487,,0.8016160329182943,-6.812927246093743,0.9340006113052368
1773519334.7194,101.85363612003607,8.094837114804083,,0.7985333760579427,-6.812927246093743,0.9385337233543396
1773519334.7514,101.85363612003607,8.094837114804083,,0.7928627014160157,-6.812927246093743,0.9092681407928467
1773519334.7835,102.28810583012289,8.010004537007454,,0.8082712809244792,-10.00744628906249,0.9559829831123352
1773519334.8194,102.7225755402097,7.88532602141469,,0.809296989440918,-10.49978637695311,0.9477478265762329
1773519334.8514,103.25034429406227,7.88532602141469,,0.8212534586588541,-13.367401123046871,0.9484410285949707
1773519334.8835,104.64705246808846,7.446414749268971,,0.8276423772176107,-16.238891601562457,0.9602078199386597
1773519334.9194,,4.709391605190064,,0.8152711868286133,-17.665161132812486,0.9562677145004272
1773519334.9514,152.51183569164985,3.6389635451376314,,0.826120122273763,-18.5748901367187,0.9566738605499268
1773519334.9835,138.39371584068337,3.0530363773278193,,0.824224853515625,-18.5748901367187,0.9642412662506104
1773519335.0194,138.39371584068337,2.1785984979760826,,0.8264657338460286,-18.601867675781207,0.9709972143173218
1773519335.0514,138.39371584068337,2.1785984979760826,,0.8301972071329753,-18.601867675781207,0.9697505831718445
1773519335.0835,138.39371584068337,2.1785984979760826,,0.8261763254801432,-18.601867675781207,0.9667822122573853
1773519335.1194,124.27559598971688,4.925483496011976,,0.813238016764323,-12.706848144531246,0.934322714805603
1773519335.1514,,6.263847437298565,,0.8039909998575846,-12.706848144531246,0.9106307029724121
1773519335.1835,,7.679407949229127,,0.8138950347900391,-12.39147949218749,0.9626612663269043
1773519335.2194,,9.2626563718296,,0.8245176315307617,-11.243804931640575,0.9609942436218262
1773519335.2514,,9.446016644892282,,0.8108470280965169,-11.243804931640575,0.9557920098304749
1773519335.2835,,9.446016644892282,,0.7950963338216146,-10.759155273437475,0.9317982792854309
1773519335.3194,,9.626928965271606,,0.8098373413085938,-6.42367553710935,0.9451428651809692
1773519335.3514,,9.446016644892282,,0.7920756022135417,-5.2484741210937,0.9301069974899292
1773519335.3835,,9.288993740112783,,0.8008050918579102,-5.2484741210937,0.9353448152542114
1773519335.4195,,8.17177140972096,,0.7983567555745442,-4.970367431640579,0.9482054710388184
1773519335.4514,,8.17177140972096,,0.7961033503214519,-5.2484741210937,0.946230947971344
1773519335.4835,,8.17177140972096,,0.7977773666381835,-5.2484741210937,0.9469181895256042
1773519335.5194,,8.932085793184163,,0.7997795104980469,-5.9313964843749645,0.9476089477539062
1773519335.5514,,9.00103645361214,,0.8099884033203125,-9.586547851562486,0.9270198345184326
1773519335.5835,,9.164025071098854,,0.8089993794759115,-9.586547851562486,0.9362747669219971
1773519335.6194,,9.164025071098854,,0.8073944091796875,-9.586547851562486,0.9302107691764832
1773519335.6514,,9.164025071098854,,0.8021523157755533,-8.698120117187464,0.9195693731307983
1773519335.6835,,9.144551944155252,,0.8008724848429362,-7.9699096679687464,0.9138585925102234
1773519335.7195,,8.705738850871205,,0.8055435180664062,-7.070739746093722,0.9134235382080078
1773519335.7514,97.15360249770167,8.42746209788231,,0.8040264129638672,-7.070739746093722,0.9344613552093506
1773519335.7835,97.15360249770167,8.380634040434382,,0.8021531422932943,-7.070739746093722,0.9300734996795654
1773519335.8195,97.15360249770167,8.380634040434382,,0.7905061721801758,-4.064453124999954,0.9023117423057556
1773519335.8514,97.15360249770167,8.164143352422117,,0.7958900451660156,-2.0853881835937393,0.9274266362190247
1773519335.8835,97.15360249770167,8.118113671420968,,0.7917669932047526,-2.0853881835937393,0.9270185828208923
1773519335.9195,,8.118113671420968,,0.7855958302815755,-2.865997314453086,0.9289925694465637
1773519335.9514,,8.038635910260057,,0.7933932622273763,-2.865997314453086,0.9266669154167175
1773519335.9835,,8.038635910260057,,0.7960163116455078,-3.5864562988281,0.9257124662399292
1773519336.0195,,8.038635910260057,,0.7948942184448242,-4.1250610351562145,0.9134345054626465
1773519336.0514,,8.490502265845292,,0.7983522415161133,-5.24630737304685,0.9087966084480286
1773519336.0835,,8.586445774167522,,0.8121746063232422,-11.62628173828125,0.934893012046814
1773519336.1195,,9.518493723828882,,0.8116438547770183,-11.881042480468746,0.9320768713951111
1773519336.1514,,9.518493723828882,,0.8124881108601888,-11.881042480468746,0.9412391781806946
1773519336.1835,,8.490502265845292,,0.8173126220703125,-11.62628173828125,0.9548164010047913
1773519336.2195,,9.573308431491869,,0.8071688334147136,-11.949157714843714,0.9134398698806763
1773519336.2515,,9.451213417980304,,0.803158696492513,-11.403686523437475,0.9293107986450195
1773519336.2836,,9.451213417980304,,0.8123165130615234,-11.403686523437475,0.9509386420249939
1773519336.3195,87.24098916773626,9.67733323238758,,0.8111801147460938,-11.949157714843714,0.9495776891708374
1773519336.3514,87.24098916773626,9.67733323238758,,0.8193389892578125,-15.319946289062454,0.9575245380401611
1773519336.3835,87.24098916773626,9.451213417980304,,0.8196843465169271,-15.319946289062454,0.958124577999115
1773519336.4196,87.24098916773626,9.206437538277479,,0.8204210281372071,-15.485717773437493,0.9552016854286194
1773519336.4515,87.24098916773626,7.747862406121614,,0.8158498128255208,-15.75347900390625,0.9546974897384644
1773519336.4835,,7.440402926263781,,0.820242182413737,-15.75347900390625,0.9526529908180237
1773519336.5196,,7.440402926263781,,0.8241796493530273,-15.75347900390625,0.9566348791122437
1773519336.5515,,6.898584445340048,,0.8180845260620118,-15.75347900390625,0.9516969323158264
1773519336.5835,,6.898584445340048,,0.8205446243286133,-14.717803955078121,0.9537041187286377
1773519336.6196,,1.9358202512266611,,0.7845892588297526,1.3599243164062713,0.8557891845703125
1773519336.6515,,1.9358202512266611,,0.7770463307698567,1.3599243164062713,0.8777079582214355
1773519336.6836,,1.3670388200760988,,0.7800216674804688,3.514770507812539,0.8546527028083801
1773519336.7196,,1.9358202512266611,,0.7999338785807292,3.514770507812539,0.9169213175773621
1773519336.7515,,4.781860635386734,,0.7800999959309896,-5.389251708984375,0.8511452078819275
1773519336.7836,,6.700797224556153,,0.7989633560180665,-5.430084228515604,0.90614914894104
1773519336.8196,,6.700797224556153,,0.7986500422159831,-5.389251708984375,0.9042928218841553
1773519336.8515,,6.700797224556153,,0.7987351099650065,-5.389251708984375,0.9114471673965454
1773519336.8835,,3.5847536344474387,,0.7821402867635091,0.6228027343750497,0.8526315689086914
1773519336.9196,,2.8582993413768847,,0.7846806844075521,0.6228027343750497,0.8546237945556641
1773519336.9515,115.37729252700899,2.8582993413768847,,0.7861249287923177,0.6228027343750497,0.8682954907417297
1773519336.9836,115.37729252700899,3.5847536344474387,,0.7867780049641927,0.6228027343750497,0.8560824394226074
1773519337.0196,115.37729252700899,3.5847536344474387,,0.794674301147461,0.6228027343750497,0.8954423666000366
1773519337.0515,113.72419789658996,4.199586332214397,,0.7845547993977865,1.376464843750007,0.89788419008255
1773519337.0836,115.37729252700899,4.249415893396112,,0.7747393290201823,6.087890625000032,0.8889511823654175
1773519337.1196,115.2299854601683,4.249415893396112,,0.7717387517293294,7.115173339843768,0.9078401327133179
1773519337.1515,115.2299854601683,3.763019529248649,,0.7707827250162761,7.115173339843768,0.9022079110145569
1773519337.1835,115.2299854601683,3.763019529248649,,0.7725991566975912,7.115173339843768,0.897753894329071
1773519337.2196,118.38886765416567,3.291040292169811,,0.7741016387939453,6.393981933593764,0.8808367252349854
1773519337.2515,,2.9313386008210154,,0.7812466303507487,5.781738281250011,0.8645952343940735
1773519337.2835,,2.8689915610853967,,0.7773548126220703,5.5798950195312536,0.867840051651001
1773519337.3195,,2.8689915610853967,,0.7753771464029948,5.002014160156296,0.8836458921432495
1773519337.3515,112.3695469788888,2.9313386008210154,,0.7757976531982422,5.002014160156296,0.888560950756073
1773519337.3835,112.3695469788888,3.019683333280954,,0.7770015716552734,5.327270507812543,0.8831527829170227
1773519337.4196,112.3695469788888,4.28173077958078,,0.7898778279622396,5.327270507812543,0.8793870806694031
1773519337.4516,112.3695469788888,4.751213051262103,,0.7763239542643229,5.002014160156296,0.8754097819328308
1773519337.4835,112.3695469788888,4.751213051262103,,0.7757090250651042,-1.1785888671874822,0.8694978952407837
1773519337.5196,,4.751213051262103,,0.799835205078125,-1.6276245117187393,0.8811808228492737
1773519337.5516,,7.598876417394346,,0.7908133188883464,-5.958129882812475,0.8397413492202759
1773519337.5836,,8.006983950807902,,0.8034516016642252,-7.694000244140593,0.8807032108306885
1773519337.6196,,8.047687524835473,,0.8078688939412435,-9.814300537109357,0.864206850528717
1773519337.6516,,8.047687524835473,,0.8097081502278646,-9.857879638671836,0.8583882451057434
1773519337.6836,,8.047687524835473,,0.8079596837361653,-9.857879638671836,0.8524436354637146
1773519337.7196,,8.299386009518356,,0.8112389882405598,-10.697143554687472,0.839572012424469
1773519337.7516,113.8011147845324,8.299386009518356,,0.8023321151733398,-9.857879638671836,0.8812990784645081
1773519337.7835,114.24622353622554,7.877102713945329,,0.8162322998046875,-8.083435058593746,0.726287305355072
1773519337.8196,114.24622353622554,7.09556808753092,,0.8039183298746745,-8.083435058593746,0.8864026665687561
1773519337.8516,114.24622353622554,7.09556808753092,,0.804262924194336,-8.083435058593746,0.8947701454162598
1773519337.8836,114.24622353622554,7.09556808753092,,0.8056028366088868,-7.918029785156229,0.9292415380477905
1773519337.9196,114.69133228791868,7.09556808753092,,0.8009429931640625,-7.496643066406232,0.9306780695915222
1773519337.9516,,7.09556808753092,,0.7982081731160482,-7.496643066406232,0.9313993453979492
1773519337.9835,,6.171017050525227,,0.8030404408772787,-7.496643066406232,0.9317787289619446
1773519338.0196,,6.171017050525227,,0.8069780349731446,-9.386688232421871,0.9253174662590027
1773519338.0516,,5.925890763971099,,0.8083286285400391,-10.034973144531225,0.9042609333992004
1773519338.0836,,5.636500671420824,,0.8091046651204427,-10.40747070312495,0.9009867906570435
1773519338.1196,101.97920002477501,4.6242963417137855,,0.8177424748738606,-14.553619384765586,0.8930311799049377
1773519338.1516,101.97920002477501,4.6242963417137855,,0.8256689707438151,-14.553619384765586,0.9410594701766968
1773519338.1835,101.97920002477501,4.6242963417137855,,0.8326274236043294,-14.553619384765586,0.9370231628417969
1773519338.2196,111.42323922925077,6.339005543634819,,0.8168834686279297,-14.141296386718736,0.8646818399429321
1773519338.2516,120.49584526816518,6.751746015507078,,0.8084479014078776,-12.92248535156249,0.8723356127738953
1773519338.2836,120.68156185094585,6.751746015507078,,0.8026423772176107,-10.092224121093718,0.7289556860923767
1773519338.3196,120.68156185094585,7.490396347596727,,0.8143442789713542,-8.698898315429657,0.7512916326522827
1773519338.3516,120.68156185094585,8.229046679686375,,0.7896352767944336,-7.305572509765597,0.856018602848053
1773519338.3836,120.49584526816518,7.3093378108452125,,,-6.992324829101539,0.0
1773519338.4196,,6.389628942004049,,,-1.0621643066405895,0.10679591447114944
1773519338.4516,,,,,,0.0
1773519338.4836,,2.5691595561694087,,,7.0900573730468786,0.0
1773519338.5196,,2.9864506708278062,,,7.55513000488282,0.0
1773519338.5516,,2.5691595561694087,,0.772651481628418,7.0900573730468786,0.8559972047805786
1773519338.5836,,2.6345834381487205,,0.7707136789957683,1.275146484375016,0.8674163818359375
1773519338.6197,,2.7000073201280324,,0.7982619603474935,-4.539764404296847,0.8928027153015137
1773519338.6516,103.63883975390013,2.7000073201280324,,0.7968802769978841,-5.202972412109368,0.8964312076568604
1773519338.6836,105.04899843704983,2.452639534986909,,0.8029534657796223,-5.202972412109368,0.9002740979194641
1773519338.7196,106.45915712019954,2.452639534986909,,0.8104471842447917,-5.109924316406218,0.874433696269989
1773519338.7516,106.45915712019954,2.452639534986909,,0.7829630533854167,-7.4548950195312,0.9406518340110779
1773519338.7836,106.45915712019954,2.452639534986909,,0.798068110148112,-5.109924316406218,0.9275018572807312
1773519338.8197,106.45915712019954,2.151200189011853,,0.8030097325642903,-5.109924316406218,0.8987954258918762
1773519338.8516,105.8080136709467,2.151200189011853,,0.7975019454956055,-7.481903076171825,0.8927987813949585
1773519338.8836,104.70752854707098,1.3622517030683783,,0.8198524475097656,-7.481903076171825,0.896041214466095
1773519338.9156,104.26803551339484,1.355909727405676,,0.8145792643229167,-13.0352783203125,0.904599666595459
1773519338.9516,103.93753946829504,1.2258068801681423,,0.7987503051757813,-13.0352783203125,0.8767600655555725
1773519338.9836,104.26803551339484,1.355909727405676,,0.8161977132161459,-10.98959350585936,0.8967223763465881
1773519339.0156,103.3052438927269,1.355909727405676,,0.8103174209594727,-9.465759277343722,0.9116043448448181
1773519339.0516,102.34245227205899,1.4960498303363656,,0.8071427663167318,-10.98959350585936,0.9125487208366394
1773519339.0836,100.3260247885294,1.4960498303363656,,0.8017930348714193,-10.98959350585936,0.9034832715988159
1773519339.1157,98.30959730499981,1.4960498303363656,,0.8144872029622395,-11.302215576171868,0.9192279577255249
1773519339.1516,98.30959730499981,1.1683172525796874,,0.8154060999552409,-12.22372436523436,0.902005136013031
1773519339.1836,98.1214404805678,0.9821483834396325,,0.8109687169392904,-12.22372436523436,0.9017378091812134
1773519339.2156,97.9332836561358,0.9821483834396325,,0.8128885269165039,-11.302215576171868,0.9062772989273071
1773519339.2516,96.82490476122729,0.8412463505248003,,0.8097999572753907,-11.302215576171868,0.9135497212409973
1773519339.2836,97.5479396872603,0.8412463505248003,,0.8084939320882162,-11.034027099609354,0.8977656960487366
1773519339.3156,97.5479396872603,0.9821483834396325,,0.8140112559000651,-11.034027099609354,0.9074752926826477
1773519339.3517,97.5479396872603,1.3399678663975065,,0.8104099909464518,-11.52682495117185,0.8916294574737549
1773519339.3836,98.41028630967057,1.4730467156886604,,0.8117062250773112,-11.52682495117185,0.8766412138938904
1773519339.4156,98.41028630967057,3.302355613366847,,0.811436653137207,-11.034027099609354,0.9556996822357178
1773519339.4517,95.81410193357053,3.6075030618931883,,0.8016315460205078,-10.361145019531222,0.946974515914917
1773519339.4836,94.23048356855378,3.6075030618931883,,0.8078339258829753,-9.797515869140625,0.9030646085739136
1773519339.5157,93.36434976907475,3.302355613366847,,0.8090081532796224,-8.846008300781207,0.9521259069442749
1773519339.5517,93.25934905744083,2.7678396698353427,,0.8042915980021159,-9.797515869140625,0.9110240340232849
1773519339.5836,93.36434976907475,2.571906440617313,,0.8058516184488932,-10.237304687499975,0.9008110165596008
1773519339.6157,93.36434976907475,2.571906440617313,,0.8101814270019532,-8.978698730468722,0.89303058385849
1773519339.6517,93.25934905744083,2.7678396698353427,,0.8087501525878906,-8.996032714843736,0.8929609060287476
1773519339.6836,92.38105592708388,3.1500342389038076,,0.8061280568440755,-10.237304687499975,0.9096265435218811
1773519339.7156,91.29101811841294,3.5971520481783577,,0.8061641693115235,-10.237304687499975,0.9050638675689697
1773519339.7517,90.89874880436362,3.5971520481783577,,0.8137027740478515,-8.996032714843736,0.9125782251358032
1773519339.7836,90.43023304753973,3.5971520481783577,,0.816180165608724,-12.614562988281204,0.9148443937301636
1773519339.8157,88.25471654756763,2.64944994468576,,0.7986396789550781,-13.762084960937475,0.9293270707130432
1773519339.8517,85.35712859699566,2.64944994468576,,0.8160934448242188,-13.803710937499982,0.940559983253479
1773519339.8836,85.35712859699566,2.5009169200131716,,0.8239509582519531,-15.022735595703107,0.9107285737991333
1773519339.9156,86.15544649037012,2.5009169200131716,,0.8187198003133138,-17.533691406249954,0.9479106068611145
1773519339.9517,87.57491485254482,2.264565961413546,,0.8248079299926758,-17.533691406249954,0.9065046310424805
1773519339.9836,88.97588833375875,2.5009169200131716,,0.8248848597208659,-17.247192382812493,0.9075762033462524
1773519340.0157,88.99487228243409,2.1272901173181,,0.8233540852864584,-17.247192382812493,0.9175240993499756
1773519340.0517,89.673592200507,1.791814733330131,,0.8196399688720704,-15.464416503906246,0.919000506401062
1773519340.0837,89.9097442590129,2.1272901173181,,0.8157704671223959,-15.145538330078079,0.9247832298278809
1773519340.1157,90.78512794085583,2.6501230864431964,,0.8181820551554362,-15.145538330078079,0.9193127155303955
1773519340.1517,90.78512794085583,2.1272901173181,,0.8189756393432617,-15.145538330078079,0.9201843738555908
1773519340.1836,90.78512794085583,2.6501230864431964,,0.819612185160319,-15.451080322265582,0.9197759032249451
1773519340.2157,90.95476298889653,2.8407217034629406,,0.8233760833740235,-16.88287353515623,0.9197731614112854
1773519340.2517,90.41276644570266,2.9330446589636727,,0.8225950876871745,-17.257751464843736,0.903713047504425
1773519340.2837,89.87076990250878,2.8407217034629406,,0.8275430043538411,-18.885681152343707,0.9146850109100342
1773519340.3157,90.95476298889653,2.8407217034629406,,0.8267676035563151,-18.885681152343707,0.915276825428009
1773519340.3517,92.18373038443424,2.8407217034629406,,0.8320513407389323,-18.885681152343707,0.9076999425888062
1773519340.3837,92.67704859305192,2.8715046813863903,,0.826052474975586,-18.885681152343707,0.9166615605354309
1773519340.4157,92.67704859305192,2.7025212235018663,,0.8248423258463542,-19.93539428710937,0.9181917309761047
1773519340.4517,92.67704859305192,2.7025212235018663,,0.8289545059204102,-19.911499023437464,0.9114630222320557
1773519340.4836,93.17036680166959,2.5358291793411594,,0.8316992441813151,-19.93539428710937,0.9121065139770508
1773519340.5157,,2.3961137887032966,,0.8289047241210937,-20.320159912109368,0.9196485280990601
1773519340.5517,94.99427893779296,2.3961137887032966,,0.8298114776611328,-20.320159912109368,0.9117830395698547
1773519340.5837,93.5073108651457,2.365588627472075,,0.8297561009724935,-19.911499023437464,0.9086902737617493
1773519340.6157,93.5073108651457,2.302223454544647,,0.8018304189046224,-17.402191162109357,0.9514934420585632
1773519340.6517,93.5073108651457,2.365588627472075,,0.8167104721069336,-14.0582580566406,0.9141443371772766
1773519340.6837,93.5073108651457,1.7440866091407923,,0.8236769994099935,-13.30093383789059,0.9072344303131104
1773519340.7157,92.02034279249844,1.7440866091407923,,0.8102126439412435,-13.338562011718746,0.9510114789009094
1773519340.7517,,2.064049261944521,,0.8151327133178711,-13.30093383789059,0.9113759994506836
1773519340.7837,,2.064049261944521,,0.8152111053466797,-11.596008300781211,0.9088108539581299
1773519340.8157,,2.064049261944521,,0.8103553771972656,-12.706542968749961,0.918418824672699
1773519340.8517,,2.1912350882568816,,0.8115807851155599,-11.812255859374972,0.9174081087112427
1773519340.8837,,2.776664093893676,,0.8138943990071614,-11.812255859374972,0.9039095640182495
1773519340.9157,,2.7800671834417563,,0.8120313008626302,-11.812255859374972,0.901986300945282
1773519340.9517,103.5733554546244,2.7800671834417563,,0.8156658808390299,-11.812255859374972,0.9001941680908203
1773519340.9837,103.14746190310169,2.776664093893676,,0.8102865854899088,-11.812255859374972,0.9038763642311096
1773519341.0157,103.5733554546244,1.4351997843838318,,0.7972771326700846,-10.974792480468718,0.9417986273765564
1773519341.0517,103.14746190310169,1.4351997843838318,,0.8319785435994466,-9.897399902343729,0.9209747314453125
1773519341.0838,102.72156835157898,1.3451711241348694,,0.8080420176188151,-9.897399902343729,0.9429419040679932
1773519341.1157,100.49958860263561,1.0426647027403895,,0.8005245844523112,-9.897399902343729,0.9375194311141968
1773519341.1518,100.41482990242864,1.0426647027403895,,0.8188687642415364,-6.289031982421864,0.8992189764976501
1773519341.1837,100.33007120222165,1.1997251536926117,,0.7931195576985677,-3.5397338867187322,0.9104663133621216
1773519341.2157,99.97628742376462,0.9580369400699609,,0.7929453531901042,-3.5397338867187322,0.8908553123474121
1773519341.2518,99.97628742376462,0.9580369400699609,,0.794796880086263,-2.734619140624961,0.9004267454147339
1773519341.2837,100.34174113848438,1.06233773423956,,0.8063543319702149,-2.6510009765624787,0.9464772343635559
1773519341.3157,100.70719485320414,1.1997251536926117,,0.7904183705647786,-1.4380493164062003,0.9384050369262695
1773519341.3518,100.34174113848438,4.520573949292034,,0.7828113555908203,2.213317871093796,0.9512710571289062
1773519341.3837,98.13309297598815,5.374544761833651,,0.7671186447143554,9.745819091796921,0.9682164788246155
1773519341.4157,94.30819339481745,5.859085893900701,,0.7571465810139973,14.5324096679688,0.9432610273361206
1773519341.4518,94.30819339481745,6.732397734551211,,0.7550517400105794,15.035171508789107,0.9287548661231995
1773519341.4837,93.05739569086276,7.60570957520172,,0.7023573557535807,15.537933349609414,0.9400222301483154
1773519341.5157,90.65429215752292,6.732397734551211,,,28.184585571289098,0.0
1773519341.5518,88.25118862418307,7.60570957520172,,,40.83123779296878,0.0
1773519341.5837,,,,,,0.0
1773519341.6157,,,,,,0.0
1773519341.6518,92.38179743519211,0.1620159825429309,13.81042913059107,,38.68975830078129,0.0
1773519341.6837,92.38179743519211,0.1620159825429309,13.81042913059107,,38.68975830078129,0.0
1773519341.7157,92.38179743519211,0.1620159825429309,13.81042913059107,0.7068187713623046,38.68975830078129,0.8914949297904968
1773519341.7518,92.38179743519211,0.1620159825429309,13.81042913059107,,38.68975830078129,0.0
1773519341.7837,92.38179743519211,0.1620159825429309,13.81042913059107,,38.68975830078129,0.0
1773519341.8157,,,,,,0.0
1773519341.8518,,,,,,0.0
1773519341.8837,,,,,,0.0
1773519341.9158,,,,,,0.0
1773519341.9518,,,,,,0.0
1773519341.9837,,,,,,0.0
1773519342.0158,,,,,,0.0
1773519342.0518,,,,,,0.0
1773519342.0837,,,,,,0.0
1773519342.1158,,,,,,0.0
1773519342.1478,,,,,,0.0
1773519342.1837,,,,,,0.0
1773519342.2158,,,,,,0.0
1773519342.2478,,,,,,0.0
1773519342.2838,,,,,,0.0
1773519342.3157,,,,,,0.0
1773519342.3519,,,,,,0.0
1773519342.3837,,,,,,0.0
1773519342.4158,,,,,,0.0
1773519342.4518,,,,,,0.0
1773519342.4837,,,,,,0.0
1773519342.5158,,,,,,0.0
1773519342.5518,,,,,,0.0
1773519342.5838,,,,,,0.0
1773519342.6158,,,,,,0.0
1773519342.6478,,,,,,0.0
1773519342.6838,,,,,,0.0
1773519342.7158,,,,,,0.0
1773519342.7518,,,,,,0.0
1773519342.7838,,,,,,0.0
1773519342.8158,,,,,,0.0
1773519342.8518,,,,,,0.0
1773519342.8838,,,,,,0.0
1773519342.9158,,,,,,0.0
1773519342.9518,,,,,,0.0
1773519342.9838,,,,,,0.0
1773519343.0158,,,,,,0.0
1773519343.0518,,,,,,0.0
1773519343.0838,,,,,,0.0
1773519343.1158,,,,,,0.0
1773519343.1518,,,,,,0.0
1773519343.1838,,,,,,0.0
1773519343.2158,,,,,,0.0
1773519343.2518,,,,,,0.0
1773519343.2838,,,,,,0.0
1773519343.3198,,,,,,0.0
1773519343.3518,,,,,,0.0
1773519343.3838,,,,,,0.0
1773519343.4199,,,,,,0.0
1773519343.4518,,,,,,0.0
1773519343.4838,,,,,,0.0
1773519343.5199,,,,,,0.0
1773519343.5518,,,,,,0.0
1773519343.5838,,,,,,0.0
1773519343.6199,,,,,,0.0
1773519343.6518,,,,,,0.0
1773519343.6838,,,,,,0.0
1773519343.7199,,,,,,0.0
1773519343.7518,,,,,,0.0
1773519343.7838,,,,,,0.0
1773519343.8198,,,,,,0.0
1773519343.8518,,,,,,0.0
1773519343.8879,,,,,,0.0
1773519343.9198,,,,,,0.0
1773519343.9519,,,,,,0.0
1773519343.9879,,,,,,0.0
1773519344.0199,,,,,,0.0
1773519344.0519,,,,,,0.0
1773519344.0879,,,,,,0.0
1773519344.1198,,,,,,0.0
1773519344.1519,,,,,,0.0
1773519344.1879,,,,,,0.0
1773519344.2199,,,,,,0.0
1773519344.2519,,,,,,0.0
1773519344.2879,,,,,,0.0
1773519344.3198,,,,,,0.0
1773519344.3519,170.46426933712107,10.630393242048555,-13.70741050133028,,23.831298828125025,0.0
1773519344.3879,170.46426933712107,10.630393242048555,-13.70741050133028,,23.831298828125025,0.0
1773519344.4199,170.46426933712107,10.630393242048555,-13.70741050133028,0.7377738952636719,23.831298828125025,0.9491063356399536
1773519344.456,170.46426933712107,10.630393242048555,-13.70741050133028,,23.831298828125025,0.0
1773519344.4879,170.46426933712107,10.630393242048555,-13.70741050133028,,23.831298828125025,0.0
1773519344.5199,80.97270228006192,8.071155850714998,,,55.83486938476567,0.0
1773519344.5559,86.40396247320089,8.5086699592812,,,44.16307067871097,0.0
1773519344.5879,86.40396247320089,8.071155850714998,,0.6710997899373372,32.49127197265628,0.915891706943512
1773519344.6199,91.83522266633985,5.470187356610577,,0.7197322845458984,27.157562255859393,0.9776867628097534
1773519344.6559,91.671178026413,4.119165136101458,,0.7419560750325521,21.823852539062507,0.8810431361198425
1773519344.6879,93.43080040236708,2.869218862506155,,0.7787559509277344,21.823852539062507,0.9321852326393127
1773519344.7199,98.07163748037874,2.673919659464237,,0.7669851938883464,12.692810058593764,0.9727351069450378
1773519344.7559,101.11689682236313,2.514471118906263,,0.7389405568440756,12.356292724609403,0.9808300733566284
1773519344.7879,101.4585680741894,2.514471118906263,,0.7609790802001953,12.356292724609403,0.9643534421920776
1773519344.8199,103.72883194896612,1.9804984062551136,,0.7616801579793294,12.356292724609403,0.9657778143882751
1773519344.8559,103.72883194896612,1.7414747894192129,,0.7663798014322917,12.356292724609403,0.9597808122634888
1773519344.8879,103.72883194896612,1.7414747894192129,,0.7766073862711589,10.100463867187521,0.968161940574646
1773519344.9199,100.39861719609995,1.7414747894192129,,0.7586680094401042,10.100463867187521,0.9690341353416443
1773519344.9559,98.06999001668865,1.7414747894192129,,0.7732096354166667,6.822143554687532,0.967139720916748
1773519344.9879,95.74136283727734,1.7414747894192129,,0.7633909861246745,6.822143554687532,0.946527898311615
1773519345.024,94.81506401980853,1.2306829803972281,,0.8054822285970052,1.5212707519531499,0.9556939005851746
1773519345.0559,95.74136283727734,0.8090615330604306,,0.7901508331298828,-1.0718688964843714,0.9368287324905396
1773519345.0879,,0.07620861856030206,,0.7842531204223633,-1.0718688964843714,0.9362238645553589
1773519345.1239,,0.07620861856030206,,0.7896554946899415,0.354400634765657,0.9265792965888977
1773519345.1559,,0.19567755652703292,,0.7854137420654297,0.354400634765657,0.9270403385162354
1773519345.1879,,0.6581140313897549,,0.7866840998331706,0.08758544921876776,0.9247242212295532
1773519345.224,94.53755223818939,0.6581140313897549,,0.7872399648030599,0.08758544921876776,0.9222834706306458
1773519345.2559,94.38974256782228,2.0875167091526046,,0.7951661427815755,-3.716979980468711,0.9252423644065857
1773519345.2879,94.53755223818939,2.0875167091526046,,0.7964162826538086,-4.3170471191406,0.932868480682373
1773519345.3239,95.02629317030622,2.0875167091526046,,0.79811585744222,-4.846618652343739,0.9290145039558411
1773519345.3559,94.91575044766499,2.0369772145216767,,0.7975195566813151,-4.846618652343739,0.9232999086380005
1773519345.3879,95.51503410242303,1.8075305273125493,,0.8002105712890625,-4.846618652343739,0.9236183762550354
1773519345.424,95.51503410242303,1.1352218096475568,,0.7870292663574219,-2.3041687011718714,0.9442780017852783
1773519345.4559,94.91575044766499,1.1352218096475568,,0.7918458302815755,-2.3041687011718714,0.9360204935073853
1773519345.488,93.5841157890508,1.1352218096475568,,0.7922227859497071,-2.1232299804687216,0.9373266100883484
1773519345.5239,91.8252198118746,1.1352218096475568,,0.7948813120524089,-2.1232299804687216,0.9436150193214417
1773519345.5559,91.8252198118746,1.1352218096475568,,0.7899890899658203,-1.2319946289062145,0.9399986267089844
1773519345.592,91.8252198118746,0.9439037770626708,,0.7881639480590821,-0.5637207031249503,0.9299788475036621
1773519345.6239,93.24735134797821,0.9439037770626708,,0.7885968526204427,-0.5637207031249503,0.9254844784736633
1773519345.6559,93.9784913731894,0.9439037770626708,,0.7836048126220703,-0.5637207031249503,0.925026535987854
1773519345.692,94.06526353039398,1.72870281413438,,0.7906108220418294,-0.9357299804687358,0.9275049567222595
1773519345.7239,94.58930276343335,1.72870281413438,,0.7893718719482422,-1.3317871093749645,0.9300500750541687
1773519345.756,94.58930276343335,1.7597651361588746,,0.7919256846110027,-1.3317871093749645,0.951603353023529
1773519345.792,94.58930276343335,2.8509592529091554,,0.7901969909667969,-0.9357299804687358,0.9202783703804016
1773519345.8239,95.31268975035675,3.556013504421739,,0.7748302459716797,-1.3317871093749645,0.9664426445960999
1773519345.856,94.07329028199337,3.857631263268097,,0.7867287317911784,-1.3317871093749645,0.9694371819496155
1773519345.892,93.3197849908717,3.857631263268097,,0.8152215957641602,-4.451934814453082,0.9296465516090393
1773519345.924,92.94148391827405,3.556013504421739,,0.7966972986857096,-5.790832519531222,0.9322870373725891
1773519345.956,93.3197849908717,3.556013504421739,,0.7994866689046224,-5.790832519531222,0.9229357242584229
1773519345.992,93.3197849908717,3.689659033756705,,0.8012662887573242,-4.451934814453082,0.9223434925079346
1773519346.024,93.42958133672265,3.689659033756705,,0.7958874384562175,-5.303771972656222,0.922764778137207
1773519346.0559,93.42958133672265,3.7550528741346922,,0.7903954823811848,-5.303771972656222,0.9315040111541748
1773519346.092,93.42958133672265,3.9012578076669273,,0.7984719594319661,-4.063201904296854,0.9257731437683105
1773519346.124,93.19489009739137,3.9012578076669273,,0.7988726298014323,-3.4929199218749574,0.9323115944862366
1773519346.156,92.97716019627077,3.9012578076669273,,0.7946993509928385,-3.4929199218749574,0.9238107204437256
1773519346.192,92.31800516948202,3.7656599229797885,,0.7945907592773438,-3.4929199218749574,0.921951413154602
1773519346.2239,90.38889352524879,1.9539285145080598,,0.79459654490153,-3.4929199218749574,0.9442538022994995
1773519346.256,90.38889352524879,1.8975031590630056,,0.8005404790242513,-6.058258056640575,0.9427406191825867
1773519346.292,90.38889352524879,1.7592881216852274,,0.8000438054402669,-6.058258056640575,0.9391289949417114
1773519346.3239,90.53186236274556,1.7592881216852274,,0.8030337015787761,-6.296661376953097,0.9362143874168396
1773519346.356,91.46641737289005,1.8911297986297297,,0.7988324483235677,-6.803344726562486,0.948448657989502
1773519346.392,92.3493052941766,1.8911297986297297,,0.8015960693359375,-6.807952880859354,0.941579282283783
1773519346.4239,92.49273836228096,1.7592881216852274,,0.8041393915812175,-6.807952880859354,0.9406448602676392
1773519346.456,93.18363882641391,1.6452322679315943,,0.8016056696573893,-7.161132812499975,0.9339607954025269
1773519346.492,94.11803750096843,1.1370285084996021,,0.8079246520996094,-7.161132812499975,0.9338106513023376
1773519346.5239,94.20466327578751,0.9292922480689607,,0.8023414611816406,-6.807952880859354,0.9342491030693054
1773519346.556,94.20466327578751,0.9292922480689607,,0.7981749852498372,-6.0473937988281,0.9376018047332764
1773519346.592,94.20466327578751,0.9292922480689607,,0.8000211715698242,-5.161224365234336,0.9330871105194092
1773519346.624,93.7825840999481,1.6069322211600297,,0.7958296457926433,-4.035461425781239,0.9353390336036682
1773519346.656,92.59118339871193,1.765264046802468,,0.7895805358886718,-3.803466796874968,0.924776017665863
1773519346.692,92.09890652333931,3.6533613107454506,,0.793258539835612,-3.803466796874968,0.927295982837677
1773519346.724,91.93869023270649,3.6533613107454506,,0.7953463236490885,-3.803466796874968,0.9180488586425781
1773519346.756,91.93869023270649,3.6533613107454506,,0.7970973968505859,-3.8362426757812074,0.9184353947639465
1773519346.792,91.93869023270649,3.1670752622213914,,0.7954146067301432,-4.08300781249995,0.9117443561553955
1773519346.824,92.49985829369572,2.6945354494481744,,0.796873410542806,-4.08300781249995,0.9189173579216003
1773519346.856,92.90352848484014,2.660548793610346,,0.7959287007649739,-3.8362426757812074,0.9192273020744324
1773519346.892,92.92336772330852,2.6179396151980034,,0.792560068766276,-3.476684570312454,0.8989628553390503
1773519346.924,92.7726602268993,2.5195580015037744,,0.79466552734375,-3.476684570312454,0.9066798090934753
1773519346.956,92.75282098843093,2.5195580015037744,,0.7938992818196614,-3.476684570312454,0.9079902768135071
1773519346.992,92.74603061499535,2.660548793610346,,0.7969849268595378,-3.8134155273437464,0.9099530577659607
1773519347.024,91.5768258989866,2.5195580015037744,,0.7953670501708985,-4.589996337890625,0.9683710336685181
1773519347.056,91.5768258989866,2.5195580015037744,,0.7996140797932942,-4.936828613281232,0.9554364681243896
1773519347.0921,91.5768258989866,1.2750805350988288,,0.7979151407877604,-4.936828613281232,0.9282159805297852
1773519347.124,92.25406220582009,1.2750805350988288,,0.7977074940999349,-4.936828613281232,0.9316055774688721
1773519347.156,92.25406220582009,1.2750805350988288,,0.7975959142049154,-4.936828613281232,0.9262887239456177
1773519347.192,92.25406220582009,1.5874284866800308,,0.7974739074707031,-4.936828613281232,0.9269367456436157
1773519347.224,91.65799337018365,1.8925638795225341,,0.8026283264160157,-6.907958984374982,0.9263996481895447
1773519347.256,91.65799337018365,1.8925638795225341,,0.8018140157063802,-6.907958984374982,0.9259507060050964
1773519347.292,91.65799337018365,1.8925638795225341,,0.8057699839274088,-6.907958984374982,0.9308655858039856
1773519347.324,91.72912777764186,1.2378178614670423,,0.8005149841308594,-6.2844238281249964,0.9348635077476501
1773519347.356,91.74338897679156,1.2378178614670423,,0.7925701141357422,-5.3921508789062145,0.9302977323532104
1773519347.3921,95.48477099726045,1.2378178614670423,,0.7803797403971354,-3.6411437988281037,0.9243966937065125
1773519347.424,101.88511197553308,2.2362484117221744,,0.7986560821533203,-3.5665588378905966,0.962027907371521
1773519347.456,102.33212157172979,2.2362484117221744,,0.7950081507364909,-3.5665588378905966,0.9638906121253967
1773519347.4921,103.53557643011834,2.2362484117221744,,0.7948527654012044,-3.5665588378905966,0.9581977128982544
1773519347.524,103.62154315888233,2.1820700274326543,,0.7914653778076172,-1.9406127929687145,0.9605858325958252
1773519347.556,121.58266305018182,1.5601397824135805,,0.7847730000813802,-0.435333251953125,0.9545276761054993
1773519347.5921,126.33309894357095,1.5601397824135805,,0.7840091069539388,1.271728515625039,0.9403013586997986
1773519347.624,126.33309894357095,2.1820700274326543,,0.7883293787638347,1.638397216796914,0.9336830377578735
1773519347.656,114.4118365328131,1.5601397824135805,,0.7709348042805989,6.6629638671875036,0.9660235047340393
1773519347.6921,97.7316572840611,1.4201955690657442,,0.7471021016438802,7.71514892578125,0.9499086141586304
1773519347.724,97.57128147307768,1.0410906554348225,,0.773541259765625,7.91406250000005,0.9288601279258728
1773519347.7561,97.57128147307768,1.0410906554348225,,0.7713492075602214,18.774536132812543,0.932297945022583
1773519347.7921,97.20704658103354,1.0410906554348225,,0.7483088175455729,18.774536132812543,0.9145169854164124
1773519347.824,95.95510989946085,5.743525958391101,,0.7227999369303385,31.018798828125043,0.9621851444244385
1773519347.856,94.03671004425831,6.099588575153392,,0.7075777053833008,34.6721343994141,0.7652685046195984
1773519347.8921,90.50213861543895,6.455651191915684,,0.7011007308959961,38.32546997070315,0.819560170173645
1773519347.9241,88.95186031019438,6.48602891290448,,,39.87994384765627,0.0
1773519347.956,90.50213861543895,6.455651191915684,,,41.43441772460939,0.0
1773519347.9921,,,,,,0.0
1773519348.0241,,,,,,0.0
1773519348.056,,,,,,0.0
1773519348.0921,,,,,,0.0
1773519348.124,,,,,,0.0
1773519348.1561,101.0085663812104,1.8150587790186563,,,10.155090332031289,0.0
1773519348.1921,101.0085663812104,1.8150587790186563,,,10.155090332031289,0.0
1773519348.2241,101.0085663812104,1.8150587790186563,,0.7662659962972005,10.155090332031289,0.8924782276153564
1773519348.2561,98.13877740205734,3.1712068354388814,-22.917314023410164,,19.740234375000032,0.0
1773519348.2921,98.13877740205734,3.1712068354388814,-22.917314023410164,,19.740234375000032,0.0
1773519348.3241,95.2689884229043,4.5273548918591064,-22.917314023410164,0.7263278961181641,29.325378417968775,0.9309340119361877
1773519348.3561,95.2689884229043,4.5273548918591064,-22.917314023410164,,29.325378417968775,0.0
1773519348.3921,95.2689884229043,4.5273548918591064,-22.917314023410164,,29.325378417968775,0.0
1773519348.4241,,,,,,0.0
1773519348.4561,,3.1376140407045554,,,15.751770019531275,0.0
1773519348.4921,,3.1376140407045554,,,15.751770019531275,0.0
1773519348.5241,,3.1376140407045554,,0.7546062469482422,15.751770019531275,0.7957930564880371
1773519348.5561,,3.1376140407045554,,,15.751770019531275,0.0
1773519348.5922,,3.1376140407045554,,,15.751770019531275,0.0
1773519348.6241,,,,,,0.0
1773519348.6561,,,,,,0.0
1773519348.6921,,,,,,0.0
1773519348.7241,,,,,,0.0
1773519348.7561,,,,,,0.0
1773519348.7921,,,,,,0.0
1773519348.8241,,,,,,0.0
1773519348.8561,,,,,,0.0
1773519348.8881,,,,,,0.0
1773519348.9241,,,,,,0.0
1773519348.9561,,,,,,0.0
1773519348.9881,,,,,,0.0
1773519349.0241,,,,,,0.0
1773519349.0561,,,,,,0.0
1773519349.0881,,,,,,0.0
1773519349.1241,,,,,,0.0
1773519349.1561,,,,,,0.0
1773519349.1882,,,,,,0.0
1773519349.2241,,,,,,0.0
1773519349.2561,,,,,,0.0
1773519349.2922,,,,,,0.0
1773519349.3241,,,,,,0.0
1773519349.3561,,,,,,0.0
1773519349.3922,,,,,,0.0
1773519349.4241,,,,,,0.0
1773519349.4561,,,,,,0.0
1773519349.4922,,,,,,0.0
1773519349.5241,,,,,,0.0
1773519349.5561,,,,,,0.0
1773519349.5922,,,,,,0.0
1773519349.6242,,,,,,0.0
1773519349.6562,,,,,,0.0
1773519349.6922,,,,,,0.0
1773519349.7241,,,,,,0.0
1773519349.7562,,,,,,0.0
1773519349.7921,,,,,,0.0
1773519349.8241,,,,,,0.0
1773519349.8602,,,,,,0.0
1773519349.8922,,,,,,0.0
1773519349.9241,,,,,,0.0
1773519349.9602,,,,,,0.0
1773519349.9921,,,,,,0.0
1773519350.0242,,,,,,0.0
1773519350.0603,,,,,,0.0
1773519350.0922,,,,,,0.0
1773519350.1242,,,,,,0.0
1773519350.1603,,,,,,0.0
1773519350.1922,,,,,,0.0
1773519350.2242,,,,,,0.0
1773519350.2603,,,,,,0.0
1773519350.2922,,,,,,0.0
1773519350.3242,,,,,,0.0
1773519350.3602,,,,,,0.0
1773519350.3922,,,,,,0.0
1773519350.4242,,,,,,0.0
1773519350.4602,,,,,,0.0
1773519350.4922,,,,,,0.0
1773519350.5282,,,,,,0.0
1773519350.5602,,,,,,0.0
1773519350.5922,,,,,,0.0
1773519350.6282,,,,,,0.0
1773519350.6602,,,,,,0.0
1773519350.6922,,,,,,0.0
1773519350.7282,,,,,,0.0
1773519350.7602,,,,,,0.0
1773519350.7922,,,,,,0.0
1773519350.8282,,,,,,0.0
1773519350.8602,,,,,,0.0
1773519350.8922,,,,,,0.0
1773519350.9282,,,,,,0.0
1773519350.9602,,,,,,0.0
1773519350.9922,,,,,,0.0
1773519351.0282,,,,,,0.0
1773519351.0602,,,,,,0.0
1773519351.0923,,,,,,0.0
1773519351.1282,,,,,,0.0
1773519351.1602,,,,,,0.0
1773519351.1923,,,,,,0.0
1773519351.2282,,,,,,0.0
1773519351.2602,112.88906205089161,10.684751336929313,,,38.17385864257817,0.0
1773519351.2962,117.23888937095265,16.827145775277337,,,49.0800476074219,0.0
1773519351.3282,117.94546875020245,16.901611860449215,,0.7078935623168945,43.94970703125004,0.9131386876106262
1773519351.3602,115.41726540054702,13.793181598689264,,0.6624511082967123,41.061782836914105,0.9310007095336914
1773519351.3962,112.88906205089161,10.684751336929313,,0.6958605448404948,38.17385864257817,0.9293907284736633
1773519351.4282,117.94546875020245,16.901611860449215,,0.7803923288981119,34.33270263671876,0.8297272324562073
1773519351.4602,117.94546875020245,13.0401152523335,,0.793053944905599,18.505310058593754,0.8963152170181274
1773519351.4963,113.18920134276318,8.125172845506379,,0.7158959706624349,18.505310058593754,0.9574485421180725
1773519351.5282,113.18920134276318,8.604957664679537,,0.7488697052001954,25.21493530273439,0.9375130534172058
1773519351.5602,119.57912781028378,8.604957664679537,,0.7152846654256185,25.21493530273439,0.9168964624404907
1773519351.5962,116.63629297303304,6.192229831145104,,0.7348913192749024,23.38366699218751,0.9205654859542847
1773519351.6282,113.18920134276318,3.779501997610671,,0.742521603902181,25.21493530273439,0.8568227887153625
1773519351.6603,116.37657935043313,4.498409997528474,,,23.38366699218751,0.0
1773519351.6962,120.08338460330289,0.3918623303774105,,,21.552398681640632,0.0
1773519351.7283,,,,,,0.0
1773519351.7603,,,,,,0.0
1773519351.7962,,,,,,0.0
1773519351.8283,,,,,,0.0
1773519351.8643,83.90119291207391,7.166775569908269,,,38.129791259765646,0.0
1773519351.8963,83.90119291207391,4.106297083931779,,,34.70924377441409,0.0
1773519351.9283,83.90119291207391,2.089454305258069,,0.7079853693644206,31.288696289062532,0.9234901666641235
1773519351.9643,83.90119291207391,2.08476695581726,,0.7222376505533854,25.16363525390627,0.8669255971908569
1773519351.9962,83.90119291207391,2.0800796063764517,,0.7477587381998698,19.03857421875001,0.8730413913726807
1773519352.0283,,1.0458185979552892,,0.7678319295247396,9.403442382812539,0.8644208312034607
1773519352.0643,,0.5159590429021311,,0.7726946512858073,7.069335937500032,0.8832255005836487
1773519352.0962,,0.5159590429021311,,0.7811769485473633,3.089447021484375,0.8759738802909851
1773519352.1283,92.41519583628966,0.5159590429021311,,0.7809860865275066,2.997833251953139,0.8886028528213501
1773519352.1643,88.7546820292855,1.6426731014217388,,0.7937590281168619,2.997833251953139,0.8962365388870239
1773519352.1963,85.09416822228135,6.879176918037078,,0.8005210876464843,3.089447021484375,0.8724759221076965
1773519352.2283,87.905002380745,6.879176918037078,,0.7549476623535156,-1.8042602539062003,0.9617387056350708
1773519352.2642,90.71583653920867,6.879176918037078,,0.7709093729654948,-1.8042602539062003,0.9242203235626221
1773519352.2963,90.71583653920867,4.048444680045987,,0.7911813100179036,-1.8042602539062003,0.8943175077438354
1773519352.3283,92.75860771670146,4.048444680045987,,0.7951532999674479,-3.02340698242185,0.9115041494369507
1773519352.3642,92.75860771670146,4.048444680045987,,0.7937211990356445,-3.7108154296874574,0.9027618765830994
1773519352.3963,93.76502435284429,5.544591106067196,,0.8034737904866537,-3.9914855957031214,0.8761028051376343
1773519352.4323,93.76502435284429,5.911060289317246,,0.7957380294799805,-7.704650878906243,0.9018768072128296
1773519352.4642,93.76502435284429,7.102559914946125,,0.8168474197387695,-7.704650878906243,0.9098107814788818
1773519352.4963,92.93979427759231,7.102559914946125,,0.8137522379557292,-9.797119140624986,0.8932414054870605
1773519352.5323,93.01505143768061,7.102559914946125,,0.7959387461344402,-9.797119140624986,0.908706545829773
1773519352.5643,92.93979427759231,7.102559914946125,,0.8078330993652344,-4.08782958984375,0.9041576385498047
1773519352.5963,92.53611552785293,6.949393737374885,,0.7934776941935221,-2.9065246582030824,0.9274457693099976
1773519352.6323,91.93395669042926,6.78564419935317,,0.774450937906901,-2.735504150390593,0.9749657511711121
1773519352.6643,91.93395669042926,6.568260935645993,,0.7931214014689127,-2.735504150390593,0.9685641527175903
1773519352.6963,90.96056078195996,5.4970118104447945,,0.7861490885416667,-2.735504150390593,0.9554749727249146
1773519352.7323,90.96056078195996,4.988339329288429,,0.7977516810099284,-4.612976074218729,0.9073977470397949
1773519352.7643,90.96056078195996,4.555662198949539,,0.8075342814127604,-4.958038330078125,0.9253749251365662
1773519352.7963,90.96056078195996,4.478005038081831,,0.7970328013102214,-6.871856689453093,0.9282729625701904
1773519352.8323,90.96056078195996,4.555662198949539,,0.8017388025919596,-6.871856689453093,0.9181159734725952
1773519352.8643,91.89048130561787,4.478005038081831,,0.8046880722045898,-6.5636596679687464,0.9161267280578613
1773519352.8963,94.78263003971568,4.478005038081831,,0.8010967254638672,-6.5636596679687464,0.9605254530906677
1773519352.9323,97.73017373580738,4.247310520397647,,0.7902886072794596,-6.151885986328125,0.9380429983139038
1773519352.9643,97.73017373580738,4.838808997041847,,0.7972335815429688,-6.135314941406218,0.9580733776092529
1773519352.9964,97.73017373580738,4.838808997041847,,0.8002388636271159,-6.135314941406218,0.9630942940711975
1773519353.0323,92.75392243096746,4.838808997041847,,0.800204340616862,-6.135314941406218,0.9505776166915894
1773519353.0643,92.75392243096746,4.828064643960267,,0.8008057276407877,-6.135314941406218,0.9515576958656311
1773519353.0964,92.75392243096746,4.828064643960267,,0.7952843983968099,-5.053100585937482,0.9480963945388794
1773519353.1323,95.79332179309029,4.828064643960267,,0.7943865458170573,-4.487487792968743,0.9434491991996765
1773519353.1643,95.79332179309029,4.828064643960267,,0.7979497273763021,-4.487487792968743,0.9462199807167053
1773519353.1964,95.79332179309029,4.927289028152426,,0.7967713673909506,-5.053100585937482,0.9542287588119507
1773519353.2323,93.38803715885504,4.927289028152426,,0.8037388483683269,-6.192657470703118,0.939978837966919
1773519353.2643,93.38803715885504,4.927289028152426,,0.8017674763997396,-6.653533935546836,0.9448087215423584
1773519353.2964,93.38313877881818,4.813991977893662,,0.8003238042195638,-6.885620117187461,0.9420463442802429
1773519353.3323,92.99680597707808,4.762146990114143,,0.8012839635213216,-6.653533935546836,0.8988813757896423
1773519353.3643,92.99680597707808,4.762146990114143,,0.8107293446858724,-6.653533935546836,0.9318581819534302
1773519353.3964,93.18945313066425,4.421170804484955,,0.7954384485880533,-11.187316894531243,0.8865559101104736
1773519353.4323,92.9933472143365,4.5590061753876,,0.8182410558064779,-12.864868164062475,0.9287758469581604
1773519353.4643,92.71137344023799,4.5590061753876,,0.8147870381673177,-13.07830810546875,0.9177266359329224
1773519353.4964,92.14263590289919,5.604193520199708,,0.8142242431640625,-13.135009765624961,0.9103439450263977
1773519353.5323,93.23873213845087,5.265975012768194,,0.8146689097086589,-13.135009765624961,0.901016891002655
1773519353.5643,93.11791491706353,5.265975012768194,,0.8170680363972982,-13.551605224609329,0.9073094725608826
1773519353.5964,92.93043629942746,5.265975012768194,,0.8191879272460938,-14.229888916015607,0.9004652500152588
1773519353.6323,93.11791491706353,5.043387337401899,,0.8156549453735351,-14.936767578124961,0.90402752161026
1773519353.6643,93.23873213845087,4.906528297212136,,0.8185407002766927,-14.936767578124961,0.9054439663887024
1773519353.6964,93.50514321324924,4.693376427124678,,0.8208787918090821,-14.936767578124961,0.9044504761695862
1773519353.7323,93.69060524480234,3.929655026505306,,0.8172854105631511,-14.936767578124961,0.9021833539009094
1773519353.7643,93.69060524480234,3.929655026505306,,0.8201596577962239,-14.358642578124954,0.8900912404060364
1773519353.7964,94.501441067572,3.929655026505306,,0.8173362731933593,-14.33422851562499,0.8946775197982788
1773519353.8323,94.77548349307928,5.42899019565849,,0.8136094411214193,-12.569763183593743,0.9438683390617371
1773519353.8643,94.501441067572,5.711227231626038,,0.8130415598551433,-12.29718017578124,0.9368521571159363
1773519353.8964,94.60877794865925,6.076290864922874,,0.8106205622355144,-11.567230224609375,0.9431126713752747
1773519353.9323,94.60877794865925,6.076290864922874,,0.8099091847737631,-11.567230224609375,0.9481340050697327
1773519353.9643,94.19835763787317,6.076290864922874,,0.8115208307902019,-11.567230224609375,0.9538134336471558
1773519353.9964,94.19835763787317,6.076290864922874,,0.8134508768717448,-12.493652343749968,0.9497271776199341
1773519354.0323,93.48228058554174,6.076290864922874,,0.8150597254435221,-12.811157226562457,0.9439249038696289
1773519354.0643,93.48228058554174,5.648262743425615,,0.8141123453776041,-13.265899658203093,0.946381151676178
1773519354.0964,94.14575557191158,5.575942736924884,,0.8178915659586589,-13.758666992187472,0.9350212812423706
1773519354.1323,95.10551945785583,5.480420954837041,,0.8184755325317383,-13.758666992187472,0.9322423934936523
1773519354.1643,94.14575557191158,5.480420954837041,,0.8160863240559896,-14.625183105468729,0.924749493598938
1773519354.1964,94.54741797780295,5.480420954837041,,0.7975223541259766,-14.905487060546871,0.8987458348274231
1773519354.2324,95.10551945785583,5.37154552534811,,0.8259723663330079,-17.91467285156248,0.9314817786216736
1773519354.2644,94.54741797780295,5.538896406381235,,0.8319115956624349,-18.503967285156246,0.9397409558296204
1773519354.2964,92.5028350236726,5.656908028528913,,0.8247446695963542,-19.194641113281214,0.8879320025444031
1773519354.3323,92.21296515796347,5.538896406381235,,0.8307270050048828,-19.194641113281214,0.8720099329948425
1773519354.3643,91.54475145613351,5.305937078632317,,0.8274112701416015,-17.91467285156248,0.8864954710006714
1773519354.3964,91.54475145613351,5.412304368636842,,0.8205727259318034,-15.912139892578114,0.9039720296859741
1773519354.4323,91.50792340798554,5.305937078632317,,0.81622740427653,-13.826385498046854,0.9033681750297546
1773519354.4643,91.50792340798554,4.954431392151012,,0.8112571716308594,-12.983398437499982,0.919328510761261
1773519354.4964,92.1601272390093,4.954431392151012,,0.814471181233724,-11.440673828124996,0.9203275442123413
1773519354.5323,92.43363648038263,5.412304368636842,,0.8037804921468099,-7.851867675781232,0.9225650429725647
1773519354.5643,93.11720938640926,5.740366675229943,,0.7936137517293295,-2.971832275390618,0.9596228003501892
1773519354.5964,94.08764792685179,5.740366675229943,,0.7876853942871094,-0.12622070312497513,0.9489850997924805
1773519354.6323,94.37451356126769,5.740366675229943,,0.7666359583536784,-0.06945800781247513,0.8794575929641724
1773519354.6643,94.69650254052421,5.14128174201908,,0.787567138671875,7.827026367187511,0.8890705108642578
1773519354.6964,91.97566459885557,5.14128174201908,,0.7601760864257813,9.977508544921907,0.9100823998451233
1773519354.7324,95.59222278861255,0.8024176591500063,,0.7711161295572917,12.21331787109376,0.8754807710647583
1773519354.7644,93.08953182831281,0.7555781971781874,,0.761978022257487,12.645782470703137,0.8752070069313049
1773519354.7964,93.08953182831281,0.8024176591500063,,0.6864755630493165,12.21331787109376,0.8405170440673828
1773519354.8324,93.08953182831281,4.069701804260146,,,30.333908081054695,0.0
1773519354.8644,97.81995724752703,0.3582348639648547,,,48.454498291015625,0.0
1773519354.8964,,,,,,0.0
1773519354.9324,,12.235878294677226,,,29.170623779296907,0.0
1773519354.9644,110.60533902966964,13.898539191901392,,,27.906723022460973,0.0
1773519354.9964,110.60533902966964,12.235878294677226,,0.7266503016153971,26.64282226562504,0.8297908306121826
1773519355.0324,110.60533902966964,12.235878294677226,,0.7319165547688802,26.64282226562504,0.9060445427894592
1773519355.0644,110.60533902966964,12.235878294677226,,0.7369731903076172,26.64282226562504,0.7159228324890137
1773519355.0965,110.60533902966964,10.665860048384062,,,25.429229736328153,0.0
1773519355.1325,,5.770520007642564,,,24.215637207031264,0.0
1773519355.1644,,,,,,0.0
1773519355.1964,,,,,,0.0
1773519355.2324,,,,,,0.0
1773519355.2644,,,,,,0.0
1773519355.2964,,,,,,0.0
1773519355.3324,,,,,,0.0
1773519355.3645,,,,,,0.0
1773519355.3964,,,,,,0.0
1773519355.4324,,,,,,0.0
1773519355.4644,,,,,,0.0
1773519355.4964,,,,,,0.0
1773519355.5325,,,,,,0.0
1773519355.5644,,,,,,0.0
1773519355.5964,,,,,,0.0
1773519355.6325,,,,,,0.0
1773519355.6644,,,,,,0.0
1773519355.6964,,,,,,0.0
1773519355.7325,,,,,,0.0
1773519355.7645,,,,,,0.0
1773519355.7965,,,,,,0.0
1773519355.8325,,,,,,0.0
1773519355.8645,,,,,,0.0
1773519355.8965,,,,,,0.0
1773519355.9325,,,,,,0.0
1773519355.9644,,,,,,0.0
1773519355.9964,,,,,,0.0
1773519356.0325,,,,,,0.0
1773519356.0644,,,,,,0.0
1773519356.0965,,,,,,0.0
1773519356.1325,,,,,,0.0
1773519356.1645,,,,,,0.0
1773519356.1965,,,,,,0.0
1773519356.2325,,,,,,0.0
1773519356.2644,,,,,,0.0
1773519356.2964,,,,,,0.0
1773519356.3325,,,,,,0.0
1773519356.3644,,,,,,0.0
1773519356.3964,,,,,,0.0
1773519356.4325,,,,,,0.0
1773519356.4644,,,,,,0.0
1773519356.4965,,,,,,0.0
1773519356.5325,,,,,,0.0
1773519356.5645,,,,,,0.0
1773519356.5965,,,,,,0.0
1773519356.6325,,,,,,0.0
1773519356.6644,,,,,,0.0
1773519356.6965,,,,,,0.0
1773519356.7325,,,,,,0.0
1773519356.7645,,,,,,0.0
1773519356.7965,,,,,,0.0
1773519356.8325,,,,,,0.0
1773519356.8644,,,,,,0.0
1773519356.9005,,,,,,0.0
1773519356.9325,,,,,,0.0
1773519356.9645,,,,,,0.0
1773519357.0005,,,,,,0.0
1773519357.0325,,,,,,0.0
1773519357.0645,,,,,,0.0
1773519357.1005,,,,,,0.0
1773519357.1325,111.46693092567278,1.6272778607152143,,,33.74963378906253,0.0
1773519357.1645,117.28754057702568,6.835267057486065,,,37.84658813476566,0.0
1773519357.2005,123.10815022837858,12.043256254256915,,0.7171106974283854,41.94354248046879,0.9064717292785645
1773519357.2325,127.34236381358136,16.355559799225688,,0.700040054321289,49.05526733398442,0.9042704105377197
1773519357.2645,127.34236381358136,16.355559799225688,,0.6661787668863932,49.05526733398442,0.9449928402900696
1773519357.3005,129.52386894182476,16.355559799225688,,0.6704078674316406,49.05526733398442,0.9706372022628784
1773519357.3325,131.298116497452,18.781115250080553,,,46.01016235351565,0.0
1773519357.3645,129.24540804049263,17.446951662492797,,0.7127279917399089,35.25086975097659,0.9659328460693359
1773519357.4005,124.04076079286725,16.763780480756427,,0.7152382532755533,30.919387817382848,0.9690408706665039
1773519357.4325,120.61036110086908,16.63319380554621,,0.7369617462158203,27.190368652343775,0.9711089134216309
1773519357.4645,120.42056700775461,16.63319380554621,,0.7307758331298828,24.68450927734379,0.9694548845291138
1773519357.5005,111.80441580233752,9.330320822170656,,0.7359963734944661,24.221130371093764,0.9608300924301147
1773519357.5325,111.80441580233752,6.746555757500771,,0.7390621185302735,23.212951660156254,0.9506059288978577
1773519357.5685,110.2231479760637,2.3980224905301464,,0.7772802352905274,23.212951660156254,0.9224997758865356
1773519357.6005,109.58089800617043,2.135833067062478,,0.7548699061075846,19.419082641601577,0.8365284204483032
1773519357.6325,110.2231479760637,1.8736436435948096,,0.7372008005777995,15.625213623046896,0.8993028402328491
1773519357.6685,112.2756303869669,1.2436440448268795,,,19.86579895019534,0.0
1773519357.7005,110.2231479760637,0.08926559912361276,,,24.106384277343782,0.0
1773519357.7326,,,,,,0.0
1773519357.7685,100.4445358606212,9.71389821353442,,,39.1417846679688,0.0
1773519357.8006,96.25682590459162,7.358979619307664,,,41.15223693847659,0.0
1773519357.8325,92.06911594856204,5.826065206353639,,0.7058770497639973,39.1417846679688,0.9737208485603333
1773519357.8685,93.08617601062257,5.633110107267445,,0.6975001653035482,34.10986328125004,0.9658320546150208
1773519357.9006,94.10323607268309,5.440155008181252,,0.7268433888753255,29.07794189453128,0.9369427561759949
1773519357.9326,94.10323607268309,5.440155008181252,,0.7718589146931966,16.887603759765675,0.8949080109596252
1773519357.9685,94.80194050333108,5.826065206353639,,0.7670193354288737,16.887603759765675,0.9139788150787354
1773519358.0006,97.44707033137021,5.440155008181252,,0.7522399266560872,16.887603759765675,0.9600415825843811
1773519358.0326,100.6204372358758,5.847301686962243,,0.7163983662923177,22.748992919921882,0.9562342762947083
1773519358.0685,100.6204372358758,6.087017866151806,,0.7400286992390951,24.255798339843793,0.9615992307662964
1773519358.1005,100.6204372358758,5.847301686962243,,0.7368895212809244,25.10177612304691,0.9534435272216797
1773519358.1366,99.55016390777476,5.741397853676852,,0.735127067565918,24.255798339843793,0.9606836438179016
1773519358.1685,97.74058771063655,5.741397853676852,,0.729425557454427,25.10177612304691,0.958960235118866
1773519358.2006,96.30658495038332,4.366790540224116,,0.799716567993164,25.10177612304691,0.9108259677886963
1773519358.2366,96.30658495038332,4.1748788346139705,,0.7199427922566731,22.092346191406254,0.9714496731758118
1773519358.2685,99.55016390777476,3.3880618512370835,,0.741396713256836,14.3115234375,0.9732322692871094
1773519358.3005,100.23216560695667,4.1748788346139705,,0.7576067606608073,14.3115234375,0.966566264629364
1773519358.3365,103.19054903747336,3.5992119037812396,,0.7592090606689453,14.3115234375,0.9698275923728943
1773519358.3685,103.19054903747336,3.3880618512370835,,0.7597126007080078,13.542419433593764,0.9730297327041626
1773519358.4006,102.71076663497414,3.3880618512370835,,0.7574408213297527,13.300720214843764,0.9678152203559875
1773519358.4365,102.71076663497414,1.4201123241191793,,0.7946904500325521,-3.488647460937493,0.9126701951026917
1773519358.4685,103.46723798339943,1.4201123241191793,,0.7990995407104492,-5.6050109863280895,0.9088499546051025
1773519358.5006,103.46723798339943,1.3069172829288527,,0.7999227523803711,-5.6050109863280895,0.9102141261100769
1773519358.5365,106.37834401839838,1.3069172829288527,,0.8057135264078776,-5.6050109863280895,0.9144465923309326
1773519358.5685,106.78725153547668,1.3069172829288527,,0.7876757303873698,-1.9021301269530966,0.971232533454895
1773519358.6006,106.78725153547668,1.4959115603472184,,0.7913852055867513,-1.0911865234374751,0.9397784471511841
1773519358.6365,106.45601920715335,1.3069172829288527,,0.7695580164591471,-0.12158203124998934,0.9752829670906067
1773519358.6685,106.37834401839838,1.5400987509321795,,0.7896957397460938,1.3516540527344034,0.9353244304656982
1773519358.7046,106.45601920715335,2.2798368019633335,,0.7846064885457357,3.64654541015625,0.9366707801818848
1773519358.7366,106.45601920715335,2.2798368019633335,,0.7798254648844402,2.9688720703125426,0.9639478921890259
1773519358.7685,107.54312999450372,2.781942405138415,,0.7793368021647136,3.64654541015625,0.9651461243629456
1773519358.8046,108.25266933536369,3.7170964257003676,,0.7812372843424479,3.8811035156250107,0.9660267233848572
1773519358.8366,109.29117812834154,3.7170964257003676,,0.7790939966837566,3.997650146484375,0.9647936820983887
1773519358.8686,109.29117812834154,3.7170964257003676,,0.7673965454101562,3.997650146484375,0.9725144505500793
1773519358.9046,109.72500721863081,3.365392765133348,,0.7783126831054688,4.0835571289062855,0.9639774560928345
1773519358.9365,111.39311641330518,2.7699340486074586,,0.7830010732014974,4.0835571289062855,0.9610573053359985
1773519358.9685,111.39311641330518,2.730781009137948,,0.7789150238037109,2.122253417968789,0.962062656879425
1773519359.0046,111.39311641330518,2.535162772914381,,0.7878145217895508,-0.1882019042968608,0.9650718569755554
1773519359.0366,100.86788147178963,0.735681861157985,,0.8149229685465494,-1.1864929199218288,0.9027938842773438
1773519359.0686,100.13841083170922,0.735681861157985,,0.8173769632975261,-13.200256347656207,0.898123025894165
1773519359.1046,99.29753377402909,0.735681861157985,,0.7898942947387695,-13.200256347656207,0.9101383686065674
1773519359.1366,99.29753377402909,0.8119306803190569,,0.8157201131184896,-3.689025878906218,0.8974127769470215
1773519359.1686,98.21691503485769,0.9802766292178655,,0.7909423192342122,-3.689025878906218,0.9093407988548279
1773519359.2046,98.21691503485769,0.9802766292178655,,0.795107905069987,-3.689025878906218,0.9030876755714417
1773519359.2366,98.21691503485769,0.8119306803190569,,0.7951080958048503,-2.659118652343704,0.9070752263069153
1773519359.2726,98.27549510529816,0.8087256731765532,,0.7929622650146484,-3.08441162109375,0.9144478440284729
1773519359.3046,99.56803852161526,0.5351075406504394,,0.7923473993937175,-3.08441162109375,0.9124254584312439
1773519359.3366,99.56803852161526,0.5351075406504394,,0.7938482920328777,-2.659118652343704,0.905586302280426
1773519359.3726,99.6453490568826,0.47304599294683874,,0.7945427576700846,-2.3639831542968537,0.9087826013565063
1773519359.4046,99.6453490568826,0.5578652350577095,,0.7910568237304687,-3.08441162109375,0.9180809855461121
1773519359.4366,99.22651532968426,0.5578652350577095,,0.7914450327555339,-3.4177551269531037,0.9199395775794983
1773519359.4726,99.22651532968426,0.5578652350577095,,0.7951320012410482,-2.065917968749993,0.9191306829452515
1773519359.5046,99.6453490568826,0.5578652350577095,,0.7965105692545573,-3.6641235351562074,0.923512876033783
1773519359.5366,99.95982499162535,0.5578652350577095,,0.7917264302571615,-3.700592041015618,0.9242558479309082
1773519359.5726,99.95982499162535,0.574570065835285,,0.7950560251871744,-4.362304687499989,0.9235892295837402
1773519359.6046,99.95982499162535,0.574570065835285,,0.7991135915120443,-4.412475585937479,0.9223660826683044
1773519359.6366,99.88683436988698,0.685378561663951,,0.800143305460612,-4.412475585937479,0.9208577275276184
1773519359.6726,99.88683436988698,0.685378561663951,,0.7966150919596354,-5.293395996093739,0.914611279964447
1773519359.7046,99.88683436988698,0.685378561663951,,0.7934677124023437,-4.674194335937454,0.917183518409729
1773519359.7366,99.88683436988698,0.8284776977657671,,0.7984503428141276,-4.674194335937454,0.9146144986152649
1773519359.7726,99.88683436988698,0.9226931993742947,,0.7971603393554687,-4.674194335937454,0.9134572744369507
1773519359.8046,98.11437076767227,0.9226931993742947,,0.800537109375,-5.293395996093739,0.9016059041023254
1773519359.8407,97.88970700455044,2.913220837105297,,0.7890149434407552,-6.295043945312475,0.9233047962188721
1773519359.8726,97.10204240834433,2.9416905959599156,,0.8161089579264323,-6.295043945312475,0.9319785833358765
1773519359.9046,96.59951513970077,3.105398519659924,,0.8094376881917318,-4.92895507812495,0.9318710565567017
1773519359.9407,97.10204240834433,3.105398519659924,,0.7976910909016927,-4.92895507812495,0.9398543238639832
1773519359.9726,97.69561542165457,3.19974217932446,,0.7827657063802084,2.235229492187507,0.9563190340995789
1773519360.0046,97.69561542165457,3.19974217932446,,0.7717716217041015,7.512390136718796,0.9482600688934326
1773519360.0407,99.50778872817652,3.19974217932446,,0.7594495137532552,10.89318847656255,0.949428379535675
1773519360.0726,101.74628008223681,2.156471815744382,,0.739169184366862,12.470489501953157,0.9354369044303894
1773519360.1046,101.74628008223681,2.156471815744382,,0.764728291829427,12.470489501953157,0.91363126039505
1773519360.1407,100.44500586430469,2.156471815744382,,0.7614422480265299,12.470489501953157,0.8874104022979736
1773519360.1726,96.90524029231229,3.505974537018175,,0.7695800145467122,11.681838989257853,0.863964319229126
1773519360.2047,94.75015087558927,4.946017522581418,,0.7136934916178386,12.470489501953157,0.937050998210907
1773519360.2407,94.75015087558927,5.288032212771304,,,21.97712707519534,0.0
1773519360.2726,92.59506145886625,5.630046902961191,,,35.389892578125014,0.0
1773519360.3047,,,,,,0.0
1773519360.3407,170.46800989068308,4.167990283284745,7.802885267840672,,2.0395202636718857,0.0
1773519360.3726,170.46800989068308,4.167990283284745,7.802885267840672,,2.0395202636718857,0.0
1773519360.4087,170.46800989068308,4.167990283284745,7.802885267840672,0.7831734339396159,2.0395202636718857,0.9514625668525696
1773519360.4407,144.36803911386542,9.301960716969695,7.802885267840672,,10.282028198242195,0.0
1773519360.4726,118.26806833704778,13.93345229123306,7.802885267840672,,18.524536132812504,0.0
1773519360.5087,117.67745744469775,13.93345229123306,,0.7488296508789063,27.981414794921893,0.9177047610282898
1773519360.5407,117.67745744469775,13.93345229123306,,0.7291278203328451,27.981414794921893,0.930463433265686
1773519360.5726,117.67745744469775,13.93345229123306,,0.7235586802164714,27.981414794921893,0.8615797758102417
1773519360.6087,117.08684655234771,11.812320455022771,,,29.31800842285157,0.0
1773519360.6407,,9.691188618812483,,,30.65460205078125,0.0
1773519360.6727,,,,,,0.0
1773519360.7087,,,,,,0.0
1773519360.7407,,,,,,0.0
1773519360.7727,,,,,,0.0
1773519360.8087,,,,,,0.0
1773519360.8406,,,,,,0.0
1773519360.8727,,,,,,0.0
1773519360.9087,,,,,,0.0
1773519360.9407,,,,,,0.0
1773519360.9767,,,,,,0.0
1773519361.0087,,,,,,0.0
1773519361.0407,,,,,,0.0
1773519361.0767,,,,,,0.0
1773519361.1087,,,,,,0.0
1773519361.1407,,,,,,0.0
1773519361.1767,,,,,,0.0
1773519361.2087,,,,,,0.0
1773519361.2407,,,,,,0.0
1773519361.2767,,,,,,0.0
1773519361.3086,,,,,,0.0
1773519361.3407,,,,,,0.0
1773519361.3767,,,,,,0.0
1773519361.4087,,,,,,0.0
1773519361.4407,,,,,,0.0
1773519361.4767,,,,,,0.0
1773519361.5087,,,,,,0.0
1773519361.5407,,,,,,0.0
1773519361.5767,,,,,,0.0
1773519361.6087,,,,,,0.0
1773519361.6447,,,,,,0.0
1773519361.6767,,,,,,0.0
1773519361.7087,,,,,,0.0
1773519361.7407,,,,,,0.0
1773519361.7767,,,,,,0.0
1773519361.8087,,,,,,0.0
1773519361.8447,,,,,,0.0
1773519361.8767,,,,,,0.0
1773519361.9087,,,,,,0.0
1773519361.9448,,,,,,0.0
1773519361.9767,,,,,,0.0
1773519362.0087,,,,,,0.0
1773519362.0448,,,,,,0.0
1773519362.0767,,,,,,0.0
1773519362.1087,,,,,,0.0
1773519362.1447,,,,,,0.0
1773519362.1767,,,,,,0.0
1773519362.2088,,,,,,0.0
1773519362.2448,,,,,,0.0
1773519362.2767,,,,,,0.0
1773519362.3088,,,,,,0.0
1773519362.3447,,,,,,0.0
1773519362.3767,,,,,,0.0
1773519362.4128,,,,,,0.0
1773519362.4447,,,,,,0.0
1773519362.4767,,,,,,0.0
1773519362.5128,,,,,,0.0
1773519362.5447,,,,,,0.0
1773519362.5767,,,,,,0.0
1773519362.6128,,,,,,0.0
1773519362.6447,,,,,,0.0
1773519362.6767,,,,,,0.0
1773519362.7128,,,,,,0.0
1773519362.7448,,,,,,0.0
1773519362.7768,,,,,,0.0
1773519362.8128,,,,,,0.0
1773519362.8448,,,,,,0.0
1773519362.8808,,,,,,0.0
1773519362.9128,,,,,,0.0
1773519362.9448,,,,,,0.0
1773519362.9808,,,,,,0.0
1773519363.0128,,,,,,0.0
1773519363.0448,,,,,,0.0
1773519363.0808,,,,,,0.0
1773519363.1128,,,,,,0.0
1773519363.1448,108.68646632239926,10.842096155201,,,29.61657714843751,0.0
1773519363.1808,103.8951410180228,10.425824589586892,,,30.09771728515628,0.0
1773519363.2128,108.68646632239926,10.009553023972781,,0.7257212320963542,30.57885742187505,0.9498674273490906
1773519363.2448,107.15879470802327,10.425824589586892,,0.7237164815266927,30.09771728515628,0.8984988331794739
1773519363.2808,108.68646632239926,10.009553023972781,,0.7167805989583333,29.61657714843751,0.9475139379501343
1773519363.3127,108.75280448796462,6.238179082792908,,0.7265450159708658,29.221160888671918,0.9077235460281372
1773519363.3448,113.09569188355803,4.061570205874252,,0.738221804300944,23.891387939453175,0.915073037147522
1773519363.3808,108.75280448796462,5.149874644333581,,0.7376487096150716,23.753845214843796,0.8702055811882019
1773519363.4128,116.43029343497129,4.061570205874252,,0.7411324818929036,23.616302490234418,0.8703551888465881
1773519363.4448,124.10778238197796,4.229473325509768,,,23.055282592773487,0.0
1773519363.4808,,2.220767568226628,,,22.2191772460938,0.0
1773519363.5128,,,,,,0.0
1773519363.5489,,,,,,0.0
1773519363.5808,,,,,,0.0
1773519363.6128,,,,,,0.0
1773519363.6488,92.93680848969379,6.102134097755581,,,47.72222900390627,0.0
1773519363.6808,92.2726429656295,6.13033490076771,,,46.17366027832033,0.0
1773519363.7128,92.93680848969379,6.102134097755581,,0.6880011240641276,44.625091552734375,0.9729890823364258
1773519363.7488,92.2726429656295,5.324039113571248,,0.6944534937540691,43.342803955078146,0.9722386002540588
1773519363.7808,92.93680848969379,4.545944129386916,,0.6997963587443033,42.06051635742192,0.9685587882995605
1773519363.8128,91.60847744156521,4.304334550418326,,0.700247065226237,41.84417724609375,0.9475210905075073
1773519363.8489,93.36399101424097,4.125420681938213,,0.7640686670939127,21.592864990234393,0.9108092784881592
1773519363.8808,92.65926724542265,4.304334550418326,,0.7424372990926107,11.209808349609407,0.9527394771575928
1773519363.9129,93.36399101424097,4.125420681938213,,0.7736014048258464,6.634094238281261,0.9256410598754883
1773519363.9488,93.36399101424097,4.156208102081452,,0.7737151463826497,6.579498291015664,0.9260388612747192
1773519363.9808,93.6299461069085,4.125420681938213,,0.784786605834961,6.579498291015664,0.9038798809051514
1773519364.0128,93.89590119957606,4.156208102081452,,0.7851161321004232,6.579498291015664,0.8974713087081909
1773519364.0488,94.89143358426395,4.104662364962266,,0.7705237070719401,7.830322265625043,0.915712296962738
1773519364.0808,98.54832065161199,3.8192830171301835,,0.7711092631022135,7.830322265625043,0.9426934123039246
1773519364.1169,101.41363390855693,2.1202838108172326,,0.7679058710734049,7.830322265625043,0.8902041912078857
1773519364.1488,101.61759248284176,3.56301124633745,,0.7880196889241536,7.830322265625043,0.9250316619873047
1773519364.1809,102.0074247008385,3.56301124633745,,0.7814078013102214,9.367950439453168,0.9228689074516296
1773519364.2169,102.39725691883525,3.685673794582219,,0.765292739868164,10.622253417968786,0.9195731282234192
1773519364.2488,113.77551364562213,3.56301124633745,,0.7440089543660482,10.9325561523438,0.9690960645675659
1773519364.2809,121.10095460551983,3.56301124633745,,0.7536643981933594,10.9325561523438,0.9693248271942139
1773519364.3168,130.68197070025923,0.8713182530067917,,0.7646462758382161,10.9325561523438,0.9364814758300781
1773519364.3488,132.09992734811772,0.8713182530067917,,0.7794762929280599,3.814147949218789,0.9600465297698975
1773519364.3808,134.58771234183274,0.8713182530067917,,0.7799201329549154,3.6011047363281534,0.9690651893615723
1773519364.4169,139.4887003005519,1.9628820441966135,,0.7808613459269206,3.6011047363281534,0.9729377627372742
1773519364.4488,139.4887003005519,1.9628820441966135,,0.7892955780029297,3.1493225097656463,0.974025309085846
1773519364.4808,145.88588784481107,2.9420113434090442,,0.7757938385009766,3.1493225097656463,0.9434604644775391
1773519364.5169,145.88588784481107,2.9420113434090442,,0.7902873357137045,-0.581268310546843,0.9735738039016724
1773519364.5489,133.00862391371774,2.7352352917488445,,0.7803072611490885,3.4152832031250213,0.9397056698799133
1773519364.5849,119.18595230484789,2.7352352917488445,,0.7886334101359049,3.4152832031250213,0.968288004398346
1773519364.6168,119.18595230484789,2.9420113434090442,,0.7777978897094726,3.4152832031250213,0.9728583097457886
1773519364.6488,119.18595230484789,2.7352352917488445,,0.7689926147460937,4.619781494140671,0.9765151739120483
1773519364.6849,122.05905276476138,2.7352352917488445,,0.7823561350504558,4.669311523437525,0.9744102358818054
1773519364.7168,122.05905276476138,3.1066819652821844,,0.7776947021484375,8.846313476562546,0.9709440469741821
1773519364.7488,122.05905276476138,3.1066819652821844,,0.7626105626424153,11.909698486328164,0.9748353362083435
1773519364.7849,108.59252465935272,4.628971837191539,,0.7524150212605795,13.141235351562504,0.9777213931083679
1773519364.8168,104.88959544788466,4.628971837191539,,0.7600448608398438,13.141235351562504,0.9801031947135925
1773519364.8489,103.7193970218338,4.722223584551793,,0.7554770787556966,15.060455322265671,0.9789438247680664
1773519364.8849,101.35484246070021,4.920254779883306,,0.7605964024861653,13.141235351562504,0.9711453914642334
1773519364.9168,103.7193970218338,4.628971837191539,,0.7560464859008789,12.876495361328164,0.9734989404678345
1773519364.9489,103.7193970218338,4.4962661202569,,0.7637688954671223,12.876495361328164,0.9746889472007751
1773519364.9849,101.35484246070021,5.179515038361334,,0.7637039184570312,11.384887695312536,0.9714573621749878
1773519365.0169,101.35484246070021,5.097245284222612,,0.7575918833414713,11.3536987304688,0.9608118534088135
1773519365.0489,97.54970132510356,5.097245284222612,,0.7646989186604818,10.907287597656268,0.9770858287811279
1773519365.0849,97.54970132510356,5.128753824745621,,0.7677471160888671,9.444152832031296,0.9764264822006226
1773519365.1169,97.54970132510356,5.128753824745621,,0.773217519124349,7.680908203125032,0.9755850434303284
1773519365.1489,97.54970132510356,5.097245284222612,,0.7714205423990885,6.8896484375000355,0.9749423861503601
1773519365.1849,97.02458932029033,4.872628516595217,,0.7730690002441406,6.8896484375000355,0.9708071947097778
1773519365.2169,97.02458932029033,4.56145769518726,,0.7756379445393881,7.536346435546886,0.9695698618888855
1773519365.2529,97.02458932029033,4.47603389011433,,0.7717217127482097,7.445861816406278,0.9664137959480286
1773519365.2849,97.54047451505006,3.9557506766444077,,0.7713009516398112,7.445861816406278,0.9670448303222656
1773519365.3169,98.49043138690732,3.8225306162108357,,0.7719102223714193,7.445861816406278,0.9684115052223206
1773519365.3529,101.3199654690552,3.6438981607904037,,0.7723922729492188,7.214477539062525,0.9676796793937683
1773519365.3849,101.3199654690552,3.8225306162108357,,0.774032719930013,7.214477539062525,0.9704368114471436
1773519365.4169,101.3199654690552,3.8225306162108357,,0.7776696523030598,7.214477539062525,0.9717839360237122
1773519365.4529,98.08189739053265,4.211490354829546,,0.7588339487711588,11.894317626953175,0.9743180871009827
1773519365.4849,98.08189739053265,4.50012843657951,,0.7611565272013346,11.894317626953175,0.976702094078064
1773519365.5169,95.86045364658126,4.540123489185994,,0.7626426060994466,11.894317626953175,0.9756185412406921
1773519365.5529,95.86045364658126,4.540123489185994,,0.7649834314982097,10.770721435546875,0.9765947461128235
1773519365.5849,95.86045364658126,4.50012843657951,,0.7666196823120117,10.264953613281289,0.9763848185539246
1773519365.617,95.86045364658126,4.50012843657951,,0.7696730931599934,10.264953613281289,0.9740890264511108
1773519365.6529,95.86045364658126,4.379767322449175,,0.766037114461263,10.264953613281289,0.9718847274780273
1773519365.6849,96.96519453688244,3.983725539516268,,0.7646687189737956,10.787567138671896,0.9735246896743774
1773519365.7169,99.88204995058629,3.5777035712295797,,0.7642012278238932,10.921783447265625,0.9736782312393188
1773519365.7529,99.88204995058629,3.327232642768305,,0.7649483362833659,11.146179199218782,0.9743849039077759
1773519365.7849,99.88204995058629,3.327232642768305,,0.7611597061157227,11.146179199218782,0.9730937480926514
1773519365.8169,98.22353366936044,3.327232642768305,,0.7639114379882812,10.787567138671896,0.9705580472946167
1773519365.8529,92.32830644843715,4.6176537953181205,,0.7728018442789714,7.017883300781271,0.973442554473877
1773519365.8849,91.62828048482528,4.6176537953181205,,0.77793763478597,6.422058105468782,0.9775562882423401
1773519365.9209,90.7988682174971,4.6176537953181205,,0.7740431467692057,5.642272949218778,0.9775421619415283
1773519365.9529,90.7988682174971,4.5884328199146305,,0.7756676991780599,5.642272949218778,0.9748168587684631
1773519365.9849,92.32830644843715,3.9251251115170835,,0.7819778442382812,5.642272949218778,0.9730101823806763
1773519366.021,93.63034413321749,3.8252526136417813,,0.7675380706787109,5.642272949218778,0.9320942759513855
1773519366.0529,97.91696753955037,0.7485395183669443,,0.7821408589680989,9.544494628906275,0.9613611102104187
1773519366.0849,97.91696753955037,0.7485395183669443,,0.7522195816040039,11.503723144531275,0.9308455586433411
1773519366.121,96.19569663220778,0.7485395183669443,,0.7516468683878581,15.5132751464844,0.9268755912780762
1773519366.1529,97.91696753955037,0.5199289697298478,,0.7634563446044922,16.20532226562502,0.9569201469421387
1773519366.1849,96.19569663220778,0.7485395183669443,,0.7551031112670898,15.5132751464844,0.9030426740646362
1773519366.2209,94.47442572486518,4.400350086113542,,,11.503723144531275,0.0
1773519366.2529,,3.2937486516241847,,,11.110565185546886,0.0
1773519366.2849,,3.2937486516241847,,0.7660073598225912,11.110565185546886,0.780724048614502
1773519366.3209,94.68791241253466,3.6845923121011284,,0.7642754236857097,13.570785522460955,0.8369426727294922
1773519366.353,93.17780777487953,4.075435972578072,,0.7540245056152344,16.031005859375025,0.8850002884864807
1773519366.3849,93.17780777487953,3.6845923121011284,,0.7356573740641276,20.43911743164066,0.9512105584144592
1773519366.4209,93.17780777487953,4.075435972578072,,0.6926401774088542,24.847229003906293,0.891021728515625
1773519366.4529,93.17780777487953,4.761413828152385,,,35.1713562011719,0.0
1773519366.489,91.6677031372244,5.447391683726697,,,45.495483398437514,0.0
1773519366.5209,176.08399708182972,8.737499249408442,5.094687775722931,,7.781341552734418,0.0
1773519366.553,176.08399708182972,8.737499249408442,5.094687775722931,,7.781341552734418,0.0
1773519366.589,176.08399708182972,8.737499249408442,5.094687775722931,0.771211306254069,7.781341552734418,0.8977425694465637
1773519366.621,176.08399708182972,8.737499249408442,5.094687775722931,,7.781341552734418,0.0
1773519366.653,176.08399708182972,11.043251351151467,5.094687775722931,,19.649765014648484,0.0
1773519366.689,,13.349003452894491,,,31.51818847656255,0.0
1773519366.721,,13.349003452894491,,0.721759541829427,31.51818847656255,0.9111073017120361
1773519366.753,,13.349003452894491,,,31.51818847656255,0.0
1773519366.789,,13.349003452894491,,,31.51818847656255,0.0
1773519366.821,,,,,,0.0
1773519366.853,,,,,,0.0
1773519366.889,,,,,,0.0
1773519366.9209,,,,,,0.0
1773519366.953,,,,,,0.0
1773519366.9889,,,,,,0.0
1773519367.021,,,,,,0.0
1773519367.057,,,,,,0.0
1773519367.0889,,,,,,0.0
1773519367.121,,,,,,0.0
1773519367.157,,,,,,0.0
1773519367.189,,,,,,0.0
1773519367.221,,,,,,0.0
1773519367.257,,,,,,0.0
1773519367.289,,,,,,0.0
1773519367.321,,,,,,0.0
1773519367.357,,,,,,0.0
1773519367.389,,,,,,0.0
1773519367.421,,,,,,0.0
1773519367.457,,,,,,0.0
1773519367.489,,,,,,0.0
1773519367.521,,,,,,0.0
1773519367.557,,,,,,0.0
1773519367.589,,,,,,0.0
1773519367.625,,,,,,0.0
1773519367.657,,,,,,0.0
1773519367.689,,,,,,0.0
1773519367.725,,,,,,0.0
1773519367.757,,,,,,0.0
1773519367.789,,,,,,0.0
1773519367.825,,,,,,0.0
1773519367.857,,,,,,0.0
1773519367.889,,,,,,0.0
1773519367.9251,,,,,,0.0
1773519367.957,,,,,,0.0
1773519367.989,,,,,,0.0
1773519368.025,,,,,,0.0
1773519368.057,,,,,,0.0
1773519368.0891,,,,,,0.0
1773519368.125,,,,,,0.0
1773519368.157,,,,,,0.0
1773519368.1931,,,,,,0.0
1773519368.225,,,,,,0.0
1773519368.257,,,,,,0.0
1773519368.2931,,,,,,0.0
1773519368.325,,,,,,0.0
1773519368.3571,,,,,,0.0
1773519368.3931,,,,,,0.0
1773519368.425,,,,,,0.0
1773519368.4571,,,,,,0.0
1773519368.4931,,,,,,0.0
1773519368.525,,,,,,0.0
1773519368.5571,,,,,,0.0
1773519368.5931,,,,,,0.0
1773519368.6251,,,,,,0.0
1773519368.6571,,,,,,0.0
1773519368.693,,,,,,0.0
1773519368.725,,,,,,0.0
1773519368.7611,,,,,,0.0
1773519368.7931,,,,,,0.0
1773519368.825,,,,,,0.0
1773519368.8611,,,,,,0.0
1773519368.8931,,,,,,0.0
1773519368.9251,,,,,,0.0
1773519368.9611,,,,,,0.0
1773519368.9931,,,,,,0.0
1773519369.0251,,,,,,0.0
1773519369.0611,,,,,,0.0
1773519369.093,,,,,,0.0
1773519369.1251,,,,,,0.0
1773519369.1611,,,,,,0.0
1773519369.1931,,,,,,0.0
1773519369.2251,,,,,,0.0
1773519369.2611,,,,,,0.0
1773519369.2931,,,,,,0.0
1773519369.3291,,,,,,0.0
1773519369.3611,,,,,,0.0
1773519369.3931,,,,,,0.0
1773519369.4291,88.04496180131643,22.274228365035828,-4.677273976221978,,31.630889892578153,0.0
1773519369.4611,92.45412532723762,17.545854288463016,-8.417941451146737,,21.109848022460973,0.0
1773519369.4931,96.86328885315879,12.817480211890205,-12.158608926071494,0.7215247472127279,31.630889892578153,0.8680624961853027
1773519369.5291,103.86836765265694,10.49773972881747,-12.158608926071494,0.7653624216715494,26.900161743164084,0.9236932396888733
1773519369.5611,109.54771711191867,9.04962937020282,-12.158608926071494,0.7144986470540364,22.169433593750014,0.9269704818725586
1773519369.5931,110.8734464521551,8.177999245744735,-16.827243297744175,0.7412361145019531,22.169433593750014,0.9163433313369751
1773519369.6291,116.67729317036519,6.962621379568577,-21.49587766941686,0.7513668060302734,22.169433593750014,0.9134654402732849
1773519369.6611,114.09645539495801,7.570310312656655,,0.731098747253418,21.47131347656252,0.9252893924713135
1773519369.6931,117.31946433776093,6.962621379568577,,0.7441449483235677,20.77319335937503,0.8982911109924316
1773519369.7291,119.33302467795741,3.726340406037754,,,23.90428161621097,0.0
1773519369.7611,117.31946433776093,6.962621379568577,,,20.77319335937503,0.0
1773519369.7931,,,,,,0.0
1773519369.8291,,,,,,0.0
1773519369.8611,,,,,,0.0
1773519369.8972,,,,,,0.0
1773519369.9291,,,,,,0.0
1773519369.9611,,,,,,0.0
1773519369.9971,103.20115208367885,5.414786851044123,,,28.59451293945316,0.0
1773519370.0291,98.57566162190314,5.687127189517062,,,26.23701477050785,0.0
1773519370.0611,98.57566162190314,5.414786851044123,,0.7278505325317383,23.879516601562543,0.9622212052345276
1773519370.0972,98.57566162190314,4.087257162712099,,0.7376734415690104,19.006744384765668,0.9567157626152039
1773519370.1291,98.57566162190314,2.759727474380076,,0.7579766591389974,14.133972167968789,0.8739928603172302
1773519370.1611,93.95017116012743,1.4585605258805294,,0.765565299987793,10.49142456054689,0.8116462230682373
1773519370.1972,,1.4585605258805294,,0.7732062021891276,10.49142456054689,0.7877689599990845
1773519370.2291,,1.4585605258805294,,0.7692422231038412,10.49142456054689,0.8214973211288452
1773519370.2612,,2.260452014861436,,0.7563791910807292,9.712768554687514,0.844374418258667
1773519370.2972,,2.503593716226717,,0.7615612030029297,12.413391113281254,0.8459145426750183
1773519370.3291,,2.503593716226717,,0.7671875,14.900756835937532,0.8587628602981567
1773519370.3612,98.53318550608924,2.503593716226717,,0.7523169199625651,12.413391113281254,0.8794729113578796
1773519370.3971,98.59473872867974,3.036603230184121,,0.7469062805175781,12.170043945312514,0.9135915637016296
1773519370.4291,98.65629195127025,3.036603230184121,,0.7620681762695313,16.85064697265627,0.9292144775390625
1773519370.4611,98.59473872867974,3.536422959359422,,0.7647659937540691,12.7251586914063,0.9253203272819519
1773519370.4971,98.53318550608924,3.536422959359422,,0.7432603200276693,12.7251586914063,0.9382688999176025
1773519370.5291,98.65629195127025,3.2400722454113406,,0.7609116872151692,15.7866821289063,0.9103028178215027
1773519370.5652,97.72995346214587,0.6763067350083372,,0.7545335133870442,19.3517456054688,0.9389778971672058
1773519370.5971,97.72995346214587,3.2400722454113406,,0.7471062978108723,15.7866821289063,0.9393946528434753
1773519370.6292,99.82910765953238,3.2400722454113406,,0.7447512308756511,15.7866821289063,0.941582441329956
1773519370.6652,99.82910765953238,3.4317011957195485,,0.7711868286132812,7.793090820312525,0.9613689184188843
1773519370.6971,99.82910765953238,3.4317011957195485,,0.7725838343302409,7.793090820312525,0.9571983814239502
1773519370.7291,100.77214401592111,3.4317011957195485,,0.7713136672973633,7.793090820312525,0.9585013389587402
1773519370.7652,100.77214401592111,2.871251421334968,,0.7685859044392903,7.73220825195315,0.9634782075881958
1773519370.7971,100.77214401592111,2.871251421334968,,0.7692166010538737,7.73220825195315,0.9680420160293579
1773519370.8292,104.4839302859806,2.871251421334968,,0.77288392384847,8.738800048828157,0.955264687538147
1773519370.8652,103.2056291414706,3.5536208034352077,,0.7713774998982748,8.738800048828157,0.9727401733398438
1773519370.8972,103.2056291414706,3.5536208034352077,,0.7691492080688477,7.701568603515643,0.9733901023864746
1773519370.9292,101.3120461351566,3.5536208034352077,,0.7656623204549153,7.701568603515643,0.9734610915184021
1773519370.9652,101.3120461351566,3.5536208034352077,,0.7736327489217122,6.619049072265675,0.9668151140213013
1773519370.9972,97.05921908395806,3.640490646235078,,0.7937602996826172,3.7987365722656286,0.9220107793807983
1773519371.0292,95.50997245586721,3.640490646235078,,0.779508399963379,0.5206604003906357,0.9344474673271179
1773519371.0652,95.50997245586721,4.096596667338847,,0.806216303507487,-3.042175292968725,0.9221881628036499
1773519371.0972,94.12997354301913,4.096596667338847,,0.7863377253214519,-0.05316162109373579,0.9238131046295166
1773519371.1332,94.12997354301913,4.096596667338847,,0.8087286631266276,-0.25708007812498934,0.886578381061554
1773519371.1651,95.14720624009507,4.096596667338847,,0.787533187866211,-0.25708007812498934,0.9160577058792114
1773519371.1972,96.0777463876971,3.7337374218375774,,0.7879580179850261,-8.72479248046874,0.9100745916366577
1773519371.2332,96.83105917816054,3.64960132590731,,0.8125276565551758,-8.548370361328104,0.8742386102676392
1773519371.2651,96.92265471412483,3.64960132590731,,0.8055990854899089,-8.548370361328104,0.8797773718833923
1773519371.2972,96.92265471412483,4.121184480532215,,0.8052315394083659,-8.548370361328104,0.8761522173881531
1773519371.3332,97.38939204055201,4.148113329962048,,0.8002831776936848,-8.548370361328104,0.8674257397651672
1773519371.3652,96.92265471412483,4.247944961481136,,0.8035292943318685,-8.548370361328104,0.8780276775360107
1773519371.3972,96.91545923863883,4.726301685524923,,0.8062730153401693,-9.048278808593722,0.8722985982894897
1773519371.4332,96.32633531275448,4.9710476078801005,,0.8066041310628255,-9.048278808593722,0.8535842895507812
1773519371.4652,94.82957082093107,5.246302736617958,,0.8105428059895833,-9.048278808593722,0.9108142852783203
1773519371.4972,93.32633741323475,5.575496419879788,,0.8007263819376628,-7.044097900390618,0.933088481426239
1773519371.5332,93.0338274835292,5.786846639856335,,0.8020976384480795,-6.385894775390604,0.9222270846366882
1773519371.5652,92.72184429541281,5.93304715327985,,0.8001955668131511,-6.131103515624989,0.9267285466194153
1773519371.5972,92.72184429541281,5.988622765328796,,0.799541155497233,-5.816986083984332,0.9185550212860107
1773519371.6332,92.9467317464557,6.104023745946766,,0.7969404856363932,-4.568664550781207,0.9138948321342468
1773519371.6652,92.72184429541281,6.225291815394169,,0.795656394958496,-3.952301025390579,0.9099316596984863
1773519371.7013,92.5045946878955,6.23585793130223,,0.7935866673787435,-3.8710327148437074,0.914920449256897
1773519371.7332,92.4861596399814,6.236444471901952,,0.7954870859781901,-3.638702392578086,0.9128103852272034
1773519371.7652,92.0954609127077,6.303265592679369,,0.79500306447347,-3.6339111328124574,0.9102708101272583
1773519371.8012,92.0954609127077,6.303265592679369,,0.7949930826822916,-3.638702392578086,0.905361533164978
1773519371.8332,92.0954609127077,6.303265592679369,,0.7899854024251302,-3.638702392578086,0.9126262664794922
1773519371.8652,92.28417632795191,5.878505962985037,,0.8111876805623373,-10.705474853515575,0.921495258808136
1773519371.9012,92.62734164045214,5.772724657698477,,0.8100830713907877,-10.705474853515575,0.9141838550567627
1773519371.9332,93.67247330910931,5.739262265298189,,0.8097255071004231,-10.819335937499979,0.8996761441230774
1773519371.9652,94.5752317807961,5.594759008624632,,0.8079549153645833,-10.705474853515575,0.8875000476837158
1773519372.0012,94.8559657072013,5.196987730360586,,0.8099627176920573,-9.871337890624972,0.8945838212966919
1773519372.0332,95.09201936166707,4.939277651349625,,0.8079877217610677,-9.855590820312461,0.8869388103485107
1773519372.0653,96.1310820272116,4.617633222867924,,0.8069740931193033,-9.871337890624972,0.8750471472740173
1773519372.1012,96.1310820272116,4.617633222867924,,0.8041482289632161,-9.871337890624972,0.887631893157959
1773519372.1332,96.1310820272116,4.617633222867924,,0.8084695180257161,-9.384796142578082,0.8842601180076599
1773519372.1652,96.10802777160113,4.677028603638493,,0.8111166636149089,-8.028381347656222,0.8858324289321899
1773519372.2012,95.86036874947558,4.677028603638493,,0.7909617741902669,-10.1026000976562,0.9096603989601135
1773519372.2332,95.86036874947558,4.677028603638493,,0.7907372792561849,-11.156066894531218,0.9103943109512329
1773519372.2692,95.86036874947558,4.827503836752298,,0.8106642405192057,-11.156066894531218,0.9082610011100769
1773519372.3012,96.99856915145408,4.827503836752298,,0.8179771423339843,-13.184997558593743,0.8722575306892395
1773519372.3332,97.13159869712398,4.984166618571672,,0.8148911794026693,-13.184997558593743,0.8859269022941589
1773519372.3693,97.38254009854302,4.984166618571672,,0.8153856277465821,-13.184997558593743,0.8768411874771118
1773519372.4012,97.38254009854302,4.984166618571672,,0.813139279683431,-12.344085693359368,0.8751022219657898
1773519372.4333,97.38254009854302,5.027682973064239,,0.8102664947509766,-12.344085693359368,0.8775727152824402
1773519372.4693,97.38254009854302,5.027682973064239,,0.8093710581461588,-12.344085693359368,0.8817882537841797
1773519372.5012,97.21018455650577,4.764365888941105,,0.8148141225179036,-13.079498291015614,0.8752066493034363
1773519372.5332,97.09590631164659,4.764365888941105,,0.8146713892618815,-13.079498291015614,0.8706691265106201
1773519372.5693,97.0876449915854,4.764365888941105,,0.8164930979410807,-13.079498291015614,0.8741025924682617
1773519372.6012,97.0876449915854,4.3391366854243145,,0.7956795374552409,-3.9634094238281037,0.8816101551055908
1773519372.6332,96.77258572312257,4.3391366854243145,,0.7951525370279948,-3.9634094238281037,0.8834077715873718
1773519372.6693,96.68808926014437,3.6831465473134766,,0.7798820495605469,-3.7104492187499893,0.8970999717712402
1773519372.7012,95.03825644242714,3.959113776760824,,0.8064266204833984,-3.1034851074218572,0.8970276713371277
1773519372.7333,96.68808926014437,3.959113776760824,,0.7869876861572266,-3.1034851074218572,0.911110520362854
1773519372.7693,95.03825644242714,4.086361824368775,,0.7938880284627279,-3.1034851074218572,0.9052305817604065
1773519372.8012,94.63774054929583,4.086361824368775,,0.8135852813720703,-3.0603332519530824,0.8907027244567871
1773519372.8332,94.63774054929583,4.086361824368775,,0.7936819712320964,-3.0603332519530824,0.8936353921890259
1773519372.8693,95.64451619386281,4.086361824368775,,0.7937981287638346,-3.0045776367187393,0.8986939787864685
1773519372.9013,95.64451619386281,3.422945996255041,,0.7898908615112304,-2.113098144531236,0.8913145065307617
1773519372.9333,95.64451619386281,3.422945996255041,,0.7902032852172851,-2.113098144531236,0.887324869632721
1773519372.9693,95.64451619386281,3.422945996255041,,0.7918247222900391,-2.113098144531236,0.8928999900817871
1773519373.0013,95.10717798654115,4.590627480310048,,0.7939257303873698,-3.1215820312499787,0.8929972648620605
1773519373.0333,94.17232559172153,4.88403743008617,,0.7940027236938476,-3.1215820312499787,0.8988242149353027
1773519373.0693,93.32893723844263,4.88403743008617,,0.8098345438639323,-3.1215820312499787,0.8557467460632324
1773519373.1013,93.32893723844263,4.88403743008617,,0.7859362920125326,-1.270294189453125,0.8910477757453918
1773519373.1333,93.80024566314245,3.832303715271735,,0.7895961761474609,-1.270294189453125,0.8602680563926697
1773519373.1693,93.80024566314245,3.5564965509042983,,0.7900688807169597,-1.0433959960937145,0.8777613639831543
1773519373.2013,95.25617041945587,3.4846560783873732,,0.790240224202474,-1.270294189453125,0.8711593747138977
1773519373.2333,95.39128462364582,3.431690840204972,,0.7878760019938151,-1.278472900390586,0.8683035969734192
1773519373.2693,95.39370088439196,3.431690840204972,,0.792123540242513,-1.3525390624999822,0.8719612956047058
1773519373.3013,95.39128462364582,3.4846560783873732,,0.7900859196980794,-1.5368652343749645,0.8680509328842163
1773519373.3333,95.25617041945587,3.8161400571144144,,0.7906242370605469,-1.6778869628905824,0.8637517094612122
1773519373.3693,95.39370088439196,4.488295544119526,,0.7918230692545573,-1.6778869628905824,0.8654312491416931
1773519373.4012,95.39370088439196,4.488295544119526,,0.7909180323282877,-2.1123046874999574,0.8768497109413147
1773519373.4333,96.23807070272692,4.559926153933732,,0.807690684000651,-9.728759765624968,0.8356379866600037
1773519373.4693,96.23807070272692,4.575892256423768,,0.8171557744344076,-9.728759765624968,0.8958944082260132
1773519373.5013,96.23807070272692,4.575892256423768,,0.8188856760660808,-9.728759765624968,0.8679435849189758
1773519373.5333,93.577208432143,4.61586850348731,,0.7955209096272786,-3.887268066406211,0.8849501609802246
1773519373.5693,93.577208432143,4.61586850348731,,0.7948972702026367,-3.587921142578079,0.8791691064834595
1773519373.6013,93.577208432143,4.575892256423768,,0.794373893737793,-3.336700439453111,0.8695377707481384
1773519373.6333,94.36724550305618,4.212438904069211,,0.7906820933024089,-3.336700439453111,0.8765779137611389
1773519373.6653,94.72092251812332,4.0253595444033925,,0.7937604268391927,-3.336700439453111,0.8747386336326599
1773519373.7013,94.81995901261533,3.9982921797589914,,0.7943988800048828,-3.3486938476562145,0.8803828358650208
1773519373.7333,94.85552468318365,3.9982921797589914,,0.7958368301391602,-3.5699157714843643,0.8805045485496521
1773519373.7653,94.9126800920915,3.9316033450108803,,0.7954718271891276,-3.733947753906204,0.8738382458686829
1773519373.8013,94.9126800920915,3.9316033450108803,,0.7948597590128581,-3.8637084960937074,0.8669708371162415
1773519373.8333,94.91644068677942,3.9316033450108803,,0.7952014923095703,-3.8637084960937074,0.8687169551849365
1773519373.8654,95.51819635899166,4.228058876956662,,0.8037447611490885,-7.781036376953079,0.8922150135040283
1773519373.9013,96.81445107434548,4.658245896327288,,0.8036329269409179,-7.834716796874979,0.8803212642669678
1773519373.9333,96.81445107434548,4.658245896327288,,0.8067253112792969,-7.834716796874979,0.8541382551193237
1773519373.9653,96.81445107434548,4.228058876956662,,0.8109877268473308,-7.781036376953079,0.8471033573150635
1773519374.0013,96.08254185452044,2.849048128975447,,0.7863933563232421,0.4939575195312962,0.8651213645935059
1773519374.0333,96.08254185452044,2.6666004679191695,,0.7849928538004557,1.1661987304687926,0.867171585559845
1773519374.0653,96.08254185452044,2.6666004679191695,,0.7809219360351562,1.1661987304687926,0.8777387738227844
1773519374.1013,97.26212061544844,2.6666004679191695,,0.782843017578125,1.1661987304687926,0.8863219022750854
1773519374.1333,98.37400098023251,2.5125096331332513,,0.802767817179362,2.198120117187514,0.8668105602264404
1773519374.1654,98.48441562193223,1.84709894430222,,0.8039484659830729,2.198120117187514,0.8568293452262878
1773519374.2013,98.48441562193223,2.719328275910937,,0.7813953399658203,0.13888549804688566,0.8673412799835205
1773519374.2333,98.37400098023251,2.7486168993592535,,0.7818515777587891,0.13888549804688566,0.8700795769691467
1773519374.2654,96.28311012420127,1.8732933971517347,,0.7871330897013347,2.6740112304687536,0.9038797616958618
1773519374.3013,94.19221926817005,2.533664566276921,,0.7966389973958333,2.6740112304687536,0.8849735856056213
1773519374.3333,94.19221926817005,3.806722826940908,,0.7737770080566406,0.13888549804688566,0.9003679752349854
1773519374.3653,94.31633208522726,2.533664566276921,,0.7758599599202474,5.190826416015675,0.9010238647460938
1773519374.4013,94.31633208522726,2.533664566276921,,0.7977169672648112,5.190826416015675,0.8810580968856812
1773519374.4333,94.86518363276367,3.726374653455025,,0.7766082127888997,-4.941375732421864,0.9019894003868103
1773519374.4653,94.31633208522726,4.058177963403941,,0.801236343383789,-5.287536621093718,0.8851052522659302
1773519374.5013,94.27231535336142,4.430855335477643,,0.7984381357828776,-5.287536621093718,0.8839867115020752
1773519374.5333,93.58407173676358,4.430855335477643,,0.7991381963094075,-5.287536621093718,0.8892910480499268
1773519374.5653,93.58407173676358,4.297099743407474,,0.7962465286254883,-5.162139892578086,0.8848711848258972
1773519374.6013,93.58407173676358,4.297099743407474,,0.79817689259847,-5.003723144531218,0.8959615230560303
1773519374.6333,94.07989359250948,3.478633878665865,,0.7978468577067057,-5.003723144531218,0.890990138053894
1773519374.6653,94.4887383721217,3.3469688501789334,,0.7889432907104492,-5.003723144531218,0.8955302238464355
1773519374.7013,94.4887383721217,3.3469688501789334,,0.7996789932250976,-4.109680175781225,0.8719466328620911
1773519374.7334,95.74374622947973,3.0835075032126524,,0.7928665161132813,-4.109680175781225,0.8882706761360168
1773519374.7653,96.11692785424184,3.0835075032126524,,0.7959842681884766,-5.883148193359329,0.8774241209030151
1773519374.8013,99.17354450065484,3.3402093317805432,,0.8207563400268555,-12.773559570312472,0.8738712072372437
1773519374.8334,99.17354450065484,3.3402093317805432,,0.8140340169270833,-12.773559570312472,0.8828783631324768
1773519374.8654,99.17354450065484,3.2710921024983457,,0.8267084121704101,-12.773559570312472,0.8474623560905457
1773519374.9014,99.30345794336372,3.3402093317805432,,0.8027623494466146,-12.773559570312472,0.88039231300354
1773519374.9334,99.30345794336372,3.412553669182091,,0.8028701146443685,-16.72280883789062,0.8838884830474854
1773519374.9654,96.17221595430628,3.2710921024983457,,0.8238889058430989,-7.414886474609368,0.8338763117790222
1773519375.0013,98.3753118045028,3.0760354566314576,,0.8222616195678711,-16.72280883789062,0.8282290101051331
1773519375.0334,98.3753118045028,3.010354409191676,,0.7999923706054688,-17.50390624999996,0.9337390661239624
1773519375.0653,98.0721115201857,1.7695132975757262,,0.830056889851888,-19.382537841796843,0.8663102984428406
1773519375.1014,97.84724568398468,1.360632127066695,,0.8314233779907226,-19.382537841796843,0.8740984201431274
1773519375.1334,97.84724568398468,1.0382300310862567,,0.8278027216593424,-19.382537841796843,0.8595389723777771
1773519375.1654,97.84724568398468,0.4174369403272081,,0.8221349080403646,-16.661987304687482,0.8702623844146729
1773519375.2013,97.20321819296522,0.4174369403272081,,0.7972220102945964,-13.674530029296825,0.931032657623291
1773519375.2333,93.53650790027406,0.4174369403272081,,0.8159110387166341,-10.081115722656246,0.8395608067512512
1773519375.2654,93.45696451660552,0.4174369403272081,,0.8084247589111329,-4.703796386718739,0.8698652982711792
1773519375.3013,93.53650790027406,1.7091551165936745,,0.7828416188557943,-0.7018127441406108,0.9380895495414734
1773519375.3334,93.53650790027406,1.7091551165936745,,0.7839630762736003,-0.7018127441406108,0.9547422528266907
1773519375.3654,93.09973639502792,1.7091551165936745,,0.7888845443725586,-0.7018127441406108,0.947288453578949
1773519375.4014,93.09973639502792,1.7091551165936745,,0.7936137517293295,-0.7018127441406108,0.9429290294647217
1773519375.4334,93.09973639502792,2.2019940723281723,,0.7976324717203777,-2.500213623046843,0.9075672626495361
1773519375.4654,88.93101654850562,3.8791718169212763,,0.7558085123697916,-2.500213623046843,0.9733736515045166
1773519375.5014,88.77513447674028,4.633313161520397,,0.7926312128702799,0.6492309570312749,0.9410964250564575
1773519375.5334,85.42555088895872,5.174682160463386,,0.7809288024902343,0.6492309570312749,0.946672797203064
1773519375.5654,85.42555088895872,5.174682160463386,,0.7860698699951172,-2.1994018554687322,0.9576821327209473
1773519375.6014,85.42555088895872,5.174682160463386,,0.8157786051432292,-2.1994018554687322,0.9279676675796509
1773519375.6334,87.09234209195405,4.150861349812705,-14.09585917526315,0.7920045216878255,-2.1994018554687322,0.9622985124588013
1773519375.6654,89.37329281318227,3.363669056908954,-15.507871087141249,0.8034914016723633,-3.585693359374993,0.9492226243019104
1773519375.7014,98.81768936304466,3.363669056908954,-16.313279719472256,0.7850425720214844,-3.585693359374993,0.9778733253479004
1773519375.7334,98.81768936304466,3.6376170331034956,-16.313279719472256,0.7948926289876302,-7.7131042480468714,0.9732427597045898
1773519375.7654,100.82895029834629,3.6376170331034956,-16.6165813592458,0.8174365997314453,-14.406799316406236,0.9608114957809448
1773519375.8014,100.82895029834629,3.7059984881569648,-16.6165813592458,0.8292100270589192,-18.10742187499997,0.932614266872406
1773519375.8334,96.56947252333879,5.091613538432504,-4.165852420773663,0.8286068598429362,-18.10742187499997,0.9490335583686829
1773519375.8654,96.56947252333879,5.091613538432504,-3.0774906431023883,0.825146230061849,-19.768524169921875,0.9159241914749146
1773519375.9014,100.82895029834629,5.091613538432504,-3.0774906431023883,0.7210298538208008,-18.10742187499997,0.9821589589118958
1773519375.9334,116.27142836845104,1.6869353380461616,7.981574877924929,0.8305913925170898,-18.10742187499997,0.9460234045982361
1773519375.9654,116.56012955809437,1.6869353380461616,-14.136556164129706,0.8203586578369141,-15.809387207031236,0.9568383097648621
1773519376.0014,120.44419756717002,1.6790126419996882,-18.294383582124393,0.8262715657552083,-15.809387207031236,0.9496106505393982
1773519376.0334,120.44419756717002,0.5152514823848247,-18.294383582124393,0.8203467051188151,-15.80364990234374,0.9524183869361877
1773519376.0654,116.56012955809437,0.5152514823848247,-18.294383582124393,0.8184341430664063,-14.885620117187486,0.9526427388191223
1773519376.1014,113.93280293177615,0.5152514823848247,-18.294383582124393,0.801374880472819,-6.697174072265604,0.9626083374023438
1773519376.1334,108.5287086575496,0.5152514823848247,-18.902032344920727,0.7928786595662435,-2.6189880371093466,0.9640982151031494
1773519376.1654,108.37110530199804,1.751733557775098,-15.482832787045119,0.7789836247762044,4.050628662109403,0.9683274626731873
1773519376.2014,106.63628853439212,2.6444561768916297,,0.7716011683146159,7.594207763671896,0.9731281399726868
1773519376.2334,101.76840026636296,2.6444561768916297,,0.763546880086263,11.460266113281268,0.9724571704864502
1773519376.2654,101.76840026636296,2.742632245749929,,0.7154571533203125,11.922454833984375,0.9834849238395691
1773519376.3014,103.95942399751725,2.742632245749929,-19.140612432060806,0.7625839869181316,11.922454833984375,0.9799287915229797
1773519376.3334,104.01170714282371,2.513984658926198,-19.140612432060806,0.7525291442871094,11.922454833984375,0.9789986610412598
1773519376.3655,104.01170714282371,1.6423090612119124,-18.337507870975244,0.7936597188313802,-1.8261718749999645,0.9680514335632324
1773519376.4015,105.72128448568559,1.1166420483939388,-18.337507870975244,0.7912269592285156,-2.9938964843749716,0.9737730622291565
1773519376.4334,105.72128448568559,1.1166420483939388,-18.337507870975244,0.8022127787272135,-4.645751953124968,0.9738883972167969
1773519376.4655,104.98673390945835,1.3009726788787521,-17.534403309889683,0.7989880243937174,-4.645751953124968,0.968760073184967
1773519376.5015,104.98673390945835,1.3009726788787521,-17.534403309889683,0.797101084391276,-4.645751953124968,0.9722529053688049
1773519376.5334,104.02635338092871,1.3009726788787521,-14.937194242307465,0.7737700144449869,-3.356292724609329,0.9774690270423889
1773519376.5654,103.283286900668,1.3009726788787521,-15.06058647456602,0.7836212158203125,-3.356292724609329,0.9738659858703613
1773519376.6015,102.76231027742186,1.0951933424066245,-15.06058647456602,0.7944147109985351,-3.356292724609329,0.965781569480896
1773519376.6334,102.76231027742186,0.689858429434604,-15.06058647456602,0.8047972361246745,-5.648071289062457,0.9647822380065918
1773519376.6654,102.76231027742186,0.689858429434604,-15.06058647456602,0.7991892496744791,-5.648071289062457,0.970463752746582
1773519376.7015,101.21807262627424,0.689858429434604,-15.183978706824572,0.8066855748494466,-5.648071289062457,0.9752612113952637
1773519376.7334,104.58566615576522,0.7112390814940618,,0.7842793782552083,-2.0440063476562287,0.9681040644645691
1773519376.7655,107.10857745601224,1.9281030246665973,,0.721185811360677,-2.0440063476562287,0.9728655219078064
1773519376.8015,105.14683110781208,2.7227919558676437,,0.7916807810465495,1.5086669921875284,0.9555728435516357
1773519376.8335,105.14683110781208,12.985633232227215,,0.8065188090006511,31.79357910156254,0.9294339418411255
1773519376.8655,105.14683110781208,6.954411311632135,,0.7081459045410157,22.451049804687546,0.9860689640045166
1773519376.9015,104.5947584595606,10.365223472926768,,0.6759366353352865,34.23785400390628,0.9835822582244873
1773519376.9335,103.69253504020695,10.365223472926768,,0.7406494140625,34.23785400390628,0.9697872996330261
1773519376.9655,103.62928351895533,10.365223472926768,,0.7160935719807943,25.777862548828168,0.9742083549499512
1773519377.0015,103.62928351895533,10.365223472926768,,0.7337185541788737,25.777862548828168,0.956152617931366
1773519377.0335,103.62928351895533,10.365223472926768,,0.7349214553833008,25.777862548828168,0.9813401103019714
1773519377.0654,101.83286026330444,7.006404623588496,,0.724530283610026,25.20046997070315,0.9856064915657043
1773519377.1015,101.83286026330444,14.356983783483663,,0.7745655059814454,25.20046997070315,0.97628253698349
1773519377.1335,104.3132651653558,14.657606459193628,,0.7566233317057292,30.188232421875032,0.9761849045753479
1773519377.166,104.3132651653558,10.916812037372264,,0.6960580190022786,25.622558593750018,0.987519383430481
1773519377.2015,105.24988202412351,10.916812037372264,,0.6982836405436198,25.622558593750018,0.9880054593086243
1773519377.2334,105.49620398854972,10.916812037372264,,0.7340421040852865,25.622558593750018,0.9791887402534485
1773519377.2655,106.3300975904725,10.307951145728667,,0.7367498397827148,25.622558593750018,0.9772387742996216
1773519377.3015,106.3300975904725,8.755526939362692,,0.7396905263264973,24.32284545898442,0.9739900231361389
1773519377.3335,105.24988202412351,8.298113717240948,,0.7297434488932292,22.9113159179688,0.97690349817276
1773519377.3655,102.23298075277404,6.655313939765875,,0.7532603581746419,17.120666503906286,0.9766155481338501
1773519377.4015,102.21445577313125,6.655313939765875,,0.7517543792724609,17.120666503906286,0.976847231388092
1773519377.4335,101.5989161670596,5.145926612123584,,0.7572775522867838,16.397796630859425,0.9699041843414307
1773519377.4655,101.5989161670596,5.108633298307578,,0.7033958435058594,15.905090332031282,0.9838550686836243
1773519377.5015,100.66208189295187,5.108633298307578,,0.7560295104980469,15.905090332031282,0.9726275205612183
1773519377.5335,100.28709017304911,5.108633298307578,,0.7542868296305338,15.905090332031282,0.9726043939590454
1773519377.5655,100.569657316173,3.8539416754961624,,0.7428141911824544,15.068603515625014,0.9733843803405762
1773519377.6015,100.569657316173,3.8229292124308327,,0.7568709055582682,14.811035156250032,0.9709003567695618
1773519377.6335,100.569657316173,3.4273767200397387,,0.7565661112467448,14.664733886718793,0.9712708592414856
1773519377.6655,101.51170312532382,3.4219836936386536,,0.7591017405192058,13.59393310546876,0.9666036367416382
1773519377.7015,101.51170312532382,2.4564320634963623,,0.7667294820149739,9.932617187500039,0.9627112150192261
1773519377.7335,101.51170312532382,2.375018895653473,,0.7684815088907878,9.091644287109375,0.9596953988075256
1773519377.7655,101.19111051746992,2.213347879284964,,0.7766737620035807,5.995147705078168,0.9600446224212646
1773519377.8015,101.05995708056373,2.213347879284964,,0.7757825215657552,5.995147705078168,0.9605326056480408
1773519377.8335,101.05995708056373,2.213347879284964,,0.7749325434366862,5.995147705078168,0.9506195187568665
1773519377.8655,101.05995708056373,6.264917248589403,,0.7439108530680338,20.82168579101566,0.9760749936103821
1773519377.9016,102.47605496184839,6.264917248589403,,0.7002372741699219,20.82168579101566,0.9836885929107666
1773519377.9335,102.47605496184839,6.264917248589403,,0.7440439224243164,20.82168579101566,0.980993390083313
1773519377.9655,103.20057588574646,6.982426540589629,,0.7700271606445312,11.321044921875032,0.9693268537521362
1773519378.0016,102.47605496184839,3.197142173592096,,0.7692450205485026,8.72515869140626,0.9693422317504883
1773519378.0335,100.47485061984347,3.1026575690589415,,0.763836924235026,8.349731445312525,0.9713444113731384
1773519378.0655,98.25994768024577,3.1026575690589415,,0.7937496185302735,-1.1074218749999787,0.9493354558944702
1773519378.1015,98.25994768024577,1.068344590553256,,0.7980603535970052,-1.581024169921843,0.9564716219902039
1773519378.1335,98.25994768024577,1.068344590553256,,0.7897295633951823,-3.0370483398437464,0.9342865943908691
1773519378.1655,98.09053259201976,1.3733494196679505,,0.7907162348429362,-1.581024169921843,0.886873185634613
1773519378.2016,98.39786441384052,1.3733494196679505,,0.8079390207926432,-1.581024169921843,0.8366276621818542
1773519378.2335,98.51438044985643,1.001920740622014,,0.7854422887166341,-3.109985351562461,0.8549586534500122
1773519378.2658,101.77075771128459,1.2364068151826997,,0.8043238957722981,-3.109985351562461,0.8627752661705017
1773519378.3024,101.77075771128459,1.2364068151826997,,0.7939015706380208,-3.109985351562461,0.8472155332565308
1773519378.3342,101.77075771128459,0.23998572791455738,,0.7798377354939778,-3.109985351562461,0.8498989343643188
1773519378.3655,101.39825521793317,1.2364068151826997,,0.7939114888509115,3.640655517578164,0.8539540767669678
1773519378.4015,101.35839118603717,1.3852594507680016,,0.7689367294311523,3.640655517578164,0.8777741193771362
1773519378.4335,100.72548872618003,1.3852594507680016,,0.7760546366373698,3.513336181640625,0.8646466135978699
1773519378.4655,100.68348343416561,1.1953216670049573,,0.7801029841105144,3.513336181640625,0.8578541874885559
1773519378.5016,100.68348343416561,1.1953216670049573,,0.7817469278971354,2.724243164062532,0.8661981821060181
1773519378.5335,100.65989209337796,0.9646456135980029,,0.7836257934570312,1.8223876953125462,0.8557639122009277
1773519378.5655,98.75138834378414,0.9646456135980029,,0.7864697774251302,0.4572753906250071,0.8647453784942627
1773519378.5975,98.75138834378414,0.9646456135980029,,0.7934398015340169,-2.8883361816406072,0.8714292645454407
1773519378.6335,98.6972352341627,0.8985633600001893,,0.7957920074462891,-4.017395019531236,0.8581308722496033
1773519378.6655,98.6972352341627,0.9646456135980029,,0.7991861979166667,-4.059295654296857,0.8805505633354187
1773519378.6976,99.50111440324137,1.3465690116519886,,0.8033415476481119,-4.059295654296857,0.8710267543792725
1773519378.7335,101.21950024452728,0.9685044227991007,,0.7958793004353841,-4.059295654296857,0.8750850558280945
1773519378.7655,101.21950024452728,0.9685044227991007,,0.7946357727050781,-4.059295654296857,0.8980278968811035
1773519378.7976,101.41843852951632,1.3465690116519886,,0.7932778040568034,-4.059295654296857,0.9081992506980896
1773519378.8335,105.19882003092856,1.6287943401972809,,0.8081467946370443,-5.962188720703114,0.8635656237602234
1773519378.8655,105.19882003092856,1.9266913155462277,,0.8038982391357422,-5.962188720703114,0.9086178541183472
1773519378.8976,105.19882003092856,1.9266913155462277,,0.7998436609903972,-5.962188720703114,0.9000953435897827
1773519378.9336,105.07032085617264,1.9266913155462277,,0.7901606241861979,-5.962188720703114,0.8922373652458191
1773519378.9655,103.25717204178282,1.2122488667894402,,0.7925650278727213,-5.962188720703114,0.8943124413490295
1773519378.9976,103.12197363673256,0.9139766022718419,,0.8032138824462891,-2.4684448242187074,0.8969155550003052
1773519379.0335,103.12197363673256,0.5402207712109729,,0.8059842427571614,-2.4684448242187074,0.9047101140022278
1773519379.0656,100.37129129042337,0.5402207712109729,,0.7875173568725586,-4.157958984374979,0.9030967354774475
1773519379.0976,100.37129129042337,0.5402207712109729,,0.7762367248535156,-4.157958984374979,0.8969875574111938
1773519379.1336,100.37129129042337,0.5402207712109729,,0.7960848490397135,-0.04556274414062145,0.8756023645401001
1773519379.1656,101.32195608010505,0.7549509374231663,,0.8032005945841472,-4.157958984374979,0.8698044419288635
1773519379.1976,102.75193987227439,0.9747908335966708,,0.7867701212565105,-4.351348876953107,0.8942762613296509
1773519379.2336,104.56937887936303,0.9747908335966708,,0.7965443929036459,-4.378540039062493,0.8702219724655151
1773519379.2656,104.56937887936303,0.7549509374231663,,0.7964877446492513,-4.378540039062493,0.8794884085655212
1773519379.2976,104.49985301585272,0.9747908335966708,,0.8038546244303385,-5.231689453124968,0.8555136919021606
1773519379.3335,104.49985301585272,0.9747908335966708,,0.798321787516276,-6.401306152343711,0.8461583852767944
1773519379.3656,101.25921915147038,1.7412980734733206,,0.8007584889729817,-7.522552490234347,0.8667219877243042
1773519379.3976,100.14601836158944,1.8619636564126831,,0.8051615397135417,-6.401306152343711,0.8693517446517944
1773519379.4336,99.49158841959644,1.8619636564126831,,0.8030944188435872,-7.522552490234347,0.869066059589386
1773519379.4656,98.6797900385511,1.8619636564126831,,0.8003480911254883,-8.17108154296875,0.890673816204071
1773519379.4976,98.6797900385511,1.3216257141729733,,0.8044455210367839,-8.17108154296875,0.8870073556900024
1773519379.5336,98.6066598825881,1.3216257141729733,,0.817246691385905,-13.51959228515625,0.843913197517395
1773519379.5656,98.6797900385511,1.3216257141729733,,0.8155882517496745,-13.639648437499972,0.8563227653503418
1773519379.5976,98.69223459559537,1.3216257141729733,,0.815838368733724,-14.315643310546875,0.8657331466674805
1773519379.6336,98.7731113619917,1.8858577437880637,,0.8225516637166341,-14.681427001953118,0.8709338307380676
1773519379.6656,99.17693686118294,1.9760398551822846,,0.818869145711263,-15.094421386718722,0.8608431220054626
1773519379.6976,99.17693686118294,2.189884447720327,,0.8180087407430013,-15.307922363281232,0.8684714436531067
1773519379.7336,99.17693686118294,2.4155951132348252,,0.8193139394124349,-15.307922363281232,0.8231621980667114
1773519379.7656,99.05179867742574,2.4155951132348252,,0.8234078089396158,-16.11505126953121,0.8218734264373779
1773519379.7976,99.05179867742574,2.4155951132348252,,0.8229753494262695,-16.11505126953121,0.8828983306884766
1773519379.8336,98.28177702477879,1.9192043500694749,,0.8209954579671224,-16.11505126953121,0.8861732482910156
1773519379.8656,98.19103162915893,1.829605003609643,,0.8095080057779948,-16.11505126953121,0.8904685378074646
1773519379.8977,98.19103162915893,1.829605003609643,,0.8092304229736328,-10.601074218749957,0.9227554202079773
1773519379.9336,98.28177702477879,1.9192043500694749,,0.8222291310628255,-10.467834472656214,0.9656698703765869
1773519379.9656,99.45962665276451,2.601795706120656,,0.7932884852091472,-2.815704345703125,0.9745295643806458
1773519379.9976,102.88008480079421,6.83087639025891,,0.7796756108601888,3.718475341796914,0.980205774307251
1773519380.0336,102.88008480079421,6.83087639025891,,0.7533236185709635,5.753875732421925,0.9786529541015625
1773519380.0656,104.72532079265498,6.83087639025891,,0.755001449584961,15.562072753906264,0.9717205762863159
1773519380.0976,104.72532079265498,6.48464377996838,,0.77543519337972,16.367431640625032,0.956466019153595
1773519380.1336,104.41444078832886,6.260698677305289,,0.7523014068603515,15.562072753906264,0.9749945998191833
1773519380.1656,103.22731354519533,1.9232748072809522,,0.7441279729207356,5.753875732421925,0.9748517274856567
1773519380.1976,103.22731354519533,3.9195509820353003,,0.7932653427124023,12.759643554687514,0.9088813662528992
1773519380.2336,98.84458116936031,3.2304305711904098,,0.7874210993448894,12.759643554687514,0.9564815163612366
1773519380.2656,98.84458116936031,2.7681571217929344,,0.76083984375,0.0006408691406356581,0.9845489263534546
1773519380.2977,98.84458116936031,3.2304305711904098,,0.7512042999267579,1.1909179687500426,0.9758559465408325
1773519380.3336,100.4939340577743,3.9195509820353003,,0.8135332107543946,1.1909179687500426,0.907573938369751
1773519380.3656,100.4939340577743,3.2304305711904098,,0.7849413553873698,-0.05886840820311434,0.9578862190246582
1773519380.3977,100.5198591333307,3.18074112676909,,0.7985151926676433,-0.05886840820311434,0.9828170537948608
1773519380.4336,100.5198591333307,3.18074112676909,,0.7875450770060222,0.9167175292969176,0.9818838834762573
1773519380.4656,100.5198591333307,3.18074112676909,,0.7855126063028971,-0.05886840820311434,0.9855875968933105
1773519380.4977,100.5198591333307,3.18074112676909,,0.7566882451375325,-0.05886840820311434,0.9876140356063843
1773519380.5337,102.34498670846784,6.640407795299821,,0.8137148539225261,-1.749114990234375,0.9687122106552124
1773519380.5656,104.67133270877943,6.640407795299821,,0.7910664240519206,-5.23898315429685,0.9395105838775635
1773519380.5976,108.03397475855104,7.844652519670534,,0.7983369827270508,-8.92967224121092,0.9520841836929321
1773519380.6337,111.39661680832265,6.640407795299821,,0.8434379577636719,-5.23898315429685,0.8436025977134705
1773519380.6656,111.39661680832265,6.640407795299821,,,-5.23898315429685,0.0
1773519380.6977,95.18887756124924,7.345847874379478,,,8.338928222656286,0.0
1773519380.7337,95.03668187969576,7.345847874379478,,0.7700496673583984,8.338928222656286,0.9096176028251648
1773519380.7656,95.03668187969576,7.345847874379478,,0.7624949137369792,8.338928222656286,0.9133586287498474
1773519380.7977,94.86212374283144,7.129716745324603,,0.7787320454915364,8.778228759765643,0.9056670665740967
1773519380.8337,94.86212374283144,6.2894721433276075,,,7.800933837890636,0.0
1773519380.8656,97.83491228963939,5.467771587846338,-35.385568512021884,0.7682192484537761,5.2778625488281605,0.9172918200492859
1773519380.8977,118.95095957460543,4.136103554121747,-32.82756387088091,0.7741217295328776,1.052490234375032,0.907451331615448
1773519380.9337,135.1724326485683,3.6449373245975427,-30.26955922973993,0.7985211690266927,-4.279357910156207,0.9219343662261963
1773519380.9656,137.26877644962786,3.6449373245975427,-28.479783197763997,0.7963377634684244,-5.327392578124961,0.9148586392402649
1773519380.9977,138.18789208690006,3.6449373245975427,-30.26955922973993,0.8054238637288411,-8.640686035156211,0.9151784181594849
1773519381.0337,138.18789208690006,3.8456572554063655,-30.26955922973993,0.8105832417805989,-10.923370361328075,0.9217720031738281
1773519381.0657,145.80150641531412,4.952562571693133,-30.345401818559303,0.821240234375,-11.020278930664018,0.903800368309021
1773519381.0976,153.41512074372815,6.059467887979901,-34.000796471330546,0.8101794560750325,-11.117187499999961,0.8943929672241211
1773519381.1337,154.60467119514053,6.727109778485899,-35.12487868513006,,-16.232543945312496,0.05900844186544418
1773519381.1657,157.1839193183478,6.059467887979901,-39.042584521060846,,-19.70574951171871,0.052074283361434937
1773519381.1977,168.5233536922016,5.9190286709203574,-45.829915407987166,0.828476079305013,-19.70574951171871,0.8855812549591064
1773519381.2337,170.03825490381396,5.753243989639143,-46.742170558252546,0.8370975494384766,-18.23825073242184,0.9809221625328064
1773519381.2657,171.55315611542633,5.587459308357929,-47.65442570851793,0.8222436269124349,-19.70574951171871,0.9401037693023682
1773519381.2977,171.55315611542633,4.944824689844825,-48.90121985043828,0.8223615010579427,-20.662384033203107,0.9450685381889343
1773519381.3337,170.1245656125691,4.944824689844825,-50.536762536720246,0.8304690678914388,-17.72274780273433,0.9442710876464844
1773519381.3657,170.1245656125691,4.481132399916915,-50.83359798431734,0.8338015874226888,-17.72274780273433,0.9372080564498901
1773519381.3977,169.41052770610435,4.312943853442146,-52.88122675855031,0.8243448257446289,-19.192565917968718,0.9242331385612488
1773519381.4337,168.69648979963958,4.481132399916915,-54.92885553278328,0.8194666544596354,-17.72274780273433,0.9647698402404785
1773519381.4657,168.00440874529295,4.430667001099739,-55.57785087264563,,-15.381225585937468,0.0
1773519381.4977,138.53156379445753,4.287711154033557,-56.22684621250797,,-5.438751220703084,0.0
1773519381.5338,108.36663778927547,4.679679339882233,,0.7780396779378255,2.6426696777344016,0.9127301573753357
1773519381.5657,108.36663778927547,4.928691678664728,,,4.3334350585938,0.0
1773519381.5977,108.36663778927547,4.928691678664728,,0.7857940673828125,4.3334350585938,0.9156521558761597
1773519381.6337,,4.961212566341478,,0.7783944447835286,2.5575256347656516,0.9188405275344849
1773519381.6657,,4.961212566341478,,,2.5575256347656516,0.0
1773519381.6977,,4.99373345401823,,,4.3334350585938,0.0
1773519381.7337,,,,,,0.0
1773519381.7657,,,,,,0.0
1773519381.7977,,,,,,0.0
1773519381.8338,,,,,,0.0
1773519381.8657,,,,,,0.0
1773519381.8977,143.98821208637386,11.083739147321324,,,-11.681518554687482,0.0
1773519381.9338,143.98821208637386,11.083739147321324,,,-11.681518554687482,0.0
1773519381.9657,143.98821208637386,11.083739147321324,,0.8117589314778646,-11.681518554687482,0.9368109703063965
1773519381.9977,129.26263344171227,8.777295402799393,,,-2.1142425537109233,0.0
1773519382.0338,114.53705479705066,6.470851658277459,,,-2.0528259277343253,0.0
1773519382.0657,106.21935722689236,6.470851658277459,,0.7718952814737956,6.038269042968771,0.9579379558563232
1773519382.0977,97.90165965673407,6.461276873379869,,0.7916991551717122,6.7456512451172035,0.9714947938919067
1773519382.1337,103.6770683493915,6.451702088482278,,0.7748427073160807,6.038269042968771,0.9445666074752808
1773519382.1657,98.29256005108245,1.8755614824885227,,0.7626593271891277,6.006408691406282,0.9700801372528076
1773519382.1977,96.78885315643652,1.8755614824885227,,0.7751256306966146,6.006408691406282,0.9674357175827026
1773519382.2338,97.27213831436852,1.8755614824885227,,0.7749090830485026,5.902465820312539,0.9609019756317139
1773519382.2658,97.97779937989966,2.050407728219744,,0.7948748270670573,-3.5771484374999574,0.9590197205543518
1773519382.2977,97.27213831436852,2.050407728219744,,0.8027178446451823,-7.341796874999957,0.9491293430328369
1773519382.3338,96.08319209090536,2.050407728219744,,0.8106727600097656,-7.341796874999957,0.9525328278541565
1773519382.3658,97.27213831436852,1.7664432992402341,,0.8110305150349935,-7.341796874999957,0.9498164653778076
1773519382.3977,,1.7664432992402341,,0.7925313313802084,-3.1990356445312074,0.9230782985687256
1773519382.4338,,1.7664432992402341,,0.7886745452880859,-3.1990356445312074,0.9164448976516724
1773519382.4658,,1.8248702106941947,,0.7940870920817057,-3.0895996093749645,0.9108454585075378
1773519382.4977,,1.8248702106941947,,0.7946913401285808,-3.1990356445312074,0.9246829152107239
1773519382.5338,,1.8248702106941947,,0.7938591003417969,-3.48907470703125,0.9164333343505859
1773519382.5658,,1.7016488151115694,,0.794871711730957,-3.575653076171861,0.9271972179412842
1773519382.5977,97.72191646779095,1.7016488151115694,,0.7949069976806641,-3.575653076171861,0.924565315246582
1773519382.6338,97.72191646779095,1.7016488151115694,,0.7962770462036133,-3.592590332031236,0.9200958609580994
1773519382.6658,97.72191646779095,1.8744550036430465,,0.7908177057902018,-3.797119140624954,0.9565514326095581
1773519382.6977,97.72191646779095,2.2871095576959863,,0.7953330993652343,-4.25021362304685,0.913772702217102
1773519382.7338,97.72191646779095,3.0231830882051716,,0.8259195963541667,-17.44421386718745,0.8736883997917175
1773519382.7658,,4.14646405771929,,0.8242207209269206,-17.44421386718745,0.8719755411148071
1773519382.7977,,4.14646405771929,,0.8237645467122395,-17.44421386718745,0.8549506068229675
1773519382.8338,,4.14646405771929,,0.8215798060099284,-17.296569824218704,0.8326098918914795
1773519382.8658,,3.8152069221456144,,0.8234569549560546,-16.395538330078114,0.8428253531455994
1773519382.8978,,3.761890273699658,,0.8164577484130859,-14.364807128906207,0.869176983833313
1773519382.9338,,3.761890273699658,,0.8137910842895508,-13.936950683593725,0.8503835201263428
1773519382.9658,,3.682412471867543,,0.8173491160074869,-12.89169311523434,0.8447901010513306
1773519382.9978,111.65743532161571,3.5414754223039835,,0.8142801284790039,-12.656951904296871,0.8580533266067505
1773519383.0338,111.99318817687467,3.3317902154914165,,0.7655420939127604,8.7506103515625,0.8913961052894592
1773519383.0658,112.32894103213364,3.0486361001683315,,0.7691919962565105,8.7506103515625,0.8933777213096619
1773519383.0977,111.99318817687467,2.7153624363036366,,0.7603876113891601,10.502563476562532,0.8995837569236755
1773519383.1298,111.99318817687467,2.8037461096980882,,0.8089318593343099,12.976715087890671,0.8550293445587158
1773519383.1658,112.32894103213364,2.7153624363036366,,0.7532699584960938,16.393188476562504,0.9028784036636353
1773519383.1977,109.71903691232069,2.249501259417764,,0.748373540242513,17.53988647460938,0.9073246121406555
1773519383.2298,107.02106286425987,2.249501259417764,,0.7508810043334961,17.53988647460938,0.9048722982406616
1773519383.2658,,1.5971139064974786,,0.7500129063924154,17.53988647460938,0.9040589928627014
1773519383.2978,107.02238229897475,1.5971139064974786,,0.755500602722168,16.97299194335942,0.905060350894928
1773519383.3298,107.02238229897475,1.5971139064974786,,0.7553240458170573,15.76190185546876,0.8926611542701721
1773519383.3658,108.79073289117443,1.7033625689546825,,0.7520620346069335,15.407226562500043,0.9042847156524658
1773519383.3978,108.79073289117443,1.930063952660263,,0.7545851389567058,15.407226562500043,0.8968169689178467
1773519383.4298,108.79073289117443,2.4873395829198146,,0.7934645970662435,14.21047973632815,0.7433266043663025
1773519383.4658,110.55908348337411,2.66704447237794,,0.7658638000488281,14.21047973632815,0.8612138032913208
1773519383.4978,103.3539851841052,2.66704447237794,,0.757817268371582,10.348144531250014,0.8807527422904968
1773519383.5298,96.2913503203857,2.925001802407168,,0.7532655080159505,10.348144531250014,0.8886504769325256
1773519383.5658,96.43381375593509,2.925001802407168,,0.7941132227579752,2.3073730468750497,0.7390697002410889
1773519383.5978,96.43381375593509,4.072242121120952,,0.7914432525634766,2.3073730468750497,0.7793170809745789
1773519383.6298,96.43381375593509,4.261522111352306,,0.7826154073079427,2.3073730468750497,0.8091506361961365
1773519383.6658,99.5807187463252,4.261522111352306,,0.7646514892578125,10.930053710937546,0.8777549862861633
1773519383.6978,102.72762373671532,4.138440795035279,,0.763195546468099,10.989013671875014,0.8946886658668518
1773519383.7298,,4.138440795035279,,0.7616835276285807,11.628906250000028,0.8852200508117676
1773519383.7658,97.26093016433167,4.260016381446039,,0.7645286560058594,11.628906250000028,0.8938026428222656
1773519383.7978,100.19994335046809,4.138440795035279,,0.7586124420166016,10.989013671875014,0.9245576858520508
1773519383.8298,103.13895653660452,3.9747342810117643,,0.783423105875651,2.5032653808593786,0.8724863529205322
1773519383.8658,102.29776116521103,3.4389093000479614,,0.7868144989013672,1.9778137207031676,0.8665081262588501
1773519383.8978,101.45656579381752,3.4389093000479614,,0.7822072982788086,1.9196777343750426,0.8869464993476868
1773519383.9298,102.29776116521103,1.6992409876364378,,0.7833019892374674,1.9778137207031676,0.8820890784263611
1773519383.9658,101.45656579381752,2.696760849212307,,0.7892487208048503,2.5032653808593786,0.8822597861289978
1773519383.9978,99.91968650979923,2.696760849212307,,0.7551053365071615,15.132263183593757,0.9022935032844543
1773519384.0298,98.38280722578095,2.4676483412785934,,0.7556896209716797,15.132263183593757,0.9094844460487366
1773519384.0658,96.48133241787438,2.4676483412785934,,0.7558968861897787,15.132263183593757,0.9040376543998718
1773519384.0978,95.97947784611097,2.696760849212307,,0.7616277058919271,12.381469726562528,0.8914530277252197
1773519384.1298,96.48133241787438,4.200936624077432,,0.8040929794311523,-3.049591064453079,0.8588330745697021
1773519384.1658,96.65805293366785,4.200936624077432,,0.801662826538086,-3.1028747558593395,0.8554361462593079
1773519384.1978,96.65805293366785,4.569090288931952,,0.7937757492065429,-4.969131469726538,0.8782533407211304
1773519384.2298,97.94654264262806,3.6157516381859542,,0.7938867568969726,-3.076232910156209,0.879210889339447
1773519384.2658,102.77373648027068,1.9950022271635177,,,-2.5418243408202645,0.0
1773519384.2978,107.27208041408255,1.110875903571608,,0.7916600545247395,-2.3515167236327628,0.8785074949264526
1773519384.3298,107.27208041408255,0.8474734782715672,,0.7850348790486653,-0.44401550292963776,0.8729243874549866
1773519384.3659,106.48916112474656,0.959437802032559,,0.792982800801595,1.1460266113281747,0.8691707849502563
1773519384.3978,106.40814130052074,1.262314005110657,,0.7685774485270183,1.1460266113281747,0.8742675185203552
1773519384.4298,102.41230732935789,1.7041670996076261,,0.7699221928914388,6.112518310546875,0.8802477717399597
1773519384.4659,101.50168435395456,1.9969707407965251,,0.7951279958089192,6.112518310546875,0.8637771606445312
1773519384.4979,100.50110755092099,2.2361743019747156,,0.7746880213419597,-2.916748046874975,0.8761790990829468
1773519384.5298,100.50110755092099,2.57164925428225,,0.7964506149291992,-2.916748046874975,0.8524754047393799
1773519384.5659,99.7177791324902,3.0638003678505266,,0.7934989929199219,-2.1696472167968572,0.8614311814308167
1773519384.5979,99.7177791324902,3.0638003678505266,,0.7901520411173503,-2.916748046874975,0.861413300037384
1773519384.6299,101.79119554867127,2.57164925428225,,0.7919425328572591,-2.916748046874975,0.875931441783905
1773519384.6659,101.79119554867127,1.5787485274854935,,0.811400032043457,-7.0989990234375,0.8983094096183777
1773519384.6978,101.61670542606763,1.5787485274854935,,0.8118726094563802,-7.0989990234375,0.9018560647964478
1773519384.7299,101.76737509242851,1.5787485274854935,,0.8022120157877605,-7.0989990234375,0.8936868906021118
1773519384.7659,101.61670542606763,1.8863293724465204,,0.800321388244629,-6.1914978027343714,0.9008626937866211
1773519384.7978,101.2011625348857,1.9379619999278215,,0.7963533401489258,-4.28683471679685,0.8984097242355347
1773519384.8299,101.01740634871669,2.0993937539571133,,0.7922040303548177,-2.295166015624961,0.895632266998291
1773519384.8659,100.75741947849488,2.137843938580994,,0.7884794871012369,-2.295166015624961,0.8955661654472351
1773519384.8979,100.19111084295382,2.6137197644979846,,0.7906759262084961,-1.7593078613280966,0.8978148102760315
1773519384.9299,98.69156252546726,3.0056581150245436,,0.7962516148885092,-1.7593078613280966,0.8772996664047241
1773519384.966,98.69156252546726,3.0746330523365897,,0.7910876592000325,-1.9982299804687287,0.8870698809623718
1773519384.9979,98.68583709675364,3.523900004077596,,0.7951911926269531,-3.729003906249986,0.8803278803825378
1773519385.0299,98.68583709675364,3.992931888165206,,0.7915854136149089,-3.729003906249986,0.8768926858901978
1773519385.0659,99.01590154911354,4.308787537701593,,0.8058101018269856,-6.3678283691406,0.8629897236824036
1773519385.0978,99.75284207879322,4.308787537701593,,0.8019411087036132,-6.952026367187454,0.8633655309677124
1773519385.1299,99.01590154911354,4.561775734682169,,0.8006887435913086,-6.952026367187454,0.8601583242416382
1773519385.1659,100.28163672457133,4.308787537701593,,0.8019058227539062,-6.952026367187454,0.864547610282898
1773519385.1979,100.82122800387057,3.8648712018634828,,0.778753153483073,-6.952026367187454,0.8798456788063049
1773519385.2299,102.70657571108606,3.053186234399264,,0.8084434509277344,-7.072265624999989,0.8512087464332581
1773519385.2659,102.70657571108606,2.9621502351806903,,0.806616465250651,-9.213134765624957,0.8413557410240173
1773519385.2979,102.70657571108606,2.9621502351806903,,0.8021563212076823,-9.213134765624957,0.8472147583961487
1773519385.3299,104.30965795232106,2.667972777771605,,0.8073670705159505,-7.314605712890625,0.8394312858581543
1773519385.3659,104.30965795232106,2.6993873880516785,,0.8026611963907878,-7.314605712890625,0.8652586340904236
1773519385.3979,102.21696908419986,2.6993873880516785,,0.8011016209920248,-7.314605712890625,0.8600500226020813
1773519385.4299,102.19632681195455,2.6993873880516785,,0.8044108072916667,-7.250793457031239,0.8469914197921753
1773519385.4659,102.19632681195455,2.6993873880516785,,0.8025282541910808,-7.250793457031239,0.8452008366584778
1773519385.4979,102.19632681195455,2.6993873880516785,,0.7989901224772136,-7.250793457031239,0.847711443901062
1773519385.5299,102.19632681195455,2.553782867523704,,0.8052822113037109,-7.250793457031239,0.8479931950569153
1773519385.5659,102.26745669000016,2.553782867523704,,0.7979469935099284,-8.411407470703125,0.8484195470809937
1773519385.5979,102.82186479474534,1.813051683568807,,0.8049462000528972,-8.572692871093714,0.8576869368553162
1773519385.6299,102.82186479474534,1.813051683568807,,0.8127766927083333,-11.8304443359375,0.8658047318458557
1773519385.6659,102.26745669000016,1.813051683568807,,0.8161298116048177,-12.170043945312461,0.8820628523826599
1773519385.6979,99.64694637348849,3.0430755676863237,,0.8120691935221355,-12.170043945312461,0.8741769194602966
1773519385.7299,96.03279513696816,3.2251479659477624,,0.8145516077677409,-11.8304443359375,0.8878543972969055
1773519385.7659,95.04039023558217,3.2251479659477624,,0.8118481953938802,-11.724365234374972,0.8952631950378418
1773519385.7979,95.04039023558217,3.2251479659477624,,0.7935851414998373,-11.724365234374972,0.9082379341125488
1773519385.8299,93.03490781109633,2.7963309177092066,,0.7943904876708985,-3.3446655273437464,0.9203099608421326
1773519385.8659,93.03490781109633,2.792886273332173,,0.8182832717895507,-3.3446655273437464,0.9177465438842773
1773519385.8979,96.54777739418965,1.6641675169276817,,0.7939768473307292,-11.41622924804686,0.9566357731819153
1773519385.9299,96.78277777224982,0.4275552613048332,,0.8186389923095703,-11.41622924804686,0.8878024220466614
1773519385.966,98.25649933052395,0.6514349886811174,,0.8112062454223633,-11.41622924804686,0.8514131903648376
1773519385.9979,99.3756880811558,0.5331367609664264,,0.8023322423299154,-11.41622924804686,0.8329420685768127
1773519386.0299,100.07365402699052,0.6514349886811174,,0.8189420700073242,-11.318878173828075,0.8152254819869995
1773519386.066,100.07365402699052,0.6514349886811174,,0.8110034306844075,-8.256866455078082,0.8854937553405762
1773519386.0979,99.97482338579961,0.7670202390647008,,0.8046242396036783,-8.256866455078082,0.9191604852676392
1773519386.1299,99.3756880811558,0.8841256611619881,,0.7927239735921224,-2.544738769531243,0.9742209315299988
1773519386.166,98.5521304972515,2.8519069418047587,,0.7679166793823242,6.697601318359414,0.9769372940063477
1773519386.1979,98.5521304972515,3.033451108804341,,0.7628294626871744,9.3627624511719,0.9732325673103333
1773519386.2299,99.97482338579961,3.544348278307488,,0.7734690984090169,11.804626464843793,0.9591483473777771
1773519386.266,98.5521304972515,3.559413516065849,,0.7424147923787435,20.271209716796914,0.9605384469032288
1773519386.2979,97.03721508421408,5.036727079904676,,0.7387765248616537,20.946655273437536,0.9626432657241821
1773519386.3299,97.03721508421408,5.2001464974758775,,0.7451907475789388,20.946655273437536,0.9653221368789673
1773519386.366,96.25597334642954,5.2001464974758775,,0.7437835693359375,20.271209716796914,0.9685426354408264
1773519386.3979,93.95517092236945,5.327638465496507,,0.7540494283040364,16.28265380859375,0.9534311890602112
1773519386.4299,96.25597334642954,5.914117038146493,,0.753500239054362,16.01904296875004,0.9878509640693665
1773519386.466,96.25597334642954,5.914117038146493,,0.7787277857462566,7.6471557617187536,0.9625470638275146
1773519386.4979,100.01922484217717,6.291087654089066,-0.9817223552352035,0.8041961669921875,4.173431396484375,0.9550038576126099
1773519386.5299,100.01922484217717,6.291087654089066,-0.9817223552352035,0.7714908599853516,4.173431396484375,0.9231666922569275
1773519386.566,100.01922484217717,4.420087313893698,-0.9817223552352035,0.7856057484944662,6.529022216796889,0.9521220922470093
1773519386.5979,100.01922484217717,4.3581160321423145,-0.9817223552352035,0.7738203048706055,6.529022216796889,0.9259204864501953
1773519386.6299,95.27980170020527,4.248381327667964,-0.9817223552352035,0.7717150370279948,0.8720092773437571,0.9346572756767273
1773519386.666,95.18628104007212,4.248381327667964,,0.7990734100341796,-5.592468261718704,0.9309772849082947
1773519386.6979,95.27980170020527,4.3581160321423145,,0.8067193984985351,-7.843841552734361,0.9322383403778076
1773519386.7299,95.27980170020527,4.492963762365912,,0.8050195058186849,-8.440185546874961,0.9314404129981995
1773519386.762,95.18628104007212,4.673892738845178,,0.8037637710571289,-8.440185546874961,0.9255218505859375
1773519386.7979,94.94419892093113,4.774813711238626,,0.8050061543782552,-7.843841552734361,0.932572603225708
1773519386.83,94.94419892093113,4.774813711238626,,0.797287114461263,-7.843841552734361,0.9289522767066956
1773519386.862,94.66126277889197,4.774813711238626,,0.7982598622639974,-5.201965332031211,0.9189644455909729
1773519386.8979,94.66126277889197,4.593552837504488,,0.8162501017252605,-4.735046386718711,0.9040002822875977
1773519386.93,95.23451360391456,4.593552837504488,,0.7922985076904296,-2.340515136718704,0.9159594178199768
1773519386.962,95.23451360391456,4.593552837504488,,0.7902062733968099,-2.340515136718704,0.9173696637153625
1773519386.9979,95.23451360391456,4.593552837504488,,0.7898576736450196,-2.340515136718704,0.9178058505058289
1773519387.0299,95.23451360391456,4.593552837504488,,0.7930662155151367,-2.5664978027343643,0.9156518578529358
1773519387.062,95.40080080052239,3.821764409912955,,0.7946140925089519,-2.709014892578079,0.8990617990493774
1773519387.098,95.8165581940677,3.3333473585902893,,0.7927693049112956,-3.451995849609375,0.9024033546447754
1773519387.13,96.79217090441692,3.3333473585902893,,0.8119989395141601,-11.79672241210934,0.8709965944290161
1773519387.162,96.92449102773776,3.3577045789906292,,0.8140523274739583,-12.78234863281245,0.8727359771728516
1773519387.198,97.05326357782198,3.3577045789906292,,0.8152446111043294,-13.354644775390607,0.8669281005859375
1773519387.2299,97.17881907113028,3.3900500923402674,,0.8179622650146484,-13.354644775390607,0.8642464876174927
1773519387.262,97.26770888794263,3.6352175348582976,,0.8188831329345703,-13.354644775390607,0.8613185882568359
1773519387.298,97.35907443241226,3.6352175348582976,,0.8074883143107097,-9.631622314453114,0.8581657409667969
1773519387.33,97.95049159763164,3.800505293213636,,0.8010149637858073,-8.416809082031218,0.86472487449646
1773519387.362,97.95049159763164,3.800505293213636,,0.8031024932861328,-7.526428222656225,0.8617927432060242
1773519387.398,97.95049159763164,3.886976708943534,,0.8049574534098307,-6.524414062499968,0.873744547367096
1773519387.4299,97.96283431691401,3.9966699380982336,,0.7802935282389323,-7.526428222656225,0.9124622941017151
1773519387.462,97.51094007556016,4.570990941437684,,0.778589375813802,3.421875000000032,0.9281864166259766
1773519387.498,95.3128492993773,4.797507669684182,,0.8044897715250651,4.138549804687521,0.9223239421844482
1773519387.53,95.3128492993773,5.210531443139965,,0.7788004557291667,4.138549804687521,0.9281310439109802
1773519387.562,95.04652826261787,5.301621002558703,,0.7778063456217448,-0.31698608398432526,0.9255515933036804
1773519387.598,95.04652826261787,5.55878809119811,,0.7880828221638997,-0.0007019042968714473,0.9269795417785645
1773519387.63,95.01493542856153,6.290124133036895,,0.7889315287272135,-0.31698608398432526,0.9179062843322754
1773519387.662,95.01493542856153,6.290124133036895,,0.7874238967895508,-0.7243652343749574,0.9184681177139282
1773519387.698,94.97236618513901,6.290124133036895,,0.7908457438151042,-1.5683593749999858,0.9230560660362244
1773519387.73,95.27575263847812,6.056251506884706,,0.7921018600463867,-1.6431884765624893,0.9199586510658264
1773519387.762,95.27575263847812,5.2607593047444166,,0.7906898498535156,-2.2461242675781,0.9195500016212463
1773519387.798,95.91265949125635,4.94016362398718,,0.7925423304239909,-2.4575500488281143,0.9127120971679688
1773519387.83,95.99498229987938,4.94016362398718,,0.7937636057535807,-3.0437622070312287,0.9144001007080078
1773519387.862,95.99498229987938,4.94016362398718,,0.7953531265258789,-3.806732177734329,0.9347089529037476
1773519387.8983,96.0545422916497,4.94016362398718,,0.8068396250406901,-6.747497558593736,0.9631420373916626
1773519387.93,96.0545422916497,4.94016362398718,,0.801479721069336,-9.320251464843707,0.9261969327926636
1773519387.962,96.0545422916497,4.972545010334158,,0.8311970392862956,-9.320251464843707,0.9674094915390015
1773519387.998,94.14851784995936,5.6746239788180945,,0.8250689188639323,-6.747497558593736,0.9657544493675232
1773519388.03,94.14851784995936,5.590462051188847,,0.7974391937255859,-4.8080444335937145,0.9278849363327026
1773519388.062,93.91198624874723,5.590462051188847,,0.7962343851725261,-4.556213378906229,0.9285688996315002
1773519388.098,93.87757111522883,5.590462051188847,,0.796914545694987,-4.229736328125,0.9261260628700256
1773519388.13,93.7615696827123,5.402341075873376,,0.7924032847086588,-4.229736328125,0.9292769432067871
1773519388.162,93.75550592673761,5.402341075873376,,0.7953006108601888,-4.40768432617185,0.9246602058410645
1773519388.1983,93.75550592673761,5.399672858133361,,0.796605110168457,-3.781524658203086,0.9262158274650574
1773519388.2306,93.75550592673761,5.399672858133361,,0.7977614720662435,-3.781524658203086,0.9282180070877075
1773519388.2625,96.89596078068898,3.750427176668379,,0.7783039093017579,4.3768920898437536,0.9300827383995056
1773519388.298,98.45008871241312,3.6007149692230978,,0.7638054529825846,4.3768920898437536,0.9432904124259949
1773519388.33,99.91748708625278,3.6007149692230978,,0.7589898427327474,11.336151123046907,0.9453744292259216
1773519388.362,99.91748708625278,3.6007149692230978,,0.7920354843139649,12.64801025390625,0.9591977000236511
1773519388.398,99.00689767633816,3.863257420767982,,0.7545834223429362,13.647644042968778,0.9512442946434021
1773519388.43,99.15762492467206,4.030235240534023,,0.7610724131266277,13.720550537109375,0.9460111260414124
1773519388.462,99.00689767633816,4.317115634052342,,0.7588379542032878,13.720550537109375,0.9487890005111694
1773519388.498,99.00689767633816,4.317115634052342,,0.7575899759928385,13.720550537109375,0.9495285153388977
1773519388.53,99.15762492467206,4.030235240534023,,0.777368672688802,13.720550537109375,0.9319124221801758
1773519388.562,99.15762492467206,3.9789731268712996,,0.7560089111328125,12.380950927734418,0.9500436186790466
1773519388.598,98.21164207732092,3.9789731268712996,,0.761628786722819,10.539306640625004,0.9448961019515991
1773519388.63,99.96823022285145,3.9789731268712996,,0.7654655456542969,10.539306640625004,0.9442057609558105
1773519388.662,99.46239821770006,4.14454625085155,,0.7913524627685546,-1.8864135742187038,0.9362795948982239
1773519388.698,99.46239821770006,4.14454625085155,,0.8053787231445313,-8.509613037109371,0.9687899947166443
1773519388.73,100.90941579586794,4.14454625085155,,0.8051507949829102,-8.619018554687496,0.9660392999649048
1773519388.762,101.40278625562696,3.893538251844427,,0.8054641087849935,-8.660003662109368,0.9678951501846313
1773519388.7981,100.90941579586794,3.608986595281188,,0.8067003885904948,-9.253417968749957,0.9659813642501831
1773519388.83,100.90941579586794,3.5508012479491757,,0.80675843556722,-9.281280517578097,0.9647743701934814
1773519388.8621,100.668103295179,3.5508012479491757,,0.8101564407348633,-9.281280517578097,0.9649981260299683
1773519388.898,100.34132432159103,3.608986595281188,,0.8083554585774739,-9.281280517578097,0.9607078433036804
1773519388.93,100.30942114475002,5.615961954045807,,0.7721409479777018,4.632690429687525,0.9397034645080566
1773519388.9621,99.98004960874752,5.615961954045807,,0.77777099609375,5.3996276855469105,0.9389399886131287
1773519388.998,99.98004960874752,5.615961954045807,,0.776173210144043,5.3996276855469105,0.9359732866287231
1773519389.03,100.30942114475002,4.970049832772823,,0.7731543858846028,4.632690429687525,0.9386937022209167
1773519389.0621,101.72646864299158,1.8567225664966045,-13.485153611828306,0.780503527323405,4.202209472656264,0.9342115521430969
1773519389.0981,102.4994291634897,1.8567225664966045,-13.485153611828306,0.7786678314208985,3.321075439453125,0.9390379190444946
1773519389.13,102.4994291634897,1.8567225664966045,-13.485153611828306,0.8090105056762695,-10.36227416992185,0.958143949508667
1773519389.1621,102.4994291634897,2.366763698626774,-13.485153611828306,0.8162307739257812,-13.828002929687475,0.949925422668457
1773519389.1981,101.09485595277498,2.4508797576612906,-13.485153611828306,0.8181098937988281,-13.828002929687475,0.9440072774887085
1773519389.23,101.09485595277498,2.4508797576612906,,0.8197931925455729,-13.828002929687475,0.9462717175483704
1773519389.2621,100.64733756196792,2.906183194837648,,0.8071034749348959,-9.446899414062493,0.9386959075927734
1773519389.2981,100.64733756196792,2.906183194837648,,0.7915986378987631,-2.004577636718743,0.9606911540031433
1773519389.33,95.84662151391224,2.9622086564510295,,0.789935048421224,-1.2060546874999822,0.9811962842941284
1773519389.3621,92.53186335191509,3.278049005534717,,0.7897867202758789,-1.1348571777343608,0.9492862224578857
1773519389.3981,92.53186335191509,3.278049005534717,,0.7801015853881836,2.85061645507815,0.9700210094451904
1773519389.43,95.27952508188115,2.9622086564510295,,0.7814836502075195,3.5140075683593786,0.9602856636047363
1773519389.4621,95.27952508188115,0.8933087376455555,,0.7638455073038737,3.5140075683593786,0.9546394944190979
1773519389.4981,98.64735669121447,0.8933087376455555,,0.7748500188191731,6.034759521484414,0.9372485876083374
1773519389.5301,100.53052578538566,0.8933087376455555,,0.7838076273600261,7.798095703125032,0.9712546467781067
1773519389.5621,100.53052578538566,2.829929157715609,,0.7711764017740885,7.798095703125032,0.9786554574966431
1773519389.5981,102.18850133387747,4.225908144829741,,0.7625633239746094,9.898437500000004,0.9753980040550232
1773519389.6301,102.18850133387747,4.225908144829741,,0.7668006896972657,9.898437500000004,0.9783309698104858
1773519389.6621,102.18850133387747,4.225908144829741,,0.7661731719970704,9.898437500000004,0.9739845991134644
1773519389.6981,102.31854406295413,1.9998794961110085,,0.7749040603637696,6.0088195800781286,0.9688994884490967
1773519389.7301,102.31854406295413,1.7549584641071347,,0.7861110687255859,0.6294555664062962,0.9668752551078796
1773519389.7621,101.80737792607457,1.6077649250057489,,0.8115368525187174,-2.5180053710937322,0.9515959024429321
1773519389.7981,101.80737792607457,1.1200308299151784,,0.813462511698405,-3.535217285156218,0.9497624635696411
1773519389.8301,101.80737792607457,1.6077649250057489,,0.7926682790120443,-11.574920654296843,0.9433979988098145
1773519389.8621,98.81553133560152,1.1200308299151784,,0.7947874704996745,-9.095275878906204,0.9489253163337708
1773519389.8981,97.47024620989508,0.6069645313120793,,0.8170703252156576,-6.757080078124993,0.9289931058883667
1773519389.9301,97.47024620989508,0.7944218396958481,,0.8063709259033203,-6.757080078124993,0.9183500409126282
1773519389.9621,98.14483864639939,0.6069645313120793,,0.8014996846516927,-7.589385986328097,0.9037584066390991
1773519389.9981,98.14483864639939,0.6069645313120793,,0.7995569864908855,-7.589385986328097,0.906848132610321
1773519390.0301,98.68195205481477,0.7944218396958481,,0.8032336552937825,-7.589385986328097,0.9098225235939026
1773519390.0621,100.0710325818778,2.6659584274251102,,0.8110530853271485,-7.589385986328097,0.9135559797286987
1773519390.0981,100.0710325818778,2.6659584274251102,,0.8156435012817382,-8.971618652343718,0.9115634560585022
1773519390.1301,100.21032025579866,2.8299276558710225,,0.8000114440917969,-11.342712402343746,0.9195308685302734
1773519390.1621,103.7877661224009,2.6659584274251102,,0.8061133066813151,-10.649261474609357,0.9118180274963379
1773519390.1981,101.06958198867471,2.3579326721682707,,0.8138950347900391,-8.971618652343718,0.9157565832138062
1773519390.2301,102.2072459907876,2.150426188980061,,0.8096083958943685,-10.649261474609357,0.9122821092605591
1773519390.2621,102.2072459907876,1.3928191919544217,,0.7912553787231446,-12.706848144531246,0.9444140791893005
1773519390.2981,102.07760262774941,0.6739815815986848,,0.8277013778686524,-17.898223876953097,0.8767035603523254
1773519390.3301,102.07760262774941,0.6739815815986848,,0.8247104008992513,-17.898223876953097,0.870128870010376
1773519390.3621,102.2072459907876,0.6739815815986848,,0.8251309076944987,-17.898223876953097,0.8528885841369629
1773519390.3981,102.07760262774941,0.6739815815986848,,0.8180955251057943,-15.875427246093707,0.8495727181434631
1773519390.4301,102.26539508744054,0.2212526031875902,,0.8204962412516276,-14.723083496093743,0.8611269593238831
1773519390.4621,102.26539508744054,0.720557514115016,,0.8150104522705078,-14.255371093749964,0.8493568301200867
1773519390.4981,102.29595089827573,0.2428749517350373,,0.8171211242675781,-14.255371093749964,0.8218454122543335
1773519390.5301,103.03808554889284,0.2428749517350373,,0.7952828089396159,-14.255371093749964,0.8330298662185669
1773519390.5621,103.03808554889284,0.2428749517350373,,0.8209850311279296,-14.255371093749964,0.8044348359107971
1773519390.5981,101.91047151116187,0.37760499667405706,,0.8180141448974609,-13.341033935546829,0.8004270195960999
1773519390.6301,102.0231219260451,0.2428749517350373,,0.7951218922932942,-14.507507324218736,0.8303455114364624
1773519390.6621,101.91047151116187,0.2683523733069271,,0.8152162551879882,-13.869964599609332,0.8516813516616821
1773519390.6981,101.74724815312418,0.37760499667405706,,0.8176464080810547,-13.341033935546829,0.8389500379562378
1773519390.7301,101.74724815312418,0.37760499667405706,,0.8163181940714518,-13.341033935546829,0.8287534117698669
1773519390.7621,101.74724815312418,0.2683523733069271,,0.7939854939778646,-13.869964599609332,0.8494136333465576
1773519390.7981,100.24737153799443,0.5228569179713052,,0.7924966176350912,-3.150268554687461,0.8425840139389038
1773519390.8301,99.74049639660188,0.8804925976787628,,0.817493184407552,-2.4356079101562322,0.8404325842857361
1773519390.8621,99.97546235622784,0.5228569179713052,,0.7904744466145833,-2.4356079101562322,0.8526395559310913
1773519390.8982,99.97546235622784,0.44882357726372946,,0.7856718063354492,-2.743377685546875,0.8571106791496277
1773519390.9301,99.97546235622784,0.44882357726372946,,0.7933160146077474,-2.743377685546875,0.8536850214004517
1773519390.9621,100.58368830500042,0.4405260420721233,,0.793137804667155,-2.828918457031211,0.857168972492218
1773519390.9982,100.62681059431044,0.30559205043330817,,0.7963864644368489,-2.828918457031211,0.8575320839881897
1773519391.0301,100.82349380638315,0.2819136168085018,,0.795120112101237,-2.743377685546875,0.859453022480011
1773519391.0621,105.57837706696584,0.09094185402926039,,0.7683739980061849,9.143249511718778,0.8319224119186401
1773519391.0982,105.57837706696584,0.2819136168085018,,0.7670290629069011,9.143249511718778,0.8321898579597473
1773519391.1302,105.57837706696584,0.2819136168085018,,0.7640235265096028,9.143249511718778,0.8514940738677979
1773519391.1622,105.57837706696584,0.797599847049805,,0.7856868108113607,1.7435302734375213,0.8305827975273132
1773519391.1982,104.60527730193857,1.543283206086002,,0.7837900797526042,1.7435302734375213,0.8149916529655457
1773519391.2301,103.7809453352712,1.543283206086002,,0.8045890808105469,1.7435302734375213,0.7835856676101685
1773519391.2621,103.7809453352712,1.5899062891711442,,0.7790574391682943,2.6387329101562607,0.8163357973098755
1773519391.2981,103.14916110106542,1.5899062891711442,,0.7791277567545573,3.9814453125000426,0.8268746733665466
1773519391.3302,101.15971316221726,2.1630213645239693,,0.7819250742594401,4.015197753906268,0.8461146354675293
1773519391.3622,99.62097464489148,2.7285101688459066,,0.7780953089396159,3.9814453125000426,0.8382266759872437
1773519391.3984,99.62097464489148,2.7285101688459066,,0.7753705342610677,4.477020263671907,0.8257066607475281
1773519391.4301,99.62097464489148,2.7285101688459066,,0.781106694539388,5.784912109375018,0.8225352168083191
1773519391.4621,107.37798368617386,1.596553320439406,,0.7616556803385417,11.062011718750018,0.8579251170158386
1773519391.4982,107.37798368617386,1.125233961450574,,0.7621060053507487,11.062011718750018,0.8586724400520325
1773519391.5302,107.37798368617386,0.6241969252034232,,0.7643765767415365,12.151885986328157,0.8682143688201904
1773519391.5621,106.223943389451,0.2903663298527921,,0.7656178156534831,11.062011718750018,0.8684271574020386
1773519391.5982,105.63329164267546,0.2903663298527921,,0.7616165161132813,10.98376464843751,0.8695170879364014
1773519391.6302,103.339567081959,0.2903663298527921,,0.7645395914713542,10.466217041015646,0.8799760937690735
1773519391.6624,103.17152326648444,1.3091434212460173,,0.7867218017578125,1.8707275390625355,0.8368439078330994
1773519391.6942,103.17152326648444,1.3091434212460173,,0.7835250854492187,1.8707275390625355,0.8137164115905762
1773519391.7302,103.17152326648444,1.3091434212460173,,0.7844205856323242,1.8707275390625355,0.8101641535758972
1773519391.7622,105.54926080897096,0.2475453306214159,,0.7636558532714843,9.980133056640632,0.8362215161323547
1773519391.7942,105.54926080897096,0.2475453306214159,,0.766630490620931,9.980133056640632,0.8478744029998779
1773519391.8304,105.54926080897096,0.22969429860462728,,0.7657135645548503,9.980133056640632,0.8543274402618408
1773519391.8622,102.06565359843141,0.2475453306214159,,0.7874169667561849,9.234619140625018,0.8332257866859436
1773519391.8942,100.74890724977789,1.074358433427546,,0.7681836446126302,0.0026245117187784217,0.8516437411308289
1773519391.9301,100.38762246176624,1.2925151895186187,,0.7894923528035481,-0.9057617187499822,0.8319602608680725
1773519391.9622,100.36957496233721,1.8132725175326818,,0.7893094380696615,-0.9935607910155753,0.832805871963501
1773519391.9942,99.93293789612994,1.847758504074865,,0.7903992335001627,-1.4288635253905824,0.8466943502426147
1773519392.0301,99.93293789612994,1.847758504074865,,0.7917776107788086,-2.0904846191406,0.8340629935264587
1773519392.0622,99.93293789612994,1.8132725175326818,,0.7930136362711588,-2.683776855468718,0.8255289793014526
1773519392.0942,99.93293789612994,1.9062670050035022,,0.819460932413737,-2.683776855468718,0.8104431629180908
1773519392.1302,100.37634506305332,1.62644086709219,,0.8166117350260417,-2.683776855468718,0.8074876666069031
1773519392.1622,100.79572651584039,1.4274518860919114,,0.7888114929199219,-1.8587646484374964,0.85577791929245
1773519392.1942,100.79572651584039,1.4274518860919114,,0.7894852320353191,-1.8587646484374964,0.8330408334732056
1773519392.2302,100.79572651584039,1.4274518860919114,,0.7912948608398438,-1.8587646484374964,0.821128785610199
1773519392.2622,104.21897649179017,1.2996246346388325,,0.8013710021972656,-6.695312499999986,0.841162919998169
1773519392.2941,104.21897649179017,1.1968753242942682,,0.8047776540120443,-8.330505371093722,0.8171997666358948
1773519392.3303,104.66251004932259,0.4111337029572118,,0.8123143513997396,-9.038360595703114,0.8267306089401245
1773519392.3622,104.66251004932259,1.127824719435805,,0.8074472427368165,-9.038360595703114,0.8360553979873657
1773519392.3942,104.66251004932259,1.127824719435805,,0.8062523523966472,-9.611907958984371,0.8367398381233215
1773519392.4303,104.30421877133735,1.1968753242942682,,0.8039236068725586,-9.038360595703114,0.8116137981414795
1773519392.4622,104.30421877133735,1.508542702895846,,0.8074751536051432,-7.9205627441406,0.823333203792572
1773519392.4942,104.30421877133735,1.508542702895846,,0.7864402135213217,-7.9205627441406,0.8456310629844666
1773519392.5303,104.30421877133735,2.1656076025952378,,0.8026233037312825,-7.296417236328097,0.8001167178153992
1773519392.5622,104.59946006712516,2.1656076025952378,,0.8046499888102213,-5.5798950195312,0.8215686082839966
1773519392.5942,105.194370756124,2.144448267730932,,0.7990472157796223,-7.296417236328097,0.8282636404037476
1773519392.6303,105.65000971864079,2.039389679145927,,0.7957223892211914,-8.269226074218707,0.8332624435424805
1773519392.6622,106.0068070390623,2.039389679145927,,0.8107368469238281,-11.190917968749954,0.8818387985229492
1773519392.6942,106.0068070390623,1.2224800765748938,,0.82174072265625,-16.472778320312464,0.8720380067825317
1773519392.7303,105.194370756124,0.818860073651333,,0.8256949106852214,-17.993103027343746,0.8820620775222778
1773519392.7622,104.12323266262202,0.4100787066570707,,0.8249080657958985,-17.993103027343746,0.8911018371582031
1773519392.7942,104.12323266262202,0.818860073651333,,0.8277584075927734,-17.993103027343746,0.9130690097808838
1773519392.8303,104.01476940439692,1.2224800765748938,,0.8248990376790365,-17.988769531249993,0.9225310683250427
1773519392.8622,103.52082191723339,1.3286110760029577,,0.824717903137207,-17.90182495117186,0.9141927361488342
1773519392.8942,103.18367495159592,1.3286110760029577,,0.8238951365152994,-17.506896972656207,0.914521336555481
1773519392.9303,102.38453999501438,1.3286110760029577,,0.8164642333984375,-16.738769531249957,0.9013370871543884
1773519392.9622,100.33569148680384,1.4550805155008575,,0.8222948710123698,-16.738769531249957,0.875549852848053
1773519392.9942,100.33569148680384,1.47858723656264,,0.8127701441446941,-13.940063476562496,0.8900305032730103
1773519393.0303,102.38453999501438,1.47858723656264,,0.8347303390502929,-16.738769531249957,0.886740505695343
1773519393.0622,100.05309072737897,1.47858723656264,,0.8069742838541667,-12.166900634765625,0.8907691240310669
1773519393.0942,100.05309072737897,1.47858723656264,,0.8260578791300456,-9.38488769531249,0.9132100939750671
1773519393.1303,96.31425899341006,1.2930639501436143,,0.8007282257080078,-6.386779785156236,0.9665365219116211
1773519393.1623,95.3005329779175,0.5906001037843536,,0.7842065175374349,-2.641723632812454,0.9595751762390137
1773519393.1942,93.11600362310169,0.5906001037843536,,0.7849711736043294,-2.47100830078125,0.9585286974906921
1773519393.2303,92.53049595203069,0.574420523322751,,0.792926025390625,-2.47100830078125,0.9549033045768738
1773519393.2623,92.53049595203069,0.574420523322751,,0.7925703684488933,-2.47100830078125,0.9608906507492065
1773519393.2942,90.82319285634763,1.2050717725662288,,0.7979755401611328,-2.47100830078125,0.967121422290802
1773519393.3303,90.08419924248675,1.338691289449949,,0.7917016347249349,-2.47100830078125,0.97063148021698
1773519393.3622,90.08419924248675,2.458562034320542,,0.787345822652181,-4.2463684082030895,0.9511789679527283
1773519393.3942,89.44344835076811,3.231810847393361,,0.7963884353637696,-2.054016113281243,0.9555836319923401
1773519393.4303,89.18246318651205,3.8741648400930706,,0.7962690353393554,0.036773681640642764,0.9630643129348755
1773519393.4622,89.18246318651205,4.008689899058435,,0.7856718699137369,0.8402709960937926,0.9231976866722107
1773519393.4942,89.44344835076811,4.42984523647641,,0.77049560546875,4.401062011718775,0.9621825814247131
1773519393.5303,96.45648302950222,5.142775572882235,,0.771282704671224,4.401062011718775,0.948372483253479
1773519393.5623,97.737465535862,5.142775572882235,,0.7782535552978516,4.401062011718775,0.9380715489387512
1773519393.5942,97.737465535862,5.15971243715034,,0.7835187276204427,1.8737792968750178,0.9362342953681946
1773519393.6303,98.19826380273474,5.15971243715034,,0.8010491689046224,-1.5817565917968324,0.9280634522438049
1773519393.6623,100.51455536199572,5.142775572882235,,0.7907177607218424,-6.540832519531232,0.9374902248382568
1773519393.6943,100.7052636207937,4.83449151306375,,0.8038859049479167,-7.902465820312479,0.9526389241218567
1773519393.7303,100.7052636207937,4.777268526200022,,0.8093400319417318,-7.902465820312479,0.9577866792678833
1773519393.7623,100.8013968918266,4.6655838977944475,,0.8044998168945312,-7.902465820312479,0.9434639811515808
1773519393.7942,100.8013968918266,3.770378809131507,,0.7707112630208334,8.021362304687507,0.9260826110839844
1773519393.8303,100.7052636207937,3.418082238276067,,0.7676733652750651,8.021362304687507,0.9196699857711792
1773519393.8623,99.86356946504556,3.418082238276067,,0.7672515869140625,9.086486816406278,0.9289582371711731
1773519393.8942,97.96315671975351,3.7411596769372104,,0.7729628245035808,9.086486816406278,0.929828405380249
1773519393.9303,97.96315671975351,3.418082238276067,,0.7684922536214193,6.94061279296875,0.9304456114768982
1773519393.9623,97.96315671975351,3.418082238276067,,0.7945876439412435,6.94061279296875,0.9532161355018616
1773519393.9943,97.657857969302,3.0491731167612146,,0.7764565785725911,7.979736328125,0.9086186289787292
1773519394.0303,98.23787335287756,2.7982725665951906,,0.7692095438639323,7.979736328125,0.9197026491165161
1773519394.0623,98.41099498843536,2.7982725665951906,,0.7707979838053386,7.979736328125,0.9272114634513855
1773519394.0943,98.65071080879426,2.7982725665951906,,0.7653205871582032,7.979736328125,0.9305430054664612
1773519394.1303,98.65071080879426,3.4183838371083324,,0.7723367055257161,7.979736328125,0.9269949197769165
1773519394.1623,98.74740662768059,3.4183838371083324,,0.7729875564575195,7.2411499023438,0.9223943948745728
1773519394.1943,100.79574165812055,3.4183838371083324,,0.7707029978434244,6.928741455078171,0.9308755993843079
1773519394.2304,101.28147332809871,3.192054643852724,,0.7734213511149088,6.928741455078171,0.9219605326652527
1773519394.2623,103.44957373323841,3.033682474492115,,0.7756088892618815,6.846252441406264,0.9302955269813538
1773519394.2943,103.44957373323841,2.9568030176446083,,0.7708180745442709,6.846252441406264,0.9303328990936279
1773519394.3304,103.44957373323841,2.9568030176446083,,0.773159408569336,7.5670776367188,0.9302027225494385
1773519394.3623,102.53983227255993,3.033682474492115,,0.7691825866699219,7.5670776367188,0.9362800121307373
1773519394.3943,100.1958145156853,3.5728827315167155,,0.7716576894124348,6.846252441406264,0.937627911567688
1773519394.4303,98.41240328144234,3.5728827315167155,,0.7738998413085938,7.121459960937546,0.9364033341407776
1773519394.4623,98.36200093178405,3.5728827315167155,,0.7745288848876953,7.121459960937546,0.9384028315544128
1773519394.4943,98.34644498407806,3.3623596937889317,,0.7725860595703125,6.4908447265625036,0.9428619742393494
1773519394.5303,98.36200093178405,2.8189214575409327,,0.7724472045898437,6.301025390625021,0.9407263994216919
1773519394.5625,98.41240328144234,2.7831594115244123,,0.7742952982584635,6.358398437500039,0.943776547908783
1773519394.5943,98.95929679552022,2.7037356442900493,,0.7775009155273438,6.301025390625021,0.9427363872528076
1773519394.6263,99.92715343805473,2.3294406890400756,,0.7741757710774739,6.301025390625021,0.938261091709137
1773519394.6623,103.24764516731746,2.3294406890400756,,0.7823871612548828,6.358398437500039,0.9186813235282898
1773519394.6943,103.24764516731746,1.794292409839798,,0.7732826232910156,6.7871093750000355,0.9381290078163147
1773519394.7264,108.12808675941794,1.794292409839798,,0.7637107213338216,6.889251708984396,0.9460216760635376
1773519394.7623,103.24764516731746,1.8616703987719294,,0.7724026362101237,7.209503173828136,0.9241126775741577
1773519394.7943,101.61950321290605,2.319722971932723,,0.7730698267618815,9.514190673828171,0.9387748837471008
1773519394.8264,101.61950321290605,1.8971945107349253,,0.7663575490315755,9.514190673828171,0.935759425163269
1773519394.8623,101.61950321290605,2.319722971932723,,0.767601203918457,9.548553466796914,0.9297250509262085
1773519394.8943,101.26772218084362,2.4437483955658017,,0.7575368881225586,10.111145019531289,0.9323989748954773
1773519394.9263,101.61950321290605,2.993823058342955,,0.7675296147664388,13.226715087890657,0.9306052923202515
1773519394.9623,100.68040914714055,2.993823058342955,,0.7598667780558268,13.226715087890657,0.9329202175140381
1773519394.9943,100.41648714290152,2.993823058342955,,0.7555209477742513,11.085937500000043,0.9329774379730225
1773519395.0264,100.54844814502104,2.881637385907868,,0.7643267313639323,11.085937500000043,0.9312273859977722
1773519395.0623,100.68040914714055,1.1623487391769756,,0.7824142456054688,2.4039306640625036,0.9321366548538208
1773519395.0943,100.1720862450901,0.5989808119079199,,0.7826432545979818,2.2940063476562678,0.936210572719574
1773519395.1264,99.66376334303963,0.5989808119079199,,0.7859301884969075,2.2940063476562678,0.9305044412612915
1773519395.1623,,1.041029277194584,,0.786212412516276,2.2940063476562678,0.9211577773094177
1773519395.1943,,1.1623487391769756,,0.7776185989379882,1.999145507812532,0.9242532253265381
1773519395.2264,,1.242036422802774,,0.7813342412312826,2.922332763671882,0.9261398315429688
1773519395.2623,,1.6134767240675545,,0.7832575480143229,2.922332763671882,0.9290383458137512
1773519395.2943,,1.840631597061292,,0.7810997645060221,1.999145507812532,0.9264399409294128
1773519395.3264,,1.983369704098131,,0.7854615529378255,1.999145507812532,0.9268210530281067
1773519395.3623,,1.983369704098131,,0.7842345555623372,3.0348815917968963,0.9258158206939697
1773519395.3943,98.14987875882395,2.045789829086876,,0.7786082585652669,1.5301818847656534,0.9251459240913391
1773519395.4264,100.05613162175607,2.045789829086876,,0.7766104380289713,4.230804443359393,0.9276673197746277
1773519395.4623,101.51513174532312,1.8376887331009586,,0.7851264317830403,5.189758300781282,0.9236412644386292
1773519395.4943,101.51513174532312,1.7429977689063414,,0.7718125661214192,6.532226562500014,0.9274178743362427
1773519395.5264,101.51513174532312,1.5283881174665537,,0.7729470570882161,6.532226562500014,0.9333760738372803
1773519395.5623,101.73875811500565,1.4841940069176425,,0.7738136291503906,6.532226562500014,0.9371873140335083
1773519395.5943,101.51513174532312,1.5283881174665537,,0.7764485677083334,5.760894775390639,0.9374847412109375
1773519395.6264,,1.5283881174665537,,0.7785135269165039,5.267456054687507,0.9359488487243652
1773519395.6624,,2.525052106223274,,0.7754205703735352,5.267456054687507,0.9380715489387512
1773519395.6944,95.18659924624907,2.525052106223274,,0.7767848968505859,5.270111083984403,0.9379056096076965
1773519395.7264,95.71816585569084,2.6665325971661438,,0.7764430363972982,5.760894775390639,0.9376085996627808
1773519395.7624,96.24973246513261,2.525052106223274,,0.7719956080118815,6.980865478515632,0.9368091821670532
1773519395.7943,96.49535828979889,2.4428614681963396,,0.7728789647420248,7.404876708984407,0.9332482218742371
1773519395.8264,96.24973246513261,2.4428614681963396,,0.7714544932047526,7.404876708984407,0.9353317618370056
1773519395.8624,96.74098411446516,2.3329383688865977,,0.7558244069417318,7.664611816406293,0.9368512034416199
1773519395.8944,97.46819062853851,2.3329383688865977,,0.7776944478352864,11.231658935546882,0.9385617971420288
1773519395.9265,97.53306204771846,2.466365374235019,,0.7589313507080078,11.231658935546882,0.9448535442352295
1773519395.9624,97.53306204771846,3.550351700989124,,0.7640231450398763,4.66943359375005,0.9439365863800049
1773519395.9944,98.95092676806142,3.765047785275931,,0.8169467290242513,5.304016113281271,0.9432189464569092
1773519396.0264,99.74896065772549,3.765047785275931,,0.80865904490153,0.18893432617190342,0.9374793171882629
1773519396.0624,99.74896065772549,3.765047785275931,,0.7763724009195964,-2.8525390624999503,0.9580824971199036
1773519396.0944,98.95092676806142,2.6955131111255453,,0.7870288213094075,0.18893432617190342,0.9568668007850647
1773519396.1265,94.56164498087861,2.6955131111255453,,0.7933652242024739,0.2667846679687713,0.94047611951828
1773519396.1624,93.65758404835044,1.9454655504311975,,0.7701843897501628,0.2667846679687713,0.9543887972831726
1773519396.1944,93.33795303930715,1.9454655504311975,,0.7868666330973307,0.2667846679687713,0.939798891544342
1773519396.2264,92.83671165641687,1.0195495038230447,,0.7790758768717448,0.2667846679687713,0.9332219362258911
1773519396.2624,92.83671165641687,1.0195495038230447,,0.8006131490071614,0.2667846679687713,0.9822697043418884
1773519396.2944,93.33795303930715,1.0195495038230447,,0.805545425415039,2.8387451171875178,0.957653820514679
1773519396.3264,96.6232264759861,1.0195495038230447,,0.7648159027099609,-6.33154296874995,0.9690788388252258
1773519396.3624,96.6232264759861,1.0195495038230447,,0.7815083821614583,-7.927917480468718,0.9686521291732788
1773519396.3944,96.99670782673863,1.392920240317913,,0.8039389292399088,-7.927917480468718,0.9429032802581787
1773519396.4264,96.99670782673863,1.2044115166225275,,0.8225413004557292,-16.857055664062468,0.9268814325332642
1773519396.4624,98.74603810271333,0.6219262594374302,,0.8271530787150065,-16.857055664062468,0.9029448628425598
1773519396.4944,99.00109568474004,1.2044115166225275,,0.8251355489095052,-16.857055664062468,0.8739129304885864
1773519396.5264,99.0121977349075,1.2682099424543924,,0.8177777608235677,-16.434539794921843,0.8727941513061523
1773519396.5624,99.00109568474004,1.2044115166225275,,0.8123863220214844,-14.570556640624961,0.8766176700592041
1773519396.5944,98.74603810271333,0.793912849988972,,0.8216610590616862,-11.982666015624996,0.897834300994873
1773519396.6265,94.56169260916022,1.1588214115626354,,0.7909463246663412,-2.467285156249961,0.9316204786300659
1773519396.6624,94.56169260916022,0.793912849988972,,0.7907350540161133,-2.467285156249961,0.9411209225654602
1773519396.6944,94.56169260916022,0.4527191770381285,,0.7925626118977864,-2.467285156249961,0.9375903010368347
1773519396.7265,96.40299902603225,0.4527191770381285,,0.7997239430745443,-5.904724121093743,0.9119377732276917
1773519396.7624,96.40299902603225,0.4527191770381285,,0.8018908182779948,-6.944824218749979,0.9114847183227539
1773519396.7944,96.40299902603225,0.4527191770381285,,0.8066444396972656,-8.0548095703125,0.9049778580665588
1773519396.8265,96.40299902603225,0.40379843086449424,,0.8042032877604167,-8.116760253906214,0.9026306867599487
1773519396.8624,96.87117609241645,0.9797661107757221,,0.8043323516845703,-9.226562499999975,0.8956912159919739
1773519396.8944,96.87270184691614,1.062539502885844,,0.8251074473063151,-9.118530273437475,0.862978458404541
1773519396.9264,97.02646331632775,1.0981264190862885,,0.8234643300374349,-9.118530273437475,0.8692684173583984
1773519396.9624,99.85882480781916,2.1732204079134076,,0.8064193725585938,-17.300109863281232,0.8677105903625488
1773519396.9944,99.99239401753998,2.1732204079134076,,0.8059699376424153,-9.118530273437475,0.8545698523521423
1773519397.0265,100.67869266960098,2.1732204079134076,,0.8244454065958658,-8.902801513671825,0.8202689290046692
1773519397.0625,100.67869266960098,1.38808846814898,,0.8059130350748698,-8.875488281249968,0.8631227612495422
1773519397.0944,100.67869266960098,1.38808846814898,,0.7843884785970052,-0.1314086914062429,0.8395693898200989
1773519397.1265,100.60662158757361,1.278892775221661,,0.7876962025960287,-0.1314086914062429,0.8471001982688904
1773519397.1625,100.60662158757361,1.278892775221661,,0.7865009307861328,-0.1314086914062429,0.8214211463928223
1773519397.1944,100.60662158757361,1.278892775221661,,0.7955396016438802,-3.018981933593743,0.8383690118789673
1773519397.2265,102.35338024879171,0.7551571196964049,,0.7989585876464844,-3.018981933593743,0.8277007341384888
1773519397.2625,103.50004032678441,0.5895995970111605,,0.7937119801839193,-3.018981933593743,0.8333783149719238
1773519397.2944,103.50004032678441,0.5895995970111605,,0.7915592829386393,-1.9968261718749858,0.8273448944091797
1773519397.3265,103.50004032678441,0.5895995970111605,,0.7888932545979818,-1.985687255859343,0.8210991024971008
1773519397.3625,102.32889617631103,0.7038156674278039,,0.7915824890136719,-1.985687255859343,0.8297654986381531
1773519397.3944,101.99898746205012,0.45637755825830384,,0.7902753194173177,-1.9968261718749858,0.8209434747695923
1773519397.4265,101.99898746205012,0.7038156674278039,,0.7970144907633464,-4.60418701171875,0.8326445817947388
1773519397.4625,101.99898746205012,0.8846570654192357,,0.7991373697916667,-4.60418701171875,0.8484242558479309
1773519397.4944,100.92756374973389,0.9537368454613364,,0.8132152557373047,-5.6231689453125,0.8158477544784546
1773519397.5265,101.23313053138136,0.8846570654192357,,0.7944393793741862,-5.6231689453125,0.8350389003753662
1773519397.5625,100.46727360071262,1.2683451445450962,,0.7992117563883464,-5.65887451171875,0.830758810043335
1773519397.5944,100.18709900700804,1.2683451445450962,,0.7819396336873372,-3.368133544921843,0.8554900884628296
1773519397.6265,99.90692441330349,0.6146837358762542,,0.8065996805826823,-5.65887451171875,0.8086230158805847
1773519397.6625,,0.6146837358762542,,0.789254887898763,-9.205078124999968,0.8520325422286987
1773519397.6945,,0.7789219603724361,,0.8092928568522135,-9.669097900390575,0.8130460381507874
1773519397.7265,,0.6146837358762542,,0.8099686940511067,-9.669097900390575,0.7982533574104309
1773519397.7625,101.48213361641116,0.7789219603724361,,0.8075663884480794,-9.669097900390575,0.7959787845611572
1773519397.7945,100.40633178044308,0.9653423925363359,,0.7865691502888997,-9.631744384765586,0.8510035872459412
1773519397.8265,100.07037936605458,0.9739524819899255,,0.8074885686238606,-5.178039550781239,0.7995427846908569
1773519397.8625,100.24009561825905,1.4627447562429245,,0.7981383641560872,-5.178039550781239,0.8152181506156921
1773519397.8945,100.40981187046351,1.4627447562429245,,0.7982100168863933,-6.062072753906218,0.8153910636901855
1773519397.9265,100.07037936605458,1.4627447562429245,,0.8030529657999674,-6.062072753906218,0.8218033909797668
1773519397.9625,100.07037936605458,1.0999141011029596,,0.800051752726237,-6.062072753906218,0.8295189142227173
1773519397.9945,100.05073087924184,1.0999141011029596,,0.8013982137044271,-6.062072753906218,0.8317890763282776
1773519398.0265,99.71618794563503,1.0999141011029596,,0.7998097737630209,-5.945922851562493,0.8278843760490417
1773519398.0625,99.06759530921254,1.124226571830643,,0.7979064305623372,-5.945922851562493,0.8382976055145264
1773519398.0945,98.03538596507791,1.7007563157927896,,0.7981299718221029,-5.945922851562493,0.8372532725334167
1773519398.1265,97.53385933802986,2.2130977000273404,,0.8006635030110677,-6.179260253906218,0.8417404890060425
1773519398.1625,97.53385933802986,2.26392254682035,,0.800295893351237,-6.355712890624972,0.8354024291038513
1773519398.1945,97.53385933802986,2.26392254682035,,0.8016258239746094,-6.355712890624972,0.8293561935424805
1773519398.2265,97.65458849855413,2.2130977000273404,,0.8011529286702473,-6.179260253906218,0.8300805687904358
1773519398.2625,100.2729994565228,1.2204345969608494,,0.7902482986450196,-3.9136352539062003,0.8332982063293457
1773519398.2945,100.62298285723901,1.2137859508642224,,0.7955758412679036,-3.9136352539062003,0.826655387878418
1773519398.3265,100.62298285723901,1.196933259404286,,0.7951227823893229,-3.6961669921874574,0.8170364499092102
1773519398.3626,100.34208957407786,1.196933259404286,,0.7968027114868164,-3.9136352539062003,0.8196795582771301
1773519398.3945,100.2729994565228,1.2137859508642224,,0.7940959930419922,-4.450042724609347,0.8180359601974487
1773519398.4265,100.07409132562745,1.4815947183373055,,0.7966933568318685,-4.450042724609347,0.8154095411300659
1773519398.4626,100.07409132562745,1.4815947183373055,,0.7968499501546223,-4.450042724609347,0.8213470578193665
1773519398.4945,100.02386117102473,1.550962090619217,,0.7931090672810872,-4.5252075195312,0.8240059614181519
1773519398.5265,99.43127765903347,1.9344640912263615,,0.8210133234659831,-5.590667724609375,0.7654202580451965
1773519398.5626,99.43127765903347,1.9344640912263615,,0.7990696589152019,-5.590667724609375,0.8329731822013855
1773519398.5945,99.51534320236796,1.5041162556700078,,0.7992654164632161,-5.684631347656222,0.8334032297134399
1773519398.6265,99.51534320236796,1.5041162556700078,,0.7970597585042317,-5.590667724609375,0.8359621167182922
1773519398.6626,99.70536640700051,0.9800427474246758,,0.8105027516682942,-4.6259155273437,0.7870157957077026
1773519398.6945,100.35222171472019,0.889599249256535,,0.7858715693155924,-4.6259155273437,0.8150981664657593
1773519398.7265,102.56934911935498,0.34721213568050363,,0.7906744003295898,-11.0785522460937,0.8106508851051331
1773519398.7626,105.58196357828984,0.4889921088378858,,0.8160657246907552,-13.509155273437479,0.7473161816596985
1773519398.7945,105.58196357828984,0.4889921088378858,,0.8155665079752604,-13.509155273437479,0.7448806762695312
1773519398.8265,105.58196357828984,0.4889921088378858,,0.8228586196899415,-13.509155273437479,0.7468640208244324
1773519398.8626,104.66229101849282,0.4889921088378858,,0.7929932912190755,-3.7726135253905824,0.7923686504364014
1773519398.8945,103.83205762897848,0.5022205753564906,,0.7938669204711915,-3.7726135253905824,0.7799105048179626
1773519398.9265,103.83205762897848,0.5022205753564906,,0.7952820460001627,-3.0933532714843714,0.7950121164321899
1773519398.9626,103.83205762897848,0.5022205753564906,,0.7965815862019857,-3.0933532714843714,0.7981352210044861
1773519398.9945,103.53611437510665,0.5022205753564906,,0.7925814310709636,-2.9509277343749574,0.7952362298965454
1773519399.0265,102.28212746851862,1.1520889872813067,,0.7910697301228841,-2.4763183593749893,0.8047325015068054
1773519399.0626,102.28212746851862,1.1520889872813067,,0.7935702006022135,-2.4763183593749893,0.864997923374176
1773519399.0945,102.28212746851862,1.1520889872813067,,0.7908026377360026,-2.9509277343749574,0.8595251441001892
1773519399.1266,100.63340375716926,1.1520889872813067,,0.8128541310628256,-2.9509277343749574,0.8251564502716064
1773519399.1626,100.63340375716926,1.1520889872813067,,0.8116644541422526,-1.6224975585937074,0.8210018873214722
1773519399.1945,103.78111463340156,0.7986393471803338,,0.7860680898030599,-11.63616943359374,0.8351484537124634
1773519399.2265,100.02011528206248,1.501493597083719,,0.7904701232910156,-1.4628906249999751,0.8297654986381531
1773519399.2626,100.02011528206248,1.5714611290851987,,0.8156546274820964,-1.100830078124968,0.7809905409812927
1773519399.2945,100.3014177414306,1.8182187847989484,,0.789715830485026,-1.100830078124968,0.8222284913063049
1773519399.3265,100.3014177414306,1.8396606930242894,,0.7867221832275391,-0.8017272949218324,0.815868079662323
1773519399.3626,99.80573160859458,1.8515954783698736,,0.7883672078450521,-0.8017272949218324,0.8160044550895691
1773519399.3945,100.3014177414306,1.9545312818060827,,0.7890926996866862,-0.8017272949218324,0.8083761930465698
1773519399.4266,100.3014177414306,1.9545312818060827,,0.7905825297037761,-1.5168457031249893,0.8247280120849609
1773519399.4626,101.24822308844828,1.9545312818060827,,0.8076217651367188,-9.695678710937496,0.8375160694122314
1773519399.4945,101.24822308844828,1.8389431933491927,,0.8160742441813151,-12.96551513671874,0.8567721247673035
1773519399.5266,101.24822308844828,1.5042304757725125,,0.8179896036783855,-12.96551513671874,0.856576144695282
1773519399.5626,100.25108695346479,1.5042304757725125,,0.8144339243570964,-12.96551513671874,0.8462803363800049
1773519399.5945,99.92838318330841,1.8389431933491927,,0.8107449849446614,-12.96551513671874,0.861556887626648
1773519399.6266,99.6927042163498,1.8658783071171718,,0.8130091349283854,-12.96551513671874,0.845589816570282
1773519399.6586,99.92838318330841,1.8658783071171718,,0.8154308319091796,-13.444030761718704,0.8657304644584656
1773519399.6945,99.92838318330841,1.8658783071171718,,0.8168492635091146,-13.444030761718704,0.8586598634719849
1773519399.7266,101.92195274645725,1.510327550948806,,0.8157004038492839,-13.57342529296874,0.8458185791969299
1773519399.7586,101.92195274645725,0.8240927443719415,,0.8148600896199544,-13.57342529296874,0.8622193336486816
1773519399.7945,102.33876486047942,0.8240927443719415,,0.8172172546386719,-13.57342529296874,0.8850807547569275
1773519399.8266,102.33876486047942,1.510327550948806,,0.7968539555867513,-13.170074462890575,0.8846589922904968
1773519399.8586,102.33876486047942,1.1032424661398983,,0.8161744435628255,-6.752044677734368,0.9120110869407654
1773519399.8945,100.50184734375246,1.1032424661398983,,0.8014891942342123,-4.527130126953107,0.9239461421966553
1773519399.9266,96.55171781958438,1.1032424661398983,,0.7897311528523763,-2.006713867187475,0.9525169134140015
1773519399.9586,96.55171781958438,1.0479204225928327,,0.7902273813883464,-2.006713867187475,0.9417738914489746
1773519399.9946,94.38743389643945,1.0479204225928327,,0.7916030883789062,-2.006713867187475,0.9395519495010376
1773519400.0266,94.38743389643945,0.7964820132503981,,0.8148352305094401,-8.540435791015586,0.8589221239089966
1773519400.0586,97.14224711664701,0.8603692601893754,,0.8052150090535481,-11.688110351562493,0.8864824771881104
1773519400.0946,97.14224711664701,0.7964820132503981,,0.8154769897460937,-11.688110351562493,0.8630216121673584
1773519400.1266,96.61402708473231,0.7964820132503981,,0.8117726643880209,-11.026611328125,0.8926271200180054
1773519400.1587,97.14224711664701,0.7964820132503981,,0.8103945414225261,-11.026611328125,0.9517836570739746
1773519400.1946,99.53127525649947,0.8603692601893754,-13.622839587209503,0.7786788940429688,-2.5389709472655753,0.9595844745635986
1773519400.2266,96.691564986284,1.7707457531769337,-12.17624487434312,0.7742749532063802,-2.5389709472655753,0.9644240736961365
1773519400.2587,97.88793534396129,1.7707457531769337,-12.17624487434312,0.7927119572957356,-2.5389709472655753,0.9762258529663086
1773519400.2946,101.5239731318532,1.9188820838944793,-10.729650161476735,0.7963788986206055,-2.5389709472655753,0.9712953567504883
1773519400.3266,98.82890843065162,1.9188820838944793,-10.729650161476735,0.8046365102132161,-3.4623413085937393,0.9144160747528076
1773519400.3586,97.88793534396129,1.9188820838944793,-9.77456414035896,0.7865231196085612,-3.4623413085937393,0.9687795639038086
1773519400.3946,97.88793534396129,2.0089913778852906,-8.819478119241184,0.7946356455485026,-0.9623718261718395,0.9268614649772644
1773519400.4266,94.50159951979474,2.582699074983407,-8.819478119241184,0.789427375793457,-0.9623718261718395,0.9430251121520996
1773519400.4587,94.50159951979474,3.1332306237164143,,0.7885323842366536,-0.9623718261718395,0.9512470364570618
1773519400.4946,94.50159951979474,3.5150465389573244,,0.8042917251586914,-0.5327758789062109,0.9532282948493958
1773519400.5266,97.3854730964067,3.7782981206993385,,0.7755165100097656,-0.5095825195312287,0.9526272416114807
1773519400.5586,99.91075550378662,3.8238975656175653,,0.7798062642415364,-0.5095825195312287,0.9321630597114563
1773519400.5946,99.91075550378662,3.8238975656175653,,0.7884840647379557,3.655761718750039,0.9147774577140808
1773519400.6266,99.91075550378662,3.5150465389573244,,0.7927076975504558,3.655761718750039,0.9504466652870178
1773519400.6587,99.6936558963011,2.692052165765812,,0.7638343175252279,11.322296142578132,0.945584774017334
1773519400.6946,97.1024720790447,2.692052165765812,,0.7580317815144857,12.679779052734386,0.9385772347450256
1773519400.7266,95.25044001771911,2.692052165765812,,0.761006228129069,13.77120971679691,0.9322439432144165
1773519400.7587,94.91942477779213,3.2805902677731713,,0.7587324142456054,13.77120971679691,0.9326163530349731
1773519400.7946,94.58840953786516,3.2805902677731713,,0.7587031682332357,12.679779052734386,0.936777651309967
1773519400.8266,94.58840953786516,3.2996190880705156,,0.7630477905273437,11.699829101562536,0.9357020258903503
1773519400.8587,94.58840953786516,3.325718738903308,,0.7648309707641602,10.84390258789064,0.9366688132286072
1773519400.8946,,3.325718738903308,,0.764856465657552,10.84390258789064,0.9342297911643982
1773519400.9266,,3.325718738903308,,0.7652593612670898,10.84390258789064,0.9341910481452942
1773519400.9586,,3.3402521165918455,,0.7628066380818684,11.724456787109379,0.9281834363937378
1773519400.9946,,3.3402521165918455,,0.7629964828491211,11.724456787109379,0.9312548041343689
1773519401.0266,102.39906631779003,3.2872833918676685,,0.7615806579589843,11.813598632812532,0.9220854640007019
1773519401.0587,100.40203829667638,2.7729059342852778,,0.7654763539632161,11.724456787109379,0.9112445116043091
1773519401.0946,98.47746495247593,2.7675369940445878,,0.7628107706705729,10.534118652343789,0.912968635559082
1773519401.1266,98.47746495247593,2.3327990001029812,,0.7665608723958334,10.013549804687507,0.9174262285232544
1773519401.1587,98.47746495247593,2.7675369940445878,,0.7669857660929362,10.013549804687507,0.911110520362854
1773519401.1946,98.44123761401931,2.7729059342852778,,0.7717670440673828,10.013549804687507,0.9069624543190002
1773519401.2266,98.47746495247593,2.7675369940445878,,0.7661805470784505,9.877563476562514,0.9166805744171143
1773519401.2587,,2.3327990001029812,,0.766389274597168,9.9481201171875,0.9173611402511597
1773519401.2946,,2.2720505915358116,,0.7668441772460938,10.09591674804689,0.9204696416854858
1773519401.3267,,2.2720505915358116,,0.7666971842447917,10.09591674804689,0.9178999662399292
1773519401.3587,,2.031479794951559,,0.7629280726114909,10.39031982421875,0.9238669276237488
1773519401.3946,96.59964201617149,2.031479794951559,,0.7654024759928385,10.39031982421875,0.9178807139396667
1773519401.4266,96.63897880121024,2.8448596818921867,,0.7657759348551433,10.39031982421875,0.909083902835846
1773519401.4587,96.59964201617149,3.2768725318679652,,0.7752159118652344,5.8591308593750036,0.9182074069976807
1773519401.4949,96.35663242708895,3.3970107626829464,,0.7791102091471355,4.3132629394531286,0.9099168181419373
1773519401.5267,96.1136228380064,3.6896201831383375,,0.7784364700317383,3.9898681640625,0.9124345183372498
1773519401.5587,95.88958396469953,3.6896201831383375,,0.7818358739217123,3.9898681640625,0.912009596824646
1773519401.5946,95.52780921958208,3.9429410382047143,,0.7811027526855469,3.0334472656250355,0.907365620136261
1773519401.6267,95.09463487926743,4.061361735733413,,0.7686491012573242,3.0334472656250355,0.9230867624282837
1773519401.6587,94.85352668985877,4.061361735733413,,0.7834408442179362,3.0334472656250355,0.9002525210380554
1773519401.6946,94.79919641076334,3.9050826235940264,,0.7809289296468099,3.116882324218757,0.9107916355133057
1773519401.7267,94.70777628075825,4.341409989472777,,0.7832706451416016,3.116882324218757,0.912370502948761
1773519401.7587,94.61635615075316,3.9050826235940264,,0.765125846862793,3.8005371093750107,0.9313439130783081
1773519401.7947,94.90785696895418,2.4746892739887634,,0.7795046488444011,10.70236206054691,0.9203259348869324
1773519401.8267,97.82954491047707,2.44330526459583,,0.7620545069376627,10.70236206054691,0.9321213364601135
1773519401.8587,97.82954491047707,2.4746892739887634,,0.7648105621337891,10.240722656250032,0.924048662185669
1773519401.8947,102.43204175347991,2.4746892739887634,,0.7660875956217448,10.240722656250032,0.9259697198867798
1773519401.9267,102.43204175347991,2.7252979451188923,,0.7705352147420247,8.105865478515675,0.9209684729576111
1773519401.9587,,2.7252979451188923,,0.7728196461995442,7.009338378906289,0.9185667634010315
1773519401.995,,2.7252979451188923,,0.7742516199747721,7.009338378906289,0.9175889492034912
1773519402.0267,,2.6255675930056457,,0.7728249231974283,7.009338378906289,0.9162876605987549
1773519402.0588,,2.4732465519944276,,0.7722890218098958,7.26403808593755,0.9214838743209839
1773519402.0948,,2.415952071968667,,0.7686633427937826,8.907897949218793,0.9265826940536499
1773519402.1267,,2.415952071968667,,0.7678568522135417,9.004364013671893,0.9284331798553467
1773519402.1587,,2.415952071968667,,0.7688643137613932,9.3914794921875,0.9298860430717468
1773519402.1948,101.47105791039091,2.415952071968667,,0.7677490870157878,9.3914794921875,0.9314575791358948
1773519402.2267,102.85718655323896,2.415952071968667,,0.7653598785400391,8.907897949218793,0.93440181016922
1773519402.2587,102.85718655323896,2.428499214619137,,0.7731769561767579,7.718048095703143,0.9245619773864746
1773519402.2948,102.85718655323896,2.428499214619137,,0.7713431676228841,6.8378295898437536,0.9212591648101807
1773519402.3267,102.85718655323896,2.531735396202906,,0.7739283243815104,6.8282165527343786,0.9286872148513794
1773519402.3587,104.243315196087,2.531735396202906,,0.7731969833374024,6.477172851562543,0.9229279160499573
1773519402.3948,,2.531735396202906,,0.7751277923583985,6.094726562500039,0.9221514463424683
1773519402.4267,,1.8158239699713619,,0.7747250874837239,5.901428222656264,0.9191299080848694
1773519402.4587,,1.4596161424835656,,0.775684674580892,5.634124755859382,0.920759916305542
1773519402.4948,,1.4596161424835656,,0.7781492869059244,4.451110839843793,0.9224249124526978
1773519402.5267,,1.4596161424835656,,0.7808195749918619,4.310272216796882,0.9211119413375854
1773519402.5587,,1.7002470153524203,,0.7784427007039388,3.6984558105468857,0.9246329665184021
1773519402.5948,94.39926143212041,1.9454058586844707,,0.7797173182169597,3.669860839843757,0.9210755228996277
1773519402.6267,96.31808915065432,2.7568999492690165,,0.7797768910725912,3.6984558105468857,0.9256572723388672
1773519402.6587,98.23691686918824,2.7568999492690165,,0.7833197275797527,3.6984558105468857,0.9142081141471863
1773519402.6948,98.4997866747866,3.1580735264976934,,0.76764341990153,8.580535888671879,0.9276177883148193
1773519402.7267,98.23691686918824,3.352507364813765,,0.7673606872558594,8.580535888671879,0.9268409013748169
1773519402.7588,98.53629738984314,3.352507364813765,,0.7695463180541993,8.580535888671879,0.9252541065216064
1773519402.7948,98.76265648038499,3.1580735264976934,,0.7701822280883789,8.543762207031289,0.9269924759864807
1773519402.8267,98.53629738984314,3.352507364813765,,0.7696229298909505,8.27529907226566,0.9224138855934143
1773519402.8587,98.03489225357168,3.3542259475981595,,0.7716145197550456,7.587799072265646,0.9161560535430908
1773519402.8948,98.53629738984314,3.3542259475981595,,0.7791947682698568,4.568939208984375,0.9160408973693848
1773519402.9267,99.21015313858783,3.1132086819406575,,0.7779038111368816,4.568939208984375,0.9144062995910645
1773519402.9588,99.23092059223931,2.9177443153284273,,0.7788885116577149,4.568939208984375,0.9097431898117065
1773519402.9948,99.23092059223931,2.7938210852017424,,0.7776612599690755,4.685363769531268,0.9165620803833008
1773519403.0267,99.28823813808826,2.7820325703402378,,0.7771089553833008,4.9504699707031286,0.9279923439025879
1773519403.0588,99.23092059223931,2.7820325703402378,,0.7696492513020833,4.9504699707031286,0.922555685043335
1773519403.0948,98.7407753627268,2.3561181889012586,,0.7694708506266276,8.53112792968755,0.9236223697662354
1773519403.1267,98.19331258736531,2.066867604196019,,0.7832173029581706,8.57925415039066,0.9151948094367981
1773519403.1588,97.19244321031982,2.066867604196019,,0.7666343688964844,8.616760253906293,0.9215183258056641
1773519403.1948,93.6534368069262,2.016238339485028,,0.7695489883422851,9.264343261718775,0.9212175607681274
1773519403.2268,,1.9478730079735642,,0.7607697168986003,9.48779296875001,0.9264287948608398
1773519403.2587,96.57012281326516,2.016238339485028,,0.7681217193603516,9.48779296875001,0.927473783493042
1773519403.2948,96.84980323803923,2.016238339485028,,0.7676561991373698,9.48779296875001,0.928695797920227
1773519403.3268,96.57012281326516,2.016238339485028,,0.7634432474772136,9.264343261718775,0.9372178912162781
1773519403.3588,96.25463186441675,2.5489061258834793,,0.7689304351806641,8.876159667968775,0.9370512366294861
1773519403.3948,96.57012281326516,2.5489061258834793,,0.789517593383789,8.876159667968775,0.9542763233184814
1773519403.4268,95.93914091556836,3.2324355961247515,,0.7709639231363933,7.90008544921875,0.9404076337814331
1773519403.4588,94.50846135080504,3.275068315053803,,0.7597161610921224,-1.0056762695312038,0.9106175303459167
1773519403.4948,91.89902184453076,4.023090302784728,,0.7908721288045247,-1.6558532714843466,0.9721724987030029
1773519403.5268,91.89902184453076,4.023090302784728,,0.791201655069987,-1.814025878906218,0.9606202840805054
1773519403.5588,91.89902184453076,4.023090302784728,,0.8042381286621094,-6.765380859374979,0.9550819396972656
1773519403.5948,94.0123522377743,3.0183359188222374,,0.8037281036376953,-7.826721191406225,0.9121377468109131
1773519403.6268,95.39724162745273,2.1869097031778986,,0.8015169779459635,-7.826721191406225,0.9103886485099792
1773519403.6588,95.64355631422714,1.998190463157353,,0.8075613657633464,-6.765380859374979,0.8989207744598389
1773519403.6948,95.64355631422714,0.23450258005571653,,0.7810017903645833,-4.885162353515593,0.9676387906074524
1773519403.7268,95.64355631422714,0.5946723724020136,,0.7763711293538411,-1.1304321289062003,0.9596711993217468
1773519403.7588,96.95842576696401,0.5946723724020136,,0.7975998560587565,-1.1304321289062003,0.9624301791191101
1773519403.7948,97.80363879898232,0.5946723724020136,,0.7897775014241536,-2.924713134765611,0.9138230681419373
1773519403.8268,99.41521904297304,1.3801819660597847,,0.7935155868530274,-4.885162353515593,0.936281681060791
1773519403.8588,99.41521904297304,1.4831867809268722,,0.8115833282470704,-11.232147216796875,0.9430839419364929
1773519403.8948,99.56223682433757,1.5466458975607429,,0.8108227411905925,-11.232147216796875,0.9376686811447144
1773519403.9268,99.41521904297304,1.893416861775191,,0.8116748809814454,-11.232147216796875,0.9263529777526855
1773519403.9588,99.37678689559243,1.893416861775191,,0.8042901357014974,-8.096496582031243,0.9202885031700134
1773519403.9948,99.37678689559243,2.056795517343801,,0.8025293986002604,-8.096496582031243,0.9169481992721558
1773519404.0268,99.9663581730498,2.5413171008629636,,0.8033363342285156,-8.096496582031243,0.9245175123214722
1773519404.0588,99.37678689559243,2.5413171008629636,,0.8056861877441406,-7.638671874999954,0.9305450916290283
1773519404.0948,99.37678689559243,2.5413171008629636,,0.8102840423583985,-7.638671874999954,0.926222562789917
1773519404.1268,98.05180370854008,0.9986001104751586,,0.7969812393188477,-4.588226318359361,0.9079576730728149
1773519404.1588,98.05180370854008,0.7806023951806649,,0.796789805094401,-4.588226318359361,0.9165512323379517
1773519404.1908,98.05180370854008,0.4186428599753004,,0.7925245920817058,-4.588226318359361,0.9177640080451965
1773519404.2268,99.67560487233456,0.4186428599753004,,0.8091697057088216,-10.438690185546857,0.915600597858429
1773519404.2588,99.67560487233456,0.7189061944549582,,0.8195786794026693,-14.10803222656245,0.9040707945823669
1773519404.2909,99.67560487233456,0.7806023951806649,,0.8216370900472005,-14.830139160156204,0.8968549370765686
1773519404.3268,99.67560487233456,0.9303807168292239,,0.8168141682942708,-14.830139160156204,0.8823052644729614
1773519404.3588,99.86157473623179,1.211449406027198,,0.8183185577392578,-14.784118652343707,0.8567128777503967
1773519404.3908,101.43373738433853,1.211449406027198,,0.8182226816813151,-14.45050048828124,0.8248438835144043
1773519404.4268,101.79507204805667,1.211449406027198,,0.8139535268147786,-14.45050048828124,0.8011651635169983
1773519404.4588,101.87194080235854,0.7267311698992988,,0.8175276438395183,-13.442657470703079,0.8240301609039307
1773519404.4909,102.7587824999075,0.7267311698992988,,0.8154279708862304,-12.734924316406211,0.8242418766021729
1773519404.5268,102.7587824999075,0.7176171222281403,,0.8099879582722982,-11.745788574218743,0.8073102831840515
1773519404.5588,103.23435140621133,0.7176171222281403,,0.8081438700358073,-10.944702148437493,0.8226884007453918
1773519404.5908,104.11728434912126,0.7176171222281403,,0.8118928273518881,-10.944702148437493,0.830413281917572
1773519404.6269,104.14955241892714,0.6240830537686362,,0.8102238972981771,-11.745788574218743,0.8194140791893005
1773519404.6588,104.95094750835398,0.5414540042095688,,0.8166046142578125,-12.489929199218732,0.8829314112663269
1773519404.6908,105.02765265550826,0.5414540042095688,,0.8136765797932942,-12.6019897460937,0.8621752262115479
1773519404.7269,106.12406393846302,0.5414540042095688,,0.813443120320638,-13.690673828124975,0.8548870086669922
1773519404.7588,107.46653780768341,1.0269658682112794,,0.8172869364420573,-12.6019897460937,0.8487583994865417
1773519404.7908,107.58307083421214,1.5072065364796678,,0.8159446716308594,-12.489929199218732,0.857064425945282
1773519404.8269,108.33716540799523,1.7154941987032537,,0.8119999567667643,-11.797210693359332,0.8432683944702148
1773519404.8589,107.58307083421214,1.5072065364796678,,0.8106472015380859,-11.147888183593704,0.8412609100341797
1773519404.8908,107.46653780768341,1.0293074335938865,,0.8083262761433919,-10.033843994140597,0.8336887359619141
1773519404.9269,107.58307083421214,1.0293074335938865,,0.8050546010335287,-8.463439941406232,0.8320319056510925
1773519404.9588,108.0116340964291,1.0244185968484185,,0.7847084681193034,1.3027038574218963,0.808875322341919
1773519404.9908,107.28523840171188,0.9987870847404235,,0.782281239827474,1.3027038574218963,0.8117312788963318
1773519405.0269,107.28523840171188,0.9987870847404235,,0.7802581787109375,1.3027038574218963,0.8084851503372192
1773519405.0588,104.10276806260727,0.9987870847404235,,0.8091145197550456,-0.08740234374995381,0.8373838067054749
1773519405.0908,100.88209051274035,1.0983092228357867,,0.7876045227050781,-2.189849853515593,0.840735137462616
1773519405.1269,100.88209051274035,1.0983092228357867,,0.7919846216837565,-10.412200927734343,0.8250464797019958
1773519405.1588,100.88209051274035,1.0983092228357867,,0.811974843343099,-11.280975341796857,0.8226109147071838
1773519405.1908,100.88209051274035,1.0983092228357867,,0.8147575378417968,-11.280975341796857,0.8251798152923584
1773519405.2269,100.88209051274035,1.0983092228357867,,0.8109244664510091,-11.280975341796857,0.8278500437736511
1773519405.2589,98.82013665787197,1.4462177750762057,,0.791837501525879,-3.4925842285156072,0.8361902832984924
1773519405.2909,98.82013665787197,1.4462177750762057,,0.790481440226237,-2.1192321777343714,0.8209719061851501
1773519405.3269,98.82013665787197,1.4462177750762057,,0.7946986516316732,-1.9163208007812216,0.8271685838699341
1773519405.3588,98.82013665787197,1.4462177750762057,,0.7914147694905599,-1.9163208007812216,0.8112462759017944
1773519405.3909,99.1795910883874,1.3641267200693776,,0.7904624938964844,-1.9163208007812216,0.8271712064743042
1773519405.4269,99.27428660030924,1.0306952168813293,,0.7916670481363932,-1.4592285156249751,0.8292192816734314
1773519405.4589,99.40586202692833,0.9709278915582141,,0.7834222157796223,-1.4592285156249751,0.8535050749778748
1773519405.4908,99.40586202692833,0.7527914051103133,,0.7857481002807617,-2.037414550781218,0.8500251173973083
1773519405.5269,99.5727632615708,0.7527914051103133,,0.7925705591837565,-2.4710998535156037,0.8339071273803711
1773519405.5589,99.67759286573673,0.7527914051103133,,0.7926844278971354,-2.4710998535156037,0.835010290145874
1773519405.5908,100.04415541180617,0.8024273645220963,,0.7932057698567708,-2.5257568359374893,0.8270918726921082
1773519405.6269,100.30588835370969,0.7527914051103133,,0.7689800898234049,-2.5257568359374893,0.864591121673584
1773519405.6589,100.04415541180617,0.6462990424242702,,0.793156623840332,6.8561401367187536,0.8247198462486267
1773519405.6908,100.49279184982872,0.6261899851186109,,0.7719509124755859,7.426330566406296,0.8593250513076782
1773519405.7269,100.67969534594775,0.6462990424242702,,0.7731388092041016,7.0391540527344,0.8630303740501404
1773519405.7589,100.67969534594775,0.6462990424242702,,0.7718580881754558,7.0391540527344,0.8668983578681946
1773519405.7909,101.49435045923562,0.6962664712759364,,0.7727575302124023,6.8561401367187536,0.8632736802101135
1773519405.8269,101.57081075443608,0.6962664712759364,,0.7924568812052409,-2.416534423828125,0.8012539744377136
1773519405.8589,101.93990816347979,0.6962664712759364,,0.799609629313151,-2.9705505371093466,0.8515703082084656
1773519405.8908,101.57081075443608,0.6108605044984987,,0.7936110814412435,-5.329376220703104,0.8439961075782776
1773519405.9269,102.48819131468957,0.6108605044984987,,0.7985253016153971,-5.849853515624979,0.8178741335868835
1773519405.9589,101.57081075443608,0.2574255181334311,,0.801181411743164,-6.6043090820312145,0.8258944153785706
1773519405.9909,,0.6108605044984987,,0.8054054896036784,-8.458679199218722,0.824018657207489
1773519406.0269,,0.6785258805200128,,0.807763671875,-8.631866455078114,0.7956116795539856
1773519406.0589,,0.7210061282807673,,0.805044682820638,-8.631866455078114,0.8139686584472656
1773519406.0909,,0.7210061282807673,,0.8062006632486979,-8.458679199218722,0.8001482486724854
1773519406.1269,,0.8017739901349265,,0.8024495442708334,-7.213012695312493,0.8116822838783264
1773519406.1589,,1.0462492502512857,,0.8003602345784505,-6.210144042968722,0.8162065744400024
1773519406.1909,97.29615331132008,1.1998180418500703,,0.7998637517293294,-5.971832275390607,0.8089892864227295
1773519406.2269,97.29615331132008,1.1998180418500703,,0.7985275268554688,-5.3304443359374964,0.8077313899993896
1773519406.2589,97.52696095005402,1.4663269042545257,,0.7857121149698894,-1.849853515624993,0.8228524327278137
1773519406.2909,97.51994011922656,1.9260460519711293,,0.767362912495931,-0.44848632812497513,0.8587483167648315
1773519406.3269,97.63885435400726,2.0545452586448363,,0.7912762959798177,-0.44848632812497513,0.8038961887359619
1773519406.3589,97.85140569699044,2.0545452586448363,,0.7883567810058594,-1.735412597656243,0.8117213249206543
1773519406.3909,97.94504280519294,2.0545452586448363,,0.7912859598795573,-1.735412597656243,0.814505934715271
1773519406.4269,99.03599027516557,1.8925679050293374,,0.7910378774007162,-1.0832214355468395,0.8152444958686829
1773519406.4589,100.48030503296638,1.3251279305986883,,0.7894449234008789,-1.5409851074218395,0.7982456684112549
1773519406.4909,100.52642506368196,1.067293806826342,,0.7896791458129883,-1.5409851074218395,0.8042863011360168
1773519406.527,101.38011906920444,1.067293806826342,,0.7906328201293945,-1.0832214355468395,0.817626416683197
1773519406.5589,101.38011906920444,1.067293806826342,,0.7913566589355469,-1.0832214355468395,0.8156424760818481
1773519406.5909,101.38011906920444,1.067293806826342,,0.7884775797526041,-1.5409851074218395,0.8204277753829956
1773519406.627,101.38011906920444,1.0331362008138587,,0.7893727620442709,-1.8884277343749645,0.8334269523620605
1773519406.6589,101.62769360542036,0.1950599206066288,,0.815257708231608,-3.0634460449218537,0.8460193276405334
1773519406.6909,100.52637425133884,0.1950599206066288,,0.7938046137491862,-11.814208984374996,0.8527780771255493
1773519406.727,100.4108577461598,0.1950599206066288,,0.8120353698730469,-12.7448120117187,0.8359391689300537
1773519406.7589,100.4108577461598,1.340582182510204,,0.813974126180013,-12.7448120117187,0.8404395580291748
1773519406.7909,100.45306749449615,1.5465217954000714,,0.8167306900024414,-14.067962646484329,0.8440215587615967
1773519406.827,99.93108512938673,1.5465217954000714,,0.8223604838053385,-16.77026367187498,0.8342281579971313
1773519406.8589,99.53537751450583,1.5465217954000714,,0.8254917144775391,-18.273254394531246,0.840839147567749
1773519406.8909,99.53537751450583,1.3392713442789275,,0.8296783447265625,-20.282836914062496,0.855833888053894
1773519406.927,98.3106490289937,0.559085309549272,,0.8338772455851237,-20.282836914062496,0.8864315152168274
1773519406.9589,98.06567530049395,0.4144792995072735,,0.8305384318033854,-20.282836914062496,0.9056995511054993
1773519406.991,98.06567530049395,0.4144792995072735,,0.805195172627767,-8.530914306640618,0.9202393293380737
1773519407.027,98.06567530049395,0.4144792995072735,,0.8021002451578776,-8.530914306640618,0.9397327303886414
1773519407.0589,99.12520174431764,2.4088093040400502,,0.7981290817260742,-8.530914306640618,0.8914044499397278
1773519407.0909,99.12520174431764,2.4088093040400502,,0.8207021077473958,-12.628051757812457,0.90509033203125
1773519407.127,99.12520174431764,2.4088093040400502,,0.8137308756510416,-13.726867675781218,0.8614568710327148
1773519407.1592,97.20819573293909,1.4899904790781935,,0.822420310974121,-13.917419433593743,0.8704050779342651
1773519407.1909,96.75723891112033,1.2653677074281657,,0.8160200754801432,-13.726867675781218,0.9091286063194275
1773519407.227,96.43441883688362,1.2653677074281657,,0.8164170583089193,-13.726867675781218,0.9309886693954468
1773519407.2592,96.03432046366589,1.2653677074281657,,0.810262934366862,-10.96343994140625,0.9611552953720093
1773519407.2909,94.05005848487525,1.1847052153428466,,0.7951294581095377,-9.144714355468704,0.9708805680274963
1773519407.327,93.6885853042527,1.1847052153428466,,0.7812854766845703,-9.144714355468704,0.9578656554222107
1773519407.3592,93.6885853042527,1.1847052153428466,,0.8064739227294921,-3.778869628906243,0.9435553550720215
1773519407.391,91.9217525026854,1.1847052153428466,,0.8096120198567708,-3.778869628906243,0.8954318761825562
1773519407.427,91.9217525026854,2.887124486365248,,0.7952950795491537,-3.778869628906243,0.9602751135826111
1773519407.459,91.31127978999221,3.4184753845569396,,0.7533194859822591,3.161285400390632,0.9567298293113708
1773519407.491,91.31127978999221,4.031301384937117,,0.7466185251871745,16.369415283203175,0.9592154622077942
1773519407.527,91.56773734221419,4.031301384937117,,0.7808364232381185,16.369415283203175,0.9519082903862
1773519407.559,98.73216855849896,4.031301384937117,-9.29828630066613,0.7508941650390625,10.66973876953126,0.9602968692779541
1773519407.591,94.79898903740258,3.694223370187479,-9.29828630066613,0.7770936330159505,10.66973876953126,0.970346987247467
1773519407.627,97.01110397161737,4.156057493688756,-9.29828630066613,0.7651938120524089,10.66973876953126,0.9561794400215149
1773519407.659,96.61876267639177,4.146763517986342,-9.29828630066613,0.7478186289469401,10.66973876953126,0.9451168775558472
1773519407.691,97.01110397161737,4.156057493688756,-9.29828630066613,0.7991128285725911,10.66973876953126,0.9514833092689514
1773519407.723,97.01110397161737,4.146763517986342,,0.7555711110432942,-3.408050537109375,0.9326596856117249
1773519407.759,97.01110397161737,4.679146168037451,,0.7950388590494791,-3.408050537109375,0.8496849536895752
1773519407.791,98.11095609490611,4.146763517986342,,0.7945225397745769,5.896179199218761,0.8794354200363159
1773519407.823,98.11095609490611,4.320100871371197,,0.7751387278238933,3.037658691406264,0.8893947601318359
1773519407.859,98.11095609490611,4.044400782711463,,0.7664410909016927,5.896179199218761,0.9268980622291565
1773519407.891,98.3913354600292,3.287035545906626,,0.781093978881836,8.98574829101566,0.9020895957946777
1773519407.923,98.3913354600292,3.287035545906626,,0.760961405436198,8.98574829101566,0.9318004250526428
1773519407.959,95.20350230766316,4.176273643648109,,0.7687021255493164,3.037658691406264,0.9324175119400024
1773519407.991,94.4995960455981,4.176273643648109,,0.7883029301961263,2.4341430664062536,0.9064116477966309
1773519408.023,94.29838503157274,4.176273643648109,,0.782351303100586,2.4341430664062536,0.9047269225120544
1773519408.059,94.09717401754737,4.176273643648109,,0.7830916086832682,2.4341430664062536,0.8803575038909912
1773519408.091,94.27235122820562,4.118269407545682,,0.7680935541788737,2.4341430664062536,0.9285548329353333
1773519408.123,94.04510641081315,1.9471765868412794,,0.7734535217285157,6.7050781250000036,0.9213610291481018
1773519408.159,,1.6823461764789391,,0.7901405970255534,8.197052001953153,0.8861125111579895
1773519408.191,96.35102527495201,1.6823461764789391,,0.7681063969930013,6.7050781250000036,0.9297900795936584
1773519408.2231,96.20825760333545,4.118269407545682,,0.7703452428181966,3.753601074218764,0.9224280714988708
1773519408.259,96.35102527495201,4.768291834170385,,0.7826996485392252,3.753601074218764,0.8935468792915344
1773519408.291,96.39741667712849,5.047786475204336,,0.7796024322509766,2.266937255859407,0.8983640074729919
1773519408.323,96.44380807930496,5.122729412309299,,0.8045963923136393,0.9283752441406712,0.8482538461685181
1773519408.359,97.9093069777552,5.37670750991081,,0.7854883193969726,-8.243499755859354,0.895530104637146
1773519408.391,97.9093069777552,5.433961369571236,,0.8059670766194661,-8.243499755859354,0.8637775182723999
1773519408.423,97.9093069777552,5.763039233995481,,0.8089452107747396,-8.751159667968729,0.839600145816803
1773519408.459,97.95678836815547,5.763039233995481,,0.7857732137044271,-8.751159667968729,0.8884967565536499
1773519408.491,97.95678836815547,5.763039233995481,,0.8056540171305339,0.7916259765625178,0.8515728116035461
1773519408.523,98.91881164164108,4.045348258347962,,0.7689623514811198,7.409545898437511,0.9234908819198608
1773519408.5591,98.91881164164108,4.039866260524697,,0.7703390121459961,7.409545898437511,0.9225368499755859
1773519408.591,99.3504593053522,3.684715310898168,,0.7719858805338542,7.409545898437511,0.9215545654296875
1773519408.623,98.91881164164108,3.684715310898168,,0.7737820943196615,6.547363281250007,0.9213892817497253
1773519408.659,98.73112757979156,3.684715310898168,,0.803852907816569,2.6269836425781534,0.8936105370521545
1773519408.691,95.72242510607256,4.280155300120881,,0.7819495519002279,2.353881835937539,0.9140282869338989
1773519408.7231,94.82478343147145,4.284664069179143,,0.7825185139973958,1.8721313476562784,0.913378894329071
1773519408.7591,94.82478343147145,4.597134416392023,,0.7835221608479818,2.353881835937539,0.9148224592208862
1773519408.791,94.82478343147145,4.597134416392023,,0.7886786142985026,1.8721313476562784,0.9183545708656311
1773519408.823,94.5147950173734,4.597134416392023,,0.7811953862508138,1.614624023437532,0.9119676947593689
1773519408.8591,94.5147950173734,4.597134416392023,,0.7860628763834635,0.6525878906250426,0.9179515242576599
1773519408.891,95.02238843088757,4.537495552107961,,0.7840586344401042,1.614624023437532,0.9162911772727966
1773519408.9231,97.97196701901777,3.461594339229291,,0.8047655105590821,1.614624023437532,0.8687146306037903
1773519408.9591,98.78543903210392,2.91852207897184,,0.7643225351969402,10.252746582031254,0.9378336668014526
1773519408.991,98.78543903210392,2.91852207897184,,0.7660625457763672,10.252746582031254,0.9377363920211792
1773519409.0231,98.78543903210392,2.91852207897184,,0.7629136403401693,10.252746582031254,0.9355860948562622
1773519409.0591,97.97196701901777,3.0306884622834986,,0.7791290918986002,3.980804443359407,0.8965476155281067
1773519409.091,96.99941223830801,3.3194794909358833,,0.799081548055013,2.650054931640664,0.8839360475540161
1773519409.1231,95.4343675685766,3.600980742711077,,0.781901486714681,2.2351684570312713,0.8991003632545471
1773519409.1591,95.4343675685766,3.600980742711077,,0.7827658335367839,0.9790954589843892,0.9070075154304504
1773519409.191,94.76240849460756,3.669713271890228,,0.7853826522827149,0.9790954589843892,0.9050837159156799
1773519409.2231,94.76240849460756,3.909751277874391,,0.7887772878011068,-0.6503295898437322,0.9111254215240479
1773519409.2591,94.79116142013518,3.669713271890228,,0.794849141438802,-0.6503295898437322,0.910274088382721
1773519409.2911,94.81991434566282,3.3553920905197825,,0.7939020792643229,-0.6503295898437322,0.91425621509552
1773519409.3231,94.5256681176191,3.909751277874391,,0.7747030893961588,-1.5474243164062074,0.9284362196922302
1773519409.3591,94.81991434566282,3.909751277874391,,0.7727776845296224,-0.5416259765624787,0.9274379014968872
1773519409.3911,95.2504057165836,2.8326025250391904,,0.7906462351481119,6.105285644531282,0.9033563733100891
1773519409.4231,98.14218517856847,2.8326025250391904,,0.7885508219401042,6.518920898437521,0.9005501866340637
1773519409.4591,101.03396464055332,2.1335670119795234,,0.7738413492838542,6.518920898437521,0.8966460227966309
1773519409.491,101.8942131115489,2.1335670119795234,,0.7703514099121094,8.194091796875025,0.8862808346748352
1773519409.5231,101.8942131115489,2.1335670119795234,,0.7559806187947591,15.092071533203164,0.9385052919387817
1773519409.5591,101.92585613619231,2.1335670119795234,,0.7508880615234375,15.092071533203164,0.9366092681884766
1773519409.5911,101.92585613619231,2.1335670119795234,,0.7511536916097005,15.092071533203164,0.9410316348075867
1773519409.6231,101.92585613619231,2.142784984537678,,0.792067019144694,4.438262939453175,0.9589641690254211
1773519409.6591,102.55103703909826,1.874523459738957,,0.7826730728149414,2.279693603515671,0.9729973077774048
1773519409.6911,102.55103703909826,0.7105164600997235,,0.7781760533650716,2.279693603515671,0.9564858675003052
1773519409.7231,101.31634225900657,0.7105164600997235,,0.7905284245808919,2.279693603515671,0.9407580494880676
1773519409.7591,100.11241693868791,1.6092526171947017,,0.7807072321573894,0.7050781250000249,0.9478612542152405
1773519409.791,99.60324394286236,1.6092526171947017,,0.7913155873616536,-1.490875244140586,0.9431511759757996
1773519409.8231,99.54331750556001,2.5317206414619173,,0.7859535217285156,-1.8687133789062216,0.9152265787124634
1773519409.8591,95.53314430860884,3.250051754478689,,0.803822135925293,-1.8687133789062216,0.9342074990272522
1773519409.8911,95.18531117779588,3.250051754478689,,0.7953048706054687,-3.340667724609343,0.9283062815666199
1773519409.9231,94.2720202000822,3.250051754478689,,0.7867611567179362,-3.7835693359374645,0.881581723690033
1773519409.9591,94.2720202000822,1.773012723483759,,0.7943821589152018,-3.340667724609343,0.9269099235534668
1773519409.991,95.18531117779588,1.773012723483759,,0.7975477854410807,-3.027679443359368,0.9550082087516785
1773519410.0231,100.18975940800053,1.773012723483759,,0.793730099995931,-3.027679443359368,0.8972318172454834
1773519410.0591,100.19820154366715,1.773012723483759,,0.7885906219482421,-3.027679443359368,0.9372264742851257
1773519410.0911,101.74010607357658,1.773012723483759,,0.7895525614420573,-3.027679443359368,0.9508481025695801
1773519410.1231,101.74010607357658,0.5691770275158721,,0.8055953979492188,-8.723022460937475,0.8535736203193665
1773519410.1591,101.0127724432074,0.3274527922929772,,0.818225606282552,-13.800048828124982,0.8564499020576477
1773519410.1911,100.49955651218743,0.30451228431176147,,0.8239126841227213,-13.800048828124982,0.8350858092308044
1773519410.2231,100.49955651218743,0.18510881952445135,,0.8161725362141927,-13.800048828124982,0.8399900197982788
1773519410.2591,99.61113808234144,0.18510881952445135,,0.8013607660929362,-9.947052001953107,0.8929022550582886
1773519410.2911,98.0835418290834,0.18510881952445135,,0.8081454594930013,-6.690399169921832,0.8872731924057007
1773519410.3231,92.99960953810316,0.4196926675447731,,0.7821991602579753,-0.16717529296872868,0.9334491491317749
1773519410.3592,92.76614359026546,0.5892241084885543,,0.7877707163492839,-0.16717529296872868,0.925172746181488
1773519410.3911,92.00650774209151,0.8071560559865285,,0.7833939870198567,-0.16717529296872868,0.9317416548728943
1773519410.4231,92.76614359026546,0.9767413257061519,,0.7924420038859049,-2.4093933105468324,0.9399333596229553
1773519410.4591,92.99960953810316,0.9767413257061519,,0.7990320841471354,-5.572631835937489,0.941502034664154
1773519410.4911,93.00749793402585,0.9767413257061519,,0.799222755432129,-5.6641540527343714,0.9367778897285461
1773519410.5231,95.96194725052463,0.5053821820828468,,0.800958760579427,-6.497436523437461,0.8972688913345337
1773519410.5591,95.96194725052463,0.5053821820828468,,0.8211132685343424,-7.681213378906211,0.8711808323860168
1773519410.5911,98.88574130666439,0.5053821820828468,,0.821397336324056,-15.514984130859375,0.8433427214622498
1773519410.6231,99.77032897169285,0.5455312068226058,,0.8034249623616536,-15.514984130859375,0.8609623312950134
1773519410.6591,100.03600041604057,1.510926078729254,,0.8197453180948894,-9.252105712890621,0.8663341403007507
1773519410.6911,100.03600041604057,1.7765209335033747,,0.8066976547241211,-7.681213378906211,0.88470458984375
1773519410.7231,100.95540432193361,1.7765209335033747,,0.8022401809692383,-7.1125183105468714,0.8939366936683655
1773519410.7592,101.11561078127146,1.791085632904858,,0.7978363037109375,-5.400634765624961,0.8654516935348511
1773519410.7911,101.11561078127146,1.80860936372693,,0.7986737569173177,-4.998657226562475,0.8434302806854248
1773519410.8231,101.11561078127146,1.791085632904858,,0.7940834045410157,-3.543884277343725,0.8417625427246094
1773519410.8592,101.11561078127146,1.791085632904858,,0.7948055267333984,-3.1972656249999964,0.8250666856765747
1773519410.8911,101.11561078127146,1.7881020124911013,,0.7905226389567057,-1.5989379882812038,0.8178870677947998
1773519410.9232,103.26978807243219,1.3034776979668214,,0.7907535552978515,-1.488098144531218,0.8443556427955627
1773519410.9592,103.50801820057868,0.930664195245512,,0.7904772440592448,-1.488098144531218,0.8455374836921692
1773519410.9911,105.20626092647919,0.930664195245512,,0.7885133743286132,-1.5989379882812038,0.8153576254844666
1773519411.0231,106.11027788681103,0.5588018856196196,,0.8013232549031576,-2.948791503906225,0.7878172993659973
1773519411.0592,106.11027788681103,0.5588018856196196,,0.7935657501220703,-4.7911987304687464,0.8297691941261292
1773519411.0911,106.11027788681103,0.5859640697908263,,0.8002617518107097,-6.162872314453125,0.8182752132415771
1773519411.1232,105.26086730733225,0.9900722865806856,,0.7974040985107422,-4.7911987304687464,0.8130051493644714
1773519411.1592,104.52768748514099,0.5859640697908263,,0.8013625462849935,-4.7911987304687464,0.7832638025283813
1773519411.1911,104.52768748514099,0.5859640697908263,,0.781414540608724,2.8837890625000284,0.8048078417778015
1773519411.2232,104.10826991964272,0.407858493254659,,0.760080083211263,11.308288574218768,0.8563414812088013
1773519411.2592,103.57239758363055,0.407858493254659,,0.7624109903971354,11.308288574218768,0.8682430386543274
1773519411.2912,103.57239758363055,0.407858493254659,,0.7638634999593099,11.308288574218768,0.859119713306427
1773519411.3232,101.52547924861204,1.8574952954127617,,0.7789998372395833,4.042846679687528,0.8167630434036255
1773519411.3592,101.52547924861204,1.8574952954127617,,0.7790603001912435,4.042846679687528,0.8195129036903381
1773519411.3911,101.52547924861204,1.8574952954127617,,0.7809341430664063,4.013824462890643,0.8018027544021606
1773519411.4231,102.76698778295216,1.6562984620393768,,0.7621940612792969,3.1143798828125036,0.8615833520889282
1773519411.4592,104.2992582575854,0.7131484207594472,,0.8009639104207357,-6.499908447265597,0.7814651727676392
1773519411.4912,104.2992582575854,0.7131484207594472,,0.8021949768066406,-7.090820312499986,0.8155254125595093
1773519411.5232,104.2992582575854,0.7131484207594472,,0.8080188751220703,-8.374298095703079,0.7921516299247742
1773519411.5592,103.55912787089166,0.9705164000653348,,0.8048688888549804,-8.374298095703079,0.7800881862640381
1773519411.5912,103.27317923288614,1.017003830534866,,0.8071531931559245,-8.374298095703079,0.7929474115371704
1773519411.6232,103.23095678583302,1.0510946122056855,,0.8031752268473308,-7.897460937499972,0.7957608103752136
1773519411.6592,103.23095678583302,1.0510946122056855,,0.8029169082641602,-7.6018676757812464,0.8051609992980957
1773519411.6912,103.23095678583302,1.017003830534866,,0.803875478108724,-7.6018676757812464,0.8277599811553955
1773519411.7232,104.92085367204423,0.7662356071254961,,0.8032596588134766,-7.6018676757812464,0.8117995262145996
1773519411.7592,107.00791892486662,0.1360748372603595,,0.8055401484171549,-7.6018676757812464,0.8085289001464844
1773519411.7912,107.00791892486662,0.1360748372603595,,0.7995389938354492,-5.815948486328111,0.8161329030990601
1773519411.8232,107.00791892486662,0.7662356071254961,,0.7966560363769531,-4.432128906249986,0.8185684084892273
1773519411.8592,100.84103145283335,0.7907691035366913,,0.7549944559733073,3.945556640625032,0.8894975781440735
1773519411.8911,98.23183987314589,1.6849381576780194,,0.7791468302408854,3.9722900390625426,0.8470211625099182
1773519411.9232,98.23183987314589,1.6849381576780194,,0.7792025248209635,11.040252685546896,0.852725088596344
1773519411.9592,98.06310317791278,2.666293073272728,,0.7632849375406902,4.381835937500025,0.8980238437652588
1773519411.9912,97.25793160468614,2.666293073272728,,0.7644219080607096,4.381835937500025,0.8901392221450806
1773519412.0232,98.06310317791278,2.734685336654018,,0.7782936096191406,4.381835937500025,0.83491450548172
1773519412.0592,98.06310317791278,2.924762459583637,,0.7832290649414062,2.334228515625032,0.8325420022010803
1773519412.0912,97.7121035312039,3.3699170333952164,,0.7825594584147135,2.012817382812546,0.8256621956825256
1773519412.1232,97.6301916483208,3.4178011483876736,,0.783740488688151,2.012817382812546,0.8219612836837769
1773519412.1592,97.7121035312039,3.3699170333952164,,0.7834871927897136,2.334228515625032,0.8249328136444092
1773519412.1912,97.64251980258592,3.3699170333952164,,0.7823747634887696,2.374389648437507,0.8135155439376831
1773519412.2232,97.7121035312039,3.355569426310766,,0.7824757893880209,2.374389648437507,0.8099501729011536
1773519412.2592,97.93510993794688,3.2399984297394506,,0.7595532099405925,2.422882080078139,0.8721591234207153
1773519412.2912,98.19119800968707,2.6206442689985474,,0.7836748123168945,2.374389648437507,0.8064998388290405
1773519412.3232,98.19119800968707,2.6206442689985474,,0.7633245468139649,11.566986083984379,0.8730316758155823
1773519412.3593,98.19119800968707,2.663377873715229,,0.8087480545043946,3.903320312500007,0.7497827410697937
1773519412.3912,98.28173163545561,2.663377873715229,,0.7570533752441406,4.19677734375,0.8732008337974548
1773519412.4232,99.51903722972921,2.663377873715229,,0.779290517171224,3.903320312500007,0.8301701545715332
1773519412.4592,99.51903722972921,2.663377873715229,,0.7786791483561198,3.903320312500007,0.8067173361778259
1773519412.4912,101.46211486151728,2.542731824573693,,0.8101600646972656,-10.886077880859375,0.76582932472229
1773519412.5232,101.77347165056379,2.3143101120297285,,0.8113298416137695,-10.886077880859375,0.7694652080535889
1773519412.5593,101.77347165056379,2.3143101120297285,,0.8101017634073894,-10.886077880859375,0.7906576991081238
1773519412.5912,101.61779325604053,2.395115798112139,,0.8096397399902344,-10.775192260742186,0.7740225791931152
1773519412.6232,101.60161074530663,2.255290596579819,,0.8087568918863932,-10.452423095703107,0.7827495336532593
1773519412.6593,100.68579787293528,1.5037249920193596,,,1.9248046875000213,0.07439354062080383
1773519412.6912,100.68579787293528,0.5736287316791263,,0.7580396652221679,5.182098388671905,0.8693780303001404
1773519412.7232,103.35799134327098,0.36020417302247093,,0.7580679575602214,5.182098388671905,0.878816545009613
1773519412.7552,106.77413678072088,0.32543312443370176,,0.795184834798177,-3.7259521484374503,0.7826904654502869
1773519412.7912,107.36369589362113,0.27469406270019403,,0.795847765604655,-4.044158935546864,0.7620448470115662
1773519412.8232,107.56135451012119,0.26629075469568025,,0.797015635172526,-4.604736328124979,0.7710644006729126
1773519412.8553,108.43326781377652,0.158892871160493,,0.7979722340901693,-5.063903808593722,0.7758562564849854
1773519412.8912,108.43326781377652,0.06853031143663792,,0.8039346694946289,-7.9258728027343395,0.7696654796600342
1773519412.9232,108.43326781377652,0.013570112460713544,,0.80580628712972,-8.824249267578086,0.7643910646438599
1773519412.9552,108.63610222858665,0.013570112460713544,,0.8063573837280273,-9.0887756347656,0.7503514289855957
1773519412.9912,107.59996841000405,0.06853031143663792,,0.8077027638753255,-9.0887756347656,0.7526476979255676
1773519413.0232,107.21002924026567,0.08939015120019954,,0.8108158111572266,-9.167419433593746,0.7577980756759644
1773519413.0552,101.60559291453826,2.534850072372731,,0.8044223149617513,-9.7345581054687,0.8368545174598694
1773519413.0913,100.4892553314697,2.832873875732533,,0.806521224975586,-10.831695556640604,0.8252739906311035
1773519413.1233,100.0727264485253,2.9388098182349083,,0.8099884668986003,-9.167419433593746,0.8091261982917786
1773519413.1553,100.08678005432566,3.0257295600894034,,0.8100182851155598,-9.167419433593746,0.8226251602172852
1773519413.1913,100.08678005432566,3.0457051559571573,,0.8051049550374348,-10.21011352539059,0.8193200826644897
1773519413.2232,100.0727264485253,3.0734179131518893,,0.8047891616821289,-9.076416015624975,0.8113864660263062
1773519413.2553,100.07420025420477,3.0734179131518893,,0.8086935043334961,-8.4876098632812,0.8181977272033691
1773519413.2913,100.08678005432566,3.18296649256055,,0.8063316345214844,-8.33602905273434,0.8088580965995789
1773519413.3233,100.1717972096231,3.327761483866071,,0.8045407613118489,-8.216796874999961,0.8023445010185242
1773519413.3553,100.17439568586684,3.344766870948931,,0.7996442794799805,-6.284393310546825,0.7936537861824036
1773519413.3913,100.28787915690525,3.344766870948931,,0.7982563018798828,-5.8664855957031214,0.7793163657188416
1773519413.4232,100.634448804281,3.344766870948931,,0.8005149205525716,-5.8664855957031214,0.7684998512268066
1773519413.4553,100.634448804281,2.0700018631997903,,0.7802353541056315,-5.200256347656236,0.8437886834144592
1773519413.4913,100.62658903838614,2.0700018631997903,,0.8074509302775065,3.449798583984407,0.8249011039733887
1773519413.5233,100.62658903838614,1.7265013182700286,,0.7771591186523438,3.449798583984407,0.8480374217033386
1773519413.5553,102.28955668281183,1.5435538915088245,,0.7771947860717774,-7.343933105468743,0.8492921590805054
1773519413.5913,100.74818843714887,1.7265013182700286,,0.806395149230957,4.9092712402343786,0.8208431005477905
1773519413.6233,102.28955668281183,1.5435538915088245,,0.8027222951253256,-7.343933105468743,0.7987084984779358
1773519413.6553,104.19073820689012,1.1845021006779202,,0.7757768630981445,-8.611541748046854,0.8328118324279785
1773519413.6913,104.42161180141619,1.1845021006779202,,0.80536314646403,-8.611541748046854,0.8014696836471558
1773519413.7233,104.19073820689012,1.2498201768405925,,0.8066128412882487,-8.789916992187461,0.7845469117164612
1773519413.7553,104.19073820689012,1.2498201768405925,,0.8060717264811198,-8.789916992187461,0.7979772090911865
1773519413.7913,104.80779792642836,1.2498201768405925,,0.8057347615559896,-8.789916992187461,0.8054804801940918
1773519413.8233,105.02442514508871,1.2498201768405925,,0.8051340738932292,-8.789916992187461,0.8198485374450684
1773519413.8553,105.55212105217258,1.174174086287391,,0.8008141835530599,-8.5015869140625,0.8125243782997131
1773519413.8913,106.84359257079005,1.174174086287391,,0.8092509587605794,-7.853271484374975,0.812139093875885
1773519413.9233,106.84359257079005,1.174174086287391,,0.8032922108968099,-7.853271484374975,0.7965569496154785
1773519413.9553,107.2970220716875,1.0974460626568752,,0.8037834167480469,-9.339599609374982,0.7944043278694153
1773519413.9913,107.55723501382832,1.0974460626568752,,0.8068799336751302,-9.339599609374982,0.7950083613395691
1773519414.0233,108.12221004806048,1.0765648407021755,,0.8069093068440755,-9.3536987304687,0.7657394409179688
1773519414.0553,108.12221004806048,1.0765648407021755,,0.8075642903645833,-9.668090820312472,0.754878580570221
1773519414.0913,108.90178461211428,0.9572200408207038,,0.8121904373168946,-10.610992431640618,0.7465127110481262
1773519414.1233,108.12221004806048,1.0765648407021755,,0.809528668721517,-11.860870361328075,0.7421179413795471
1773519414.1553,106.9737368401025,1.5791077511946856,,0.8121325810750325,-11.88864135742186,0.733910322189331
1773519414.1913,106.91080328078733,1.5791077511946856,,0.8151493072509766,-11.860870361328075,0.7132082581520081
1773519414.2233,106.9737368401025,0.906179244416622,,0.8130128224690755,-11.860870361328075,0.7183375358581543
1773519414.2553,106.58025020364357,0.8580812152845418,,0.7990357716878255,-8.333557128906204,0.8257037997245789
1773519414.2913,105.73865161270837,0.8580812152845418,,0.8025691986083985,-8.333557128906204,0.7978347539901733
1773519414.3233,105.0702430630033,0.8580812152845418,,0.8047840118408203,-8.333557128906204,0.8061934113502502
1773519414.3553,104.87106544504466,0.9490060733477098,,0.8065341949462891,-8.333557128906204,0.8110917806625366
1773519414.3913,104.87106544504466,0.9490060733477098,,0.8072762171427409,-8.333557128906204,0.8080498576164246
1773519414.4233,104.51954043582005,1.0432686014750299,,0.801080067952474,-6.630981445312489,0.8120614886283875
1773519414.4553,104.87106544504466,1.0432686014750299,,0.799246088663737,-6.555664062499993,0.805226743221283
1773519414.4914,104.92742168597478,0.9490060733477098,,0.8012369791666667,-5.9076843261718714,0.8087410926818848
1773519414.5233,105.93802796571471,0.8750252509914128,,0.7997301101684571,-5.67535400390625,0.8074392080307007
1773519414.5553,105.93802796571471,0.8750252509914128,,0.7975363413492839,-5.9076843261718714,0.8055638074874878
1773519414.5914,105.93802796571471,0.8750252509914128,,0.796868642171224,-4.854675292968729,0.8141716718673706
1773519414.6233,105.93802796571471,0.8750252509914128,,0.8021261850992839,-4.534179687499993,0.8264853358268738
1773519414.6554,100.88399706422256,2.0459833740864894,,0.7696678797403972,-4.534179687499993,0.8574661612510681
1773519414.6914,100.88399706422256,2.0459833740864894,,0.7700618108113607,-2.2252807617187287,0.8550325632095337
1773519414.7233,100.88399706422256,2.0459833740864894,,0.7982728958129883,-2.2252807617187287,0.8422503471374512
1773519414.7553,102.46044837349115,1.859920042632002,,0.7920584360758464,-2.8560791015624787,0.8531715869903564
1773519414.7914,104.64815384975603,1.54403126184181,,0.7933725992838542,-2.8560791015624787,0.842801570892334
1773519414.8233,104.64815384975603,1.54403126184181,,0.7935583750406902,-2.2252807617187287,0.8706188797950745
1773519414.8554,104.64815384975603,1.54403126184181,,0.785877799987793,0.7414245605469105,0.8807383179664612
1773519414.8913,105.06108887010443,1.6866251013144689,,0.7852896372477214,0.7414245605469105,0.8773201704025269
1773519414.9233,103.91007630946669,1.7817660258034536,,0.7795117060343425,0.7414245605469105,0.8564843535423279
1773519414.9553,103.91007630946669,1.7817660258034536,,0.7878916422526042,-0.2252197265625,0.8651518225669861
1773519414.9914,103.91007630946669,2.155418495640016,,0.7885789235432943,-0.2252197265625,0.8494075536727905
1773519415.0233,103.49460181313306,2.552558660034336,,0.7934028625488281,-0.2252197265625,0.8366796374320984
1773519415.0553,97.42338929539503,5.004995746181663,,0.7743669509887695,0.8681640625000497,0.8640593886375427
1773519415.0914,97.13718228507537,5.004995746181663,,0.7783445358276367,0.8681640625000497,0.7997378706932068
1773519415.1233,96.87578924200034,5.702987214744064,,0.7856137593587239,2.243988037109421,0.8116495013237
1773519415.1553,95.85336179328203,5.53504585901498,,0.7863710403442383,2.243988037109421,0.8349297046661377
1773519415.1914,94.06015314285223,5.004995746181663,,0.782747459411621,0.8681640625000497,0.8456145524978638
1773519415.2233,94.03572957566026,4.835554947193739,,0.7817728678385417,0.5046691894531286,0.875021755695343
1773519415.2553,93.6567706827911,4.835554947193739,,0.7864879608154297,2.243988037109421,0.8646630644798279
1773519415.2914,93.65228725980401,3.828213668499235,,0.7879285176595052,2.7117919921875,0.8402827978134155
1773519415.3233,93.65228725980401,3.828213668499235,,0.7783688227335612,4.345733642578136,0.8628044128417969
1773519415.3553,92.91669941731071,3.828213668499235,,0.7733976364135742,4.448913574218771,0.8805354237556458
1773519415.3914,92.91669941731071,3.828213668499235,,0.777908452351888,4.566711425781289,0.8356640338897705
1773519415.4234,92.86596072375664,3.8983857741186303,,0.7781538645426432,5.37872314453125,0.8341881036758423
1773519415.4553,92.52958872548496,3.8983857741186303,,0.7762167612711589,5.37872314453125,0.8415331840515137
1773519415.4914,92.52958872548496,2.492484484793051,,0.7482315063476562,18.77844238281254,0.9167322516441345
1773519415.5234,93.06712870800924,1.9044145498927916,,0.7373091379801432,18.811645507812536,0.9188384413719177
1773519415.5554,93.06712870800924,2.492484484793051,,0.7483006795247396,24.054382324218793,0.8752685785293579
1773519415.5914,94.7137653050495,1.7995899350041877,,0.7339021682739257,25.68972778320317,0.8336312770843506
1773519415.6234,96.66789888830361,1.7995899350041877,,0.7244374593098958,30.23278808593755,0.8977458477020264
1773519415.6554,96.66789888830361,2.577847286980264,,0.719456164042155,32.623809814453146,0.9488463997840881
1773519415.6874,97.3312217045325,2.9428222030631304,,0.6976080576578776,36.83258056640625,0.9748479723930359
1773519415.7233,96.022493504791,2.760334745021697,,0.6804944356282552,39.971740722656264,0.9736981391906738
1773519415.7553,97.3312217045325,2.9428222030631304,,0.7106878916422527,43.11090087890628,0.9508297443389893
1773519415.7874,104.21135798135347,5.660837008920851,,,44.079010009765646,0.0
1773519415.8233,119.17576728037207,8.743826730861437,,,36.83258056640625,0.0
1773519415.8554,,,,,,0.0
1773519415.8874,,,,,,0.0
1773519415.9234,,,,,,0.0
1773519415.9554,,,,,,0.0
1773519415.9874,,,,,,0.0
1773519416.0234,,,,,,0.0
1773519416.0554,,,,,,0.0
1773519416.0874,,,,,,0.0
1773519416.1234,,,,,,0.0
1773519416.1554,,,,,,0.0
1773519416.1914,,,,,,0.0
1773519416.2234,,,,,,0.0
1773519416.2554,,,,,,0.0
1773519416.2914,,,,,,0.0
1773519416.3234,,,,,,0.0
1773519416.3554,,,,,,0.0
1773519416.3914,,,,,,0.0
1773519416.4234,,,,,,0.0
1773519416.4554,,,,,,0.0
1773519416.4875,,,,,,0.0
1773519416.5234,,,,,,0.0
1773519416.5554,,,,,,0.0
1773519416.5875,,,,,,0.0
1773519416.6234,,,,,,0.0
1773519416.6554,,,,,,0.0
1773519416.6875,,,,,,0.0
1773519416.7234,,,,,,0.0
1773519416.7554,,,,,,0.0
1773519416.7875,,,,,,0.0
1773519416.8234,,,,,,0.0
1773519416.8554,,,,,,0.0
1773519416.8875,,,,,,0.0
1773519416.9235,,,,,,0.0
1773519416.9554,,,,,,0.0
1773519416.9875,,,,,,0.0
1773519417.0234,,,,,,0.0
1773519417.0554,,,,,,0.0
1773519417.0875,,,,,,0.0
1773519417.1235,,,,,,0.0
1773519417.1554,,,,,,0.0
1773519417.1875,,,,,,0.0
1773519417.2234,,,,,,0.0
1773519417.2554,,,,,,0.0
1773519417.2875,,,,,,0.0
1773519417.3234,,,,,,0.0
1773519417.3555,,,,,,0.0
1773519417.3875,,,,,,0.0
1773519417.4234,,,,,,0.0
1773519417.4555,,,,,,0.0
1773519417.4875,,,,,,0.0
1773519417.5234,,,,,,0.0
1773519417.5554,,,,,,0.0
1773519417.5875,,,,,,0.0
1773519417.6235,,,,,,0.0
1773519417.6555,,,,,,0.0
1773519417.6875,,,,,,0.0
1773519417.7235,,,,,,0.0
1773519417.7554,,,,,,0.0
1773519417.7875,,,,,,0.0
1773519417.8235,,,,,,0.0
1773519417.8555,111.5868549078772,8.04951447958264,,,20.365478515625046,0.0
1773519417.8875,105.25209075042606,9.018649221255703,,,20.324279785156296,0.0
1773519417.9235,99.9624782344663,9.81185842683932,,0.7449943542480468,20.365478515625046,0.9572170376777649
1773519417.9555,100.13061495681745,9.899821194884044,,0.745166015625,20.98022460937503,0.9577873349189758
1773519417.9875,99.9624782344663,9.987783962928768,,0.7424329121907552,21.323486328125014,0.9539045691490173
1773519418.0235,98.91732659297493,11.636777157891885,,0.7396321614583333,21.323486328125014,0.9619678854942322
1773519418.0555,95.44994556539987,11.636777157891885,,0.7429985046386719,21.323486328125014,0.9563977718353271
1773519418.0875,94.99475489179784,11.636777157891885,,0.747283935546875,19.266479492187525,0.950572669506073
1773519418.1236,94.27714927087581,4.567515829517402,,0.7578483581542969,14.195556640625036,0.8987506628036499
1773519418.1555,93.83299815314474,4.465449871404325,,0.7585757573445638,13.846405029296882,0.8957449197769165
1773519418.1875,94.05507371201028,4.348774439504871,,0.7637678782145182,12.600296020507837,0.8991624116897583
1773519418.2236,93.83299815314474,4.2320990076054175,,0.76595458984375,11.354187011718793,0.9119089245796204
1773519418.2555,93.81532970851275,3.8983582713307956,,,10.829376220703164,0.0
1773519418.2875,93.83299815314474,3.5646175350561737,,,10.304565429687536,0.0
1773519418.3235,,,,,,0.0
1773519418.3555,,,,,,0.0
1773519418.3875,,,,,,0.0
1773519418.4235,,,,,,0.0
1773519418.4555,,,,,,0.0
1773519418.4875,,,,,,0.0
1773519418.5235,,,,,,0.0
1773519418.5555,,,,,,0.0
1773519418.5875,,,,,,0.0
1773519418.6236,,,,,,0.0
1773519418.6555,98.99441845387318,12.892195066374244,,,21.28881835937504,0.0
1773519418.6875,96.45819204774511,12.919442384957026,,,21.42932128906252,0.0
1773519418.7236,98.99441845387318,12.892195066374244,,0.7430707295735677,21.56982421875,0.9339856505393982
1773519418.7555,100.61612279555663,8.338882737880352,,0.7424853006998698,23.713500976562507,0.9440415501594543
1773519418.7875,102.23782713724007,3.7855704093864597,,0.7335533142089844,21.56982421875,0.918725848197937
1773519418.8235,105.51668995386613,3.0850846646236354,,0.733319346110026,23.713500976562507,0.8818778395652771
1773519418.8555,108.63955869012912,3.0850846646236354,,0.7735876719156901,23.90075683593753,0.9028141498565674
1773519418.8875,109.73682341281506,4.388800731981381,,,22.640151977539098,0.0
1773519418.9236,108.63955869012912,4.388800731981381,,0.7417050679524739,22.635284423828146,0.9201030731201172
1773519418.9555,107.85695499613634,6.795526480810379,,0.7388058344523112,23.33110046386721,0.9130232334136963
1773519418.9875,107.23034538250664,6.393002544101951,,0.7388261159261068,23.335968017578157,0.9283818602561951
1773519419.0236,106.31210018170248,7.12071430031159,,0.7169448216756185,33.82925415039067,0.894442081451416
1773519419.0555,104.25888449267481,6.575996532228536,,0.6928047815958659,45.12109375000005,0.9200010299682617
1773519419.0876,102.75610853637119,6.575996532228536,,0.6934201558430989,45.12109375000005,0.9177685379981995
1773519419.1236,102.65254672805945,5.792195832182608,,0.688994026184082,45.12109375000005,0.9037680625915527
1773519419.1555,99.04833664879042,2.394743463135656,,0.6944156646728515,44.643249511718786,0.915919303894043
1773519419.1876,98.4359072107131,2.365747083801433,,0.6994549433390299,42.22439575195317,0.9152973890304565
1773519419.2236,94.7374486856334,2.365747083801433,,0.7195418039957683,35.649505615234425,0.9377685785293579
1773519419.2555,93.5710721928195,2.365747083801433,,0.7131526311238606,32.58270263671875,0.9473663568496704
1773519419.2876,93.07179724100192,2.8025687018233247,,0.7271735509236653,28.919464111328175,0.9302927851676941
1773519419.3236,92.57252228918435,3.2965244493071935,,0.7534234364827473,20.005615234375007,0.9087928533554077
1773519419.3555,92.79809240945116,4.080800101196391,,0.7462034861246745,19.785095214843782,0.9405672550201416
1773519419.3875,97.67800550415669,4.080800101196391,,0.7457440694173177,17.899414062500014,0.9198272228240967
1773519419.4236,101.56957156545226,4.080800101196391,,0.7501319885253906,17.899414062500014,0.9168227314949036
1773519419.4556,101.78493881549387,3.795430585919776,,0.7637747446695964,17.056915283203136,0.9226647615432739
1773519419.4875,102.9078168941112,2.736394708494657,,0.7563335418701171,17.056915283203136,0.9297568202018738
1773519419.5236,103.65164990250794,2.736394708494657,,0.7518871943155925,17.056915283203136,0.9204063415527344
1773519419.5555,104.03069497272854,2.736394708494657,,0.7484116872151693,17.3284301757813,0.9321585893630981
1773519419.5875,105.00820857979024,3.658460695160729,,0.751321538289388,17.444946289062546,0.9369832873344421
1773519419.6236,110.4841515086694,3.658460695160729,,0.7510787963867187,17.444946289062546,0.9297709465026855
1773519419.6556,113.4422706581934,3.9696995874862218,,0.7478274027506511,17.3284301757813,0.932066023349762
1773519419.6876,118.73317602261719,3.9696995874862218,,0.7678227742513021,9.407836914062528,0.9297270178794861
1773519419.7236,119.06359743309535,4.078458213279429,,0.7691621780395508,9.08638000488284,0.9175455570220947
1773519419.7556,119.06359743309535,3.943564633868892,,0.7725762685139974,9.08638000488284,0.9446501135826111
1773519419.7876,113.36897497433871,4.216065921648857,,,12.58999633789065,0.0
1773519419.8236,112.3944731898061,4.216065921648857,,0.7509456634521484,16.961959838867216,0.9020023345947266
1773519419.8556,108.00477392606024,3.933676111899586,,0.7532243728637695,17.508850097656286,0.9584397673606873
1773519419.8876,112.3944731898061,3.6736737703713684,,0.744398562113444,16.961959838867216,0.9583190083503723
1773519419.9236,119.8528364825456,3.890986711828616,,,13.45271301269535,0.07489815354347229
1773519419.9555,123.33580365924252,3.630984370300398,,0.7655675252278645,5.791198730468796,0.9641417860984802
1773519419.9876,123.33580365924252,3.147981134200447,,0.786502456665039,0.7668151855469141,0.9937959909439087
1773519420.0236,123.75010680694581,2.8822908395577436,,0.7851473490397135,0.4415893554687855,0.9762536883354187
1773519420.0556,130.2428441844896,2.162668999486699,,0.8200302124023438,-7.605072021484345,0.9286264777183533
1773519420.0876,130.2428441844896,2.162668999486699,,0.8335522969563802,-18.89703369140623,0.9625029563903809
1773519420.1236,136.7355815620334,2.8822908395577436,,,-22.142333984374982,0.0
1773519420.1556,139.01939869615236,2.6698418271657065,,0.8735353469848632,-31.73826599121091,0.8781265616416931
1773519420.1876,141.30321583027134,4.994591242570569,,,-41.33419799804683,0.0
1773519420.2236,141.30321583027134,4.994591242570569,,,-41.33419799804683,0.0
1773519420.2556,,,,,,0.0
1773519420.2876,148.80973461531877,0.7295563305695194,,,-35.65689086914061,0.0
1773519420.3237,140.70014962645593,1.2385427955737756,,,-29.03092956542966,0.0
1773519420.3556,132.5905646375931,0.8036829675972662,,0.8617076237996419,-22.404968261718707,0.9604740142822266
1773519420.3876,131.18594467420758,1.275606114087649,,0.8340994517008463,-19.777069091796832,0.9710853099822998
1773519420.4237,129.78132471082208,1.7475292605780317,,0.8231498718261718,-17.149169921874954,0.9755086898803711
1773519420.4556,124.54246321349709,3.013063730280123,,0.8064297993977865,-12.711181640625,0.9354820847511292
1773519420.4876,124.54246321349709,3.7448084583114065,,0.8045714060465495,-12.711181640625,0.9335724711418152
1773519420.5237,124.54246321349709,3.7448084583114065,,0.8139040629069011,-12.711181640625,0.9182942509651184
1773519420.5556,126.67120805615806,3.7448084583114065,,0.8154756546020507,-13.465545654296829,0.9127116799354553
1773519420.5876,133.5413113422835,3.440697486854824,,0.825082270304362,-15.292373657226515,0.9713360667228699
1773519420.6197,133.5413113422835,2.5113519693036483,,0.8230874379475911,-15.292373657226515,0.9689241647720337
1773519420.6556,133.65466397001927,1.1973960985286296,,,-12.211929321289023,0.0
1773519420.6876,126.48459360338433,0.3491208532851957,,0.8026404698689779,-6.816024780273402,0.9671712517738342
1773519420.7197,123.97807854149933,0.3491208532851957,,0.800604502360026,-5.848602294921852,0.966187596321106
1773519420.7556,121.88488318785959,0.45860912357889194,,0.7892248789469402,-6.099365234374972,0.965435802936554
1773519420.7876,119.84821345398186,1.959036943635067,,0.7986095428466797,-5.921813964843707,0.8767404556274414
1773519420.8196,119.84821345398186,3.1024265339706214,,0.8001294453938802,-5.921813964843707,0.8830267786979675
1773519420.8556,119.84821345398186,3.318091722935593,,0.7997595469156901,-6.099365234374972,0.8794637322425842
1773519420.8876,123.65737706964647,3.318091722935593,,0.8137588500976562,-12.641479492187475,0.8749160766601562
1773519420.9197,123.65737706964647,3.318091722935593,,0.819543202718099,-12.641479492187475,0.8521602153778076
1773519420.9556,123.65737706964647,3.2360733094050684,,0.8200991948445638,-12.641479492187475,0.8490142226219177
1773519420.9876,122.13859456949258,3.2051220139880643,,0.8076421737670898,-15.417968749999993,0.8458144068717957
1773519421.0197,119.92171134404263,3.0186920722277297,,0.8052619934082031,-9.705474853515579,0.8624165654182434
1773519421.0556,113.82441782706807,3.0159875067607786,,0.822865613301595,-8.562988281249986,0.9027040004730225
1773519421.0876,113.17954351719922,3.0159875067607786,,0.798703384399414,-8.562988281249986,0.8939166069030762
1773519421.1197,113.17954351719922,3.2051220139880643,,0.7998796463012695,-15.140289306640575,0.8854327201843262
1773519421.1556,113.17954351719922,3.0159875067607786,,0.8189647038777669,-5.9794616699218395,0.8926094770431519
1773519421.1876,109.95455440832562,2.9427175724894203,,0.8191118240356445,-8.153747558593736,0.8776503205299377
1773519421.2197,111.57281352517488,2.4375183821031903,,0.7950977325439453,-8.153747558593736,0.895408034324646
1773519421.2556,111.57281352517488,2.4375183821031903,,0.804409408569336,-7.625518798828104,0.8873911499977112
1773519421.2876,111.57281352517488,2.4375183821031903,,0.7966012318929037,-7.625518798828104,0.8806831240653992
1773519421.3197,112.68833566536911,2.9334001208891944,,0.8033089319864909,-8.153747558593736,0.8774032592773438
1773519421.3556,119.87958567357633,4.282481494767653,,0.8318806966145833,-13.834716796874957,0.8677635788917542
1773519421.3878,119.87958567357633,4.282481494767653,,0.8219301859537761,-13.834716796874957,0.8663599491119385
1773519421.4197,119.87958567357633,4.282481494767653,,0.8162447611490885,-13.834716796874957,0.877505898475647
1773519421.4556,118.45418289022419,4.368481070082146,,0.7981341044108073,-9.830383300781218,0.9020522832870483
1773519421.4876,118.45418289022419,3.04659737098823,,0.7888275146484375,-5.1416015625,0.96031653881073
1773519421.5197,118.45418289022419,2.5715774483264933,,0.8079023996988932,-5.1416015625,0.8826690912246704
1773519421.5556,119.0497450737345,0.9339018567937283,,0.7949129740397135,-3.5954589843749574,0.9549749493598938
1773519421.5877,119.62229033957524,0.9339018567937283,,0.8122250874837239,-3.5954589843749574,0.9571653008460999
1773519421.6197,119.62229033957524,0.8943515395087893,,0.7909595489501953,-2.501708984374993,0.96401047706604
1773519421.6556,120.7536979883455,0.4250985864502519,,0.7926343282063802,-2.1241760253905895,0.9661093950271606
1773519421.6877,120.7536979883455,0.3570465858000788,,0.7850093205769857,-1.6978149414062038,0.9672263264656067
1773519421.7197,119.62229033957524,0.3570465858000788,,0.7918478012084961,-2.1241760253905895,0.9734727144241333
1773519421.7556,118.79348967833246,0.4250985864502519,,0.7848401387532552,-0.6292114257812464,0.9755697250366211
1773519421.7876,118.79348967833246,0.3570465858000788,,0.7949139277140299,-0.6292114257812464,0.9190747141838074
1773519421.8197,116.45055501857654,0.2120765851096722,,0.7887332916259766,-0.6292114257812464,0.9700447916984558
1773519421.8556,116.19501964296398,0.7634317770646631,,0.7858229319254557,-1.961517333984375,0.9624767899513245
1773519421.8876,115.11731165527387,0.7634317770646631,,0.7915089289347331,-1.961517333984375,0.9642680883407593
1773519421.9197,111.72075634914798,1.7953269398829823,,0.8196767171223959,-14.8615112304687,0.9085073471069336
1773519421.9556,110.09702808646045,2.511150257528547,,0.8183839162190755,-14.8615112304687,0.9121143221855164
1773519421.9876,108.51072906251527,2.511150257528547,,0.8232699712117513,-15.482055664062493,0.9097725749015808
1773519422.0197,107.20556724467595,2.511150257528547,,0.8179022471110026,-14.8615112304687,0.9128303527832031
1773519422.0556,107.20556724467595,2.511150257528547,,0.8206995010375977,-14.630310058593707,0.90662682056427
1773519422.0877,106.51024733811691,2.511150257528547,,0.8164539972941081,-13.935150146484343,0.9193986654281616
1773519422.1197,106.15569781568712,2.7151150450609407,,0.8145923614501953,-13.041564941406225,0.9180761575698853
1773519422.1556,105.50780783489802,3.207842321081004,,0.79251708984375,-5.1972045898437,0.9210464954376221
1773519422.1877,105.79080219133492,3.6573680025797914,,0.7949226379394532,-5.1972045898437,0.9105810523033142
1773519422.2197,104.93203649434676,3.6573680025797914,,0.7982499440511067,-5.1972045898437,0.9260490536689758
1773519422.2557,106.21747035400256,6.159473911156091,,0.8035043716430664,-5.1972045898437,0.9234603643417358
1773519422.2877,105.8082961688321,6.159473911156091,,0.8135870615641276,-5.1972045898437,0.9332228899002075
1773519422.3197,105.95502211485672,6.159473911156091,,0.7822814305623372,1.7252197265625213,0.8856020569801331
1773519422.3557,105.8082961688321,4.130479802393023,,0.782574462890625,1.7252197265625213,0.8926319479942322
1773519422.3877,105.8082961688321,3.202692367443021,,0.7838282267252604,2.3270263671875036,0.8995286822319031
1773519422.4197,104.01381307704251,2.9574973464268584,,0.7985618591308594,1.7252197265625213,0.9220132827758789
1773519422.4557,103.52258230407651,2.9574973464268584,,0.7765907923380534,1.7252197265625213,0.9437909126281738
1773519422.4877,103.167197124626,2.9574973464268584,,0.789395268758138,5.199188232421896,0.940136194229126
1773519422.5197,103.1274029400038,2.934132638022722,,0.7748466491699219,5.199188232421896,0.9690628051757812
1773519422.5557,101.88923057302334,2.6260153657182483,,0.7599761962890625,-0.9469604492187322,0.9615009427070618
1773519422.5877,99.28142515228394,0.593266734864007,,0.8039207458496094,6.0363769531250355,0.9458509087562561
1773519422.6198,99.28142515228394,0.593266734864007,,0.7966791788736979,13.174194335937504,0.9281728267669678
1773519422.6557,99.28142515228394,0.593266734864007,,0.7342955271402994,25.500915527343793,0.971955418586731
1773519422.6877,99.79165075270318,1.5245430487258882,,0.7296927134195964,27.71026611328125,0.9670777320861816
1773519422.7197,99.79165075270318,1.5245430487258882,,0.7190252939860026,32.83062744140629,0.9694092273712158
1773519422.7557,101.586204035051,1.5245430487258882,-15.68367992477948,0.701815414428711,34.12768554687504,0.989831268787384
1773519422.7877,101.586204035051,1.5245430487258882,-15.611309107555652,0.7023937861124675,34.12768554687504,0.9891107678413391
1773519422.8197,110.15553221356672,2.046472693165679,-15.611309107555652,0.7163230895996093,34.12768554687504,0.9851210117340088
1773519422.8557,110.15553221356672,6.171001563679592,-15.611309107555652,0.7742490768432617,6.3232116699219,0.9734336137771606
1773519422.8877,110.5855384978463,6.172141458860741,-15.611309107555652,0.7764520645141602,5.794494628906275,0.9649443030357361
1773519422.9198,106.46517014523586,6.172141458860741,-15.538938290331823,0.7867122014363607,2.8033447265625266,0.9452605843544006
1773519422.9558,106.46517014523586,5.33534894588097,,,2.8033447265625266,0.0
1773519422.9877,102.82170870380551,4.1084744561544975,,0.796445083618164,2.3023986816406605,0.9333867430686951
1773519423.0198,103.90572179853547,3.99434331296205,,0.7721310933430989,1.6648559570312838,0.9500628113746643
1773519423.0558,103.7286218992652,4.188118437955399,,0.7785393397013346,-0.9341735839843501,0.9235261678695679
1773519423.0877,103.7286218992652,4.271434041697452,,0.7893686294555664,-0.9341735839843501,0.8979357481002808
1773519423.1198,103.72732119791971,4.188118437955399,,0.7894611994425456,-0.978607177734343,0.8835116028785706
1773519423.1558,103.56718772124655,4.271434041697452,,0.7991552352905273,-4.6195373535156214,0.8807581067085266
1773519423.1878,102.87131146501808,4.6364487709898246,,0.7970464706420899,-5.6317443847656,0.8823184967041016
1773519423.2198,102.67501105401605,4.6527374094486005,,0.8102977752685547,-8.457824707031207,0.8581511974334717
1773519423.2558,102.67501105401605,4.6527374094486005,,0.8077965418497721,-9.779571533203093,0.8832117319107056
1773519423.2878,102.67501105401605,4.6527374094486005,,0.8050429026285807,-9.779571533203093,0.8699917197227478
1773519423.3198,102.7593637376596,4.943047502446865,,0.8174592971801757,-8.457824707031207,0.8772215247154236
1773519423.3558,102.7593637376596,4.875569797731292,,0.7865121205647786,-4.376739501953111,0.883375346660614
1773519423.3877,102.9197347055963,3.851805306684553,,0.796540641784668,-1.773284912109343,0.8721547722816467
1773519423.4198,104.92977525971736,3.2024660617432454,-23.488158898199597,0.7911167780558268,0.43695068359379974,0.8861533999443054
1773519423.4558,102.86776382431007,4.875569797731292,-23.488158898199597,0.7636812845865886,0.558105468750032,0.9300093650817871
1773519423.4877,102.86776382431007,4.858795137286271,-23.488158898199597,0.6953074773152669,0.558105468750032,0.95252525806427
1773519423.5198,102.86776382431007,4.858795137286271,-23.488158898199597,0.7862597147623698,0.558105468750032,0.9035689830780029
1773519423.5558,102.61673284967226,4.953245034911796,-23.488158898199597,0.7999833424886068,-6.029235839843743,0.8892650604248047
1773519423.5878,102.35262270167098,5.247922286731604,,0.8072650909423829,-6.045135498046843,0.8803719282150269
1773519423.6198,101.99920492724115,5.483256633260599,,0.811076545715332,-9.524475097656246,0.8755238652229309
1773519423.6558,101.71329233115168,5.483256633260599,,0.8000164667765299,-11.35397338867186,0.9109578132629395
1773519423.6878,100.80204918549165,5.804250350520608,,0.8217548370361328,-11.35397338867186,0.883669912815094
1773519423.7198,100.80204918549165,5.804250350520608,,0.8149604797363281,-13.218261718749975,0.8851808905601501
1773519423.7558,101.51668736149075,5.360673830568126,,0.7972038269042969,-13.218261718749975,0.9057744145393372
1773519423.7878,102.49602768430778,5.360673830568126,,0.8154912312825521,-11.631622314453107,0.8680336475372314
1773519423.8198,102.67383206152036,5.360673830568126,,0.8116549809773763,-4.6950683593749964,0.8462012410163879
1773519423.8558,105.94926884722042,4.914193070126609,,0.7942354838053386,-3.270263671875,0.9700371623039246
1773519423.8877,106.37615782029947,3.6373019786583947,,0.7886675516764323,-0.5976562499999893,0.9477038383483887
1773519423.9198,106.37615782029947,3.6373019786583947,,0.7829964319864909,2.124481201171875,0.9427117109298706
1773519423.9558,105.94926884722042,3.6373019786583947,,0.7737176259358723,4.81408691406255,0.939767062664032
1773519423.9878,104.41558731661209,3.7183558700104715,,0.777393086751302,6.5783081054688,0.9258820414543152
1773519424.0198,104.24023619438245,3.7183558700104715,,0.7731501897176106,6.5783081054688,0.9251996874809265
1773519424.0558,103.87754185512141,3.963892480388986,,0.7719601313273112,4.81408691406255,0.9203450083732605
1773519424.0878,103.87754185512141,3.7183558700104715,,0.7880403518676757,2.07366943359375,0.9184461832046509
1773519424.1198,103.87754185512141,3.7065785407856073,,0.783102289835612,0.9093627929687997,0.9198752045631409
1773519424.1558,103.92081610223286,3.498811264376522,,0.7855279286702473,0.9093627929687997,0.9216363430023193
1773519424.1879,104.81420018898368,2.830408548999408,,0.7882376988728841,2.07366943359375,0.9135410189628601
1773519424.2198,105.08664560707277,2.481192987469459,,0.7779865264892578,3.502319335937507,0.9247420430183411
1773519424.2558,105.2878736242272,2.2441375371045726,,0.7801259358723959,3.502319335937507,0.9078078866004944
1773519424.2878,105.58663940937986,2.2441375371045726,,0.77640380859375,3.502319335937507,0.9129313230514526
1773519424.3198,106.45437428616451,2.2219823951175326,,0.7845667521158854,1.3707275390625107,0.9076188206672668
1773519424.3558,105.58663940937986,2.1567592448754875,,0.7885870615641276,0.20800781250001066,0.8905959725379944
1773519424.3879,105.2878736242272,2.2219823951175326,,0.7869890848795573,-0.5590209960937287,0.9142521619796753
1773519424.4198,105.21351562902069,2.7179923797761685,,0.7929345448811849,-2.645812988281211,0.9156761169433594
1773519424.4559,103.52976734146596,2.8758489932019846,,0.7975257237752279,-4.849578857421868,0.9112416505813599
1773519424.4878,103.52976734146596,2.8758489932019846,,0.8073833465576172,-6.416473388671875,0.9184269905090332
1773519424.5198,102.94349381736903,3.378782593479685,,0.8106067657470704,-6.416473388671875,0.9047751426696777
1773519424.5558,102.88398100066996,3.4739178359904046,,0.8007900873819987,-6.416473388671875,0.9130496382713318
1773519424.5878,102.72572480121241,3.4814464084468035,,0.8001342137654622,-6.168640136718739,0.9062763452529907
1773519424.6198,102.42035543049953,3.824942011630245,,0.8002737681070964,-6.101654052734347,0.9040270447731018
1773519424.6559,102.11499461983958,3.85504402260834,,0.7902889251708984,-5.323699951171843,0.9308456778526306
1773519424.6878,102.11499461983958,4.440690049083767,,0.7985134760538737,-4.4085998535156,0.912711501121521
1773519424.7198,101.93748771214764,4.440690049083767,,0.7966070175170898,-4.4085998535156,0.9114931225776672
1773519424.7559,101.93748771214764,4.440690049083767,,0.7829023361206054,-4.768554687499993,0.89533531665802
1773519424.7879,101.93748771214764,4.440690049083767,,0.797356923421224,-4.4085998535156,0.9102506637573242
1773519424.8198,101.27145461022867,4.388550707045832,,0.799093755086263,2.1696472167969105,0.9126912951469421
1773519424.8559,101.01094147112478,4.196798272309101,,0.7825632095336914,-1.0484619140624574,0.9155623316764832
1773519424.8879,101.01094147112478,4.196798272309101,,0.7809348424275716,-1.0484619140624574,0.9261001944541931
1773519424.9198,101.01094147112478,3.529275998140065,,0.7896067301432291,-0.8124999999999538,0.9131795763969421
1773519424.9559,101.01094147112478,3.529275998140065,,0.7970348993937174,-1.0484619140624574,0.9072483777999878
1773519424.9879,101.01094147112478,3.462535557900836,,0.7891151428222656,-1.0484619140624574,0.8992441296577454
1773519425.0198,102.67206304514409,2.859477719978581,,0.7981229782104492,-0.8124999999999538,0.9206028580665588
1773519425.0559,102.67206304514409,3.529275998140065,-4.507058707939506,0.7770688374837239,-0.8124999999999538,0.9407396912574768
1773519425.0878,112.01929455674401,4.25970616920929,-12.05406485577287,0.7836293538411458,-4.434936523437472,0.9319059252738953
1773519425.1198,112.01929455674401,2.745181466688549,-12.05406485577287,0.8050678888956706,1.8206787109375178,0.9725865721702576
1773519425.1559,112.01929455674401,1.604802882678546,-12.05406485577287,0.7966618855794271,1.8206787109375178,0.9824714064598083
1773519425.1879,103.76528806139575,0.7022025839263101,-12.05406485577287,0.7566312154134115,2.7657165527343963,0.9728936553001404
1773519425.2199,101.82931975067602,0.5971498411328926,-19.601071003606233,0.7644473393758138,5.682617187500014,0.9433556199073792
1773519425.2559,101.23079407110984,0.42935433500381714,,0.781660525004069,9.539093017578129,0.9393839240074158
1773519425.2879,101.82931975067602,0.42935433500381714,,0.7755836486816406,6.319488525390664,0.9260265827178955
1773519425.3198,101.23079407110984,0.5971498411328926,,0.7675493240356446,5.682617187500014,0.9473962187767029
1773519425.3559,101.82931975067602,1.8537705096070356,,0.7742568333943685,5.682617187500014,0.9779021739959717
1773519425.3879,103.03809020112385,1.8537705096070356,,0.7994927724202474,6.319488525390664,0.9651890993118286
1773519425.4198,103.48508034949897,1.887714300421113,,0.8395235061645507,6.319488525390664,0.9412996172904968
1773519425.4519,104.51052752539516,2.245902508980342,,0.7693538665771484,-4.033996582031207,0.9341791272163391
1773519425.4879,104.51052752539516,2.533878358729867,,0.7560633341471354,-4.033996582031207,0.9111068248748779
1773519425.5198,104.51052752539516,2.533878358729867,,0.7958265940348307,-4.033996582031207,0.918754518032074
1773519425.5519,104.1594971950284,2.6322408118841416,,0.8038707733154297,-7.8952026367187145,0.9224241971969604
1773519425.5879,103.93664574022462,2.6322408118841416,,0.8077796936035156,-9.771484374999986,0.9349046945571899
1773519425.6198,103.40460464024865,2.6322408118841416,,0.8079717636108399,-9.863677978515621,0.9398218989372253
1773519425.6519,102.85183658646054,2.464893332584762,,0.8139936447143554,-9.863677978515621,0.9378504753112793
1773519425.6879,102.65328362809348,2.027665758593167,,0.815553855895996,-12.754180908203079,0.9280612468719482
1773519425.7198,102.56763771631913,1.401326556014623,,0.7969437917073567,-13.503082275390579,0.9229139089584351
1773519425.7519,102.21363424388713,1.2441385371304372,,0.8225107192993164,-16.84237670898435,0.9335512518882751
1773519425.7879,102.21363424388713,1.2441385371304372,,0.8231812795003255,-16.84237670898435,0.9368196129798889
1773519425.8198,102.56409376966124,1.401326556014623,,0.8231023788452149,-16.84237670898435,0.9302313923835754
1773519425.8519,102.56763771631913,2.325166041671496,,0.8177218755086263,-14.543731689453097,0.9508138298988342
1773519425.8879,106.142588623049,2.325166041671496,,0.8082237243652344,-10.596588134765614,0.9432260394096375
1773519425.9199,106.142588623049,2.325166041671496,,0.8066186904907227,-10.596588134765614,0.9467723965644836
1773519425.9519,106.79403410846668,1.934318691509205,,0.809498659769694,-10.596588134765614,0.9314593076705933
1773519425.9879,107.0722619004569,1.8300602385306057,,0.822583262125651,-16.721771240234347,0.9234208464622498
1773519426.0198,107.0722619004569,1.746809339919878,,0.8222594579060872,-16.877197265624968,0.9044445157051086
1773519426.0519,107.9090290260548,1.746809339919878,,0.8327606201171875,-17.823364257812475,0.8902477025985718
1773519426.0879,108.94307441467832,1.746809339919878,,0.824554443359375,-19.004089355468743,0.8978193402290344
1773519426.1198,109.19841809592536,1.808321656119903,,0.828424072265625,-19.680786132812464,0.8833714127540588
1773519426.1519,109.69553860848151,2.1013170957071927,,0.8270142873128256,-19.509735107421857,0.8779542446136475
1773519426.1879,109.86121220142329,2.294876050230347,,0.8292657216389974,-19.680786132812464,0.8804470300674438
1773519426.2199,110.27956874177083,2.294876050230347,,0.8280677159627279,-19.509735107421857,0.8760318160057068
1773519426.2519,113.32961510571563,2.294876050230347,,0.8287083943684895,-19.509735107421857,0.8583709001541138
1773519426.2879,113.86711796319706,0.4950380389537566,,0.7998528798421224,-10.577514648437454,0.9297599792480469
1773519426.3199,114.66966836635909,0.4950380389537566,,0.8094589233398437,-10.577514648437454,0.9139961004257202
1773519426.3519,116.07844160640728,0.4950380389537566,,0.8080204645792644,-10.577514648437454,0.9145706295967102
1773519426.3879,117.63197931194863,0.6659356043126313,,0.8176582336425782,-14.478027343749975,0.9228333830833435
1773519426.4199,117.63197931194863,0.7830163080894504,,0.8175849914550781,-14.513183593749996,0.9222026467323303
1773519426.4519,124.99591864585354,1.166178808966412,,0.8195146560668946,-15.40426635742186,0.8604114651679993
1773519426.4879,121.2176846478354,1.166178808966412,,0.820917256673177,-15.608184814453114,0.8572056889533997
1773519426.5199,120.37873616029185,3.1900553338414657,,0.823956553141276,-15.608184814453114,0.9577906131744385
1773519426.5519,121.2176846478354,1.166178808966412,,0.8199394861857097,-15.608184814453114,0.9523312449455261
1773519426.5879,122.58692636007453,0.9682211816534614,,0.815759023030599,-14.604873657226554,0.8469512462615967
1773519426.6199,122.58692636007453,1.5459435790472371,,0.8080797831217448,-14.604873657226554,0.9129272103309631
1773519426.6519,129.37942704803828,2.075693528158372,,,-14.827117919921866,0.0
1773519426.6879,134.31471429429916,1.5942062613310741,,0.8215848922729492,-15.427230834960932,0.9572802782058716
1773519426.7199,134.80268602376293,1.8297634525627802,,0.8208655039469401,-16.05267333984374,0.9558756351470947
1773519426.7519,134.85414144726496,1.6814225341773374,,0.8182594935099284,-15.427230834960932,0.95865398645401
1773519426.788,134.90559687076703,1.5330816157918945,,,-14.801788330078125,0.0
1773519426.8199,135.0145838920139,1.4458653429456314,,0.8146732966105144,-13.941101074218745,0.9604934453964233
1773519426.8519,136.20242521919243,1.5330816157918945,,,-13.080413818359364,0.0
1773519426.8879,136.20242521919243,1.5330816157918945,,,-13.080413818359364,0.0
1773519426.9199,,,,,,0.0
1773519426.9519,,,,,,0.0
1773519426.9879,119.24798689901934,2.625021041168822,,,-24.993286132812482,0.0
1773519427.0199,118.79637754285753,2.0110757499794945,,,-17.8671417236328,0.0
1773519427.0519,118.34476818669573,1.3971304587901667,,0.8394917805989583,-12.159973144531211,0.8784059286117554
1773519427.0879,117.60590918295995,1.3902951723417818,,0.8097995122273763,-14.81155395507809,0.9269366264343262
1773519427.1199,118.34476818669573,1.3834598858933966,,0.8127557118733724,-15.967956542968746,0.9182878136634827
1773519427.1519,117.20450663927835,1.3834598858933966,,0.823803965250651,-15.967956542968746,0.9444925785064697
1773519427.1879,116.86705017922415,0.961239300327357,,0.8206890106201172,-15.967956542968746,0.942663311958313
1773519427.2199,117.20450663927835,0.6168944367865379,,0.8389504114786784,-15.967956542968746,0.8494731187820435
1773519427.252,117.56376384743903,0.6148564010735692,,0.8172235488891602,-15.554901123046854,0.9353195428848267
1773519427.288,117.38413524335868,0.7880478507004631,,0.81982847849528,-15.308593749999986,0.9423373341560364
1773519427.3199,117.56376384743903,0.6148564010735692,,0.8188021977742513,-15.062286376953118,0.9328963756561279
1773519427.3519,119.07896836170102,0.6148564010735692,,,-15.062286376953118,0.0
1773519427.388,118.64412646895391,0.5314170605003321,,,-11.088699340820298,0.0
1773519427.4199,119.72448909046881,0.7169554986590031,,0.8022455851236979,-7.115112304687479,0.9072707295417786
1773519427.452,119.72448909046881,0.7169554986590031,,,-7.115112304687479,0.0
1773519427.4879,119.72448909046881,0.7169554986590031,,,-7.115112304687479,0.0
1773519427.5199,,,,,,0.0
1773519427.5519,,,,,,0.0
1773519427.588,,,,,,0.0
1773519427.6199,,,,,,0.0
1773519427.652,,,,,,0.0
1773519427.688,,,,,,0.0
1773519427.7199,,,,,,0.0
1773519427.752,,,,,,0.0
1773519427.788,,,,,,0.0
1773519427.8199,137.36173235285338,2.071303248496804,,,-23.184173583984364,0.0
1773519427.8519,136.56519018302743,1.905674130849286,,,-20.705780029296854,0.0
1773519427.888,135.76864801320144,1.7400450132017677,,0.8357227961222331,-20.7813110351562,0.9584166407585144
1773519427.9199,132.4391131226948,1.617339033228148,,0.8253961563110351,-19.50434875488277,0.9310792684555054
1773519427.9519,129.10957823218817,1.4946330532545284,,0.8307168324788411,-18.22738647460934,0.9493752717971802
1773519427.988,123.96978609271588,1.4946330532545284,,0.8168795267740886,-15.733612060546864,0.9297188520431519
1773519428.0199,123.96978609271588,1.4946330532545284,,0.820200792948405,-15.069610595703118,0.9259336590766907
1773519428.052,123.30327817619154,1.4977499510841685,,0.8176963806152344,-14.531494140624996,0.9228947162628174
1773519428.088,123.00712004831053,1.567736119247078,,0.8188174565633138,-14.531494140624996,0.9204937815666199
1773519428.1199,123.30327817619154,1.6763957474458742,,0.8135101954142253,-14.531494140624996,0.9058010578155518
1773519428.152,125.70032012941185,1.8429099471199386,,0.8172791163126628,-14.331207275390625,0.8979000449180603
1773519428.1881,129.01486018622668,1.8429099471199386,,0.8274455388387044,-13.503723144531214,0.9305000901222229
1773519428.22,129.22498197753328,1.567736119247078,,0.815555191040039,-13.503723144531214,0.8982887268066406
1773519428.252,129.22498197753328,0.6257143878575061,,0.7989843368530274,-11.229370117187454,0.947516918182373
1773519428.288,129.01486018622668,0.2919237695576781,,0.8108169555664062,-9.210327148437472,0.9491406083106995
1773519428.3199,120.93937842501863,0.21703463866887537,,0.802296511332194,-9.210327148437472,0.9475517868995667
1773519428.352,116.48246515311035,0.1665983293327073,,0.8066106160481771,-11.229370117187454,0.943505048751831
1773519428.3881,115.76786085340677,0.1403616386633046,,0.8138659795125326,-12.471496582031207,0.942298173904419
1773519428.42,115.76786085340677,0.1665983293327073,,0.8156330108642578,-12.692901611328118,0.9374189972877502
1773519428.452,115.76786085340677,0.1665983293327073,,0.8134047190348307,-13.541076660156204,0.9379478693008423
1773519428.4881,118.39313755925632,0.1941519124745298,,0.8165290832519532,-13.971191406249996,0.9383372068405151
1773519428.52,124.10492915966633,0.38124122950936284,,0.821154530843099,-15.519287109374957,0.9372633099555969
1773519428.552,126.13810650807062,0.8902352734254809,,0.8197542826334635,-15.519287109374957,0.9369640350341797
1773519428.5881,126.65958233623405,0.9051763291919901,,0.8219841639200847,-15.85534667968747,0.945158839225769
1773519428.62,127.18105816439748,0.9201173849584992,,0.8181868235270182,-15.519287109374957,0.9386320114135742
1773519428.652,128.42255328112364,0.9613444764937972,,,-15.678268432617166,0.0
1773519428.6881,127.18105816439748,0.9201173849584992,,,-14.766906738281218,0.0
1773519428.72,,,,,,0.0
1773519428.752,,,,,,0.0
1773519428.784,,,,,,0.0
1773519428.82,,3.551827910393585,,,9.59948730468751,0.0
1773519428.852,,3.551827910393585,,,9.59948730468751,0.0
1773519428.884,105.31381918993702,3.0217159579650437,,0.7674235026041667,7.711181640625018,0.8654563426971436
1773519428.92,102.76016105703877,3.3240101269456894,,,9.59948730468751,0.0
1773519428.952,100.20650292414051,2.9078070662410958,,0.7752914428710938,10.798675537109395,0.9342082142829895
1773519428.9881,99.44977282966701,2.6687870885617064,,0.7524223963419596,14.398941040039093,0.9457761645317078
1773519429.02,99.22533798557193,2.491604005536502,,0.7624268849690755,11.997863769531278,0.8958051800727844
1773519429.052,99.22533798557193,2.2902013338470613,,0.7520802815755209,16.800018310546907,0.95064777135849
1773519429.0883,99.22533798557193,1.052445657432453,,0.7673110961914062,16.964233398437507,0.9200885891914368
1773519429.1203,103.11410068121216,1.052445657432453,,0.7378580729166667,22.945831298828132,0.8776763677597046
1773519429.152,103.11410068121216,1.052445657432453,,0.7396186192830404,23.7908935546875,0.9011355042457581
1773519429.1881,104.6116424966625,1.7290881038022525,,0.6993306477864584,42.28405761718751,0.9305198788642883
1773519429.2201,103.86287158893734,2.4528497351684337,,0.6890021006266276,44.76290893554689,0.9111535549163818
1773519429.252,104.6116424966625,3.176611366534615,,0.688157590230306,47.24176025390628,0.9073244333267212
1773519429.2841,104.6116424966625,4.506050288411953,11.041112608961523,,47.24176025390628,0.0
1773519429.32,137.91248069161466,5.303998116298505,11.041112608961523,,31.144119262695327,0.0
1773519429.3522,171.2133188865668,4.506050288411953,11.041112608961523,0.7569201151529948,14.64111328125,0.9599933624267578
1773519429.3841,171.2133188865668,4.506050288411953,11.041112608961523,,14.64111328125,0.0
1773519429.4201,171.2133188865668,4.506050288411953,11.041112608961523,,14.64111328125,0.0
1773519429.452,,,,,,0.0
1773519429.4841,,,,,,0.0
1773519429.5201,,,,,,0.0
1773519429.552,,,,,,0.0
1773519429.5841,,,,,,0.0
1773519429.6201,,,,,,0.0
1773519429.652,,,,,,0.0
1773519429.6841,,,,,,0.0
1773519429.7201,,,,,,0.0
1773519429.7521,,,,,,0.0
1773519429.7841,,,,,,0.0
1773519429.8201,,,,,,0.0
1773519429.8521,,,,,,0.0
1773519429.8841,,,,,,0.0
1773519429.9201,,,,,,0.0
1773519429.9521,,,,,,0.0
1773519429.9841,,,,,,0.0
1773519430.0201,,,,,,0.0
1773519430.0521,,,,,,0.0
1773519430.0841,,,,,,0.0
1773519430.1201,,,,,,0.0
1773519430.1521,,,,,,0.0
1773519430.1841,,,,,,0.0
1773519430.2201,,,,,,0.0
1773519430.2521,,,,,,0.0
1773519430.2841,,,,,,0.0
1773519430.3201,,,,,,0.0
1773519430.3521,,,,,,0.0
1773519430.3841,,,,,,0.0
1773519430.4201,,,,,,0.0
1773519430.4521,,,,,,0.0
1773519430.4841,,,,,,0.0
1773519430.5201,,,,,,0.0
1773519430.5521,,,,,,0.0
1773519430.5841,,,,,,0.0
1773519430.6201,,,,,,0.0
1773519430.6521,,,,,,0.0
1773519430.6841,,,,,,0.0
1773519430.7201,,,,,,0.0
1773519430.7521,,,,,,0.0
1773519430.7841,,,,,,0.0
1773519430.8201,,,,,,0.0
1773519430.8521,,,,,,0.0
1773519430.8841,,,,,,0.0
1773519430.9202,,,,,,0.0
1773519430.9521,,,,,,0.0
1773519430.9841,,,,,,0.0
1773519431.0202,,,,,,0.0
1773519431.0521,,,,,,0.0
1773519431.0841,,,,,,0.0
1773519431.1202,,,,,,0.0
1773519431.1521,,,,,,0.0
1773519431.1841,,,,,,0.0
1773519431.2202,,,,,,0.0
1773519431.2521,,,,,,0.0
1773519431.2841,,,,,,0.0
1773519431.3202,,,,,,0.0
1773519431.3521,,,,,,0.0
1773519431.3842,,,,,,0.0
1773519431.4202,,,,,,0.0
1773519431.4521,,,,,,0.0
1773519431.4842,,,,,,0.0
1773519431.5202,,,,,,0.0
1773519431.5522,,,,,,0.0
1773519431.5842,,,,,,0.0
1773519431.6202,,,,,,0.0
1773519431.6521,,,,,,0.0
1773519431.6842,,,,,,0.0
1773519431.7202,,,,,,0.0
1773519431.7521,,,,,,0.0
1773519431.7842,,,,,,0.0
1773519431.8202,,,,,,0.0
1773519431.8521,,,,,,0.0
1773519431.8842,,,,,,0.0
1773519431.9202,,,,,,0.0
1773519431.9522,,,,,,0.0
1773519431.9842,,,,,,0.0
1773519432.0202,,,,,,0.0
1773519432.0522,,,,,,0.0
1773519432.0842,,,,,,0.0
1773519432.1202,,6.41824237971928,,,37.14675903320314,0.0
1773519432.1522,,6.41824237971928,,,37.14675903320314,0.0
1773519432.1842,,6.41824237971928,,0.7100333531697591,37.14675903320314,0.9237657785415649
1773519432.2202,,6.41824237971928,,,37.14675903320314,0.0
1773519432.2522,,6.41824237971928,,,37.14675903320314,0.0
1773519432.2842,,,,,,0.0
1773519432.3202,,,,,,0.0
1773519432.3522,,,,,,0.0
1773519432.3842,,,,,,0.0
1773519432.4202,100.85446738057884,3.6292546894885875,,,31.70733642578128,0.0
1773519432.4522,100.85446738057884,1.8726502515754826,,,28.604248046875036,0.0
1773519432.4842,102.01909069040767,0.4746821748301624,,0.721365483601888,25.50115966796879,0.8985438942909241
1773519432.5202,102.01909069040767,1.0833907188989436,,0.7342950185139974,20.108856201171903,0.8967823386192322
1773519432.5522,101.33135571572353,1.330103091341361,,0.756762949625651,14.716552734375021,0.8586974740028381
1773519432.5842,101.33135571572353,1.330103091341361,,0.7757240295410156,11.884582519531275,0.8606521487236023
1773519432.6202,101.04663345234438,1.330103091341361,,0.778936258951823,5.6152343750000355,0.8812306523323059
1773519432.6522,101.04663345234438,1.4484887905166435,,0.7626628875732422,4.073364257812511,0.9219974875450134
1773519432.6842,101.33135571572353,1.330103091341361,,0.7922159194946289,2.92752075195315,0.9267078638076782
1773519432.7202,102.02723872120447,0.9646154347528895,,0.7879434585571289,2.92752075195315,0.914010763168335
1773519432.7522,102.44132544042965,0.9646154347528895,,0.7813234329223633,2.92752075195315,0.9009383320808411
1773519432.7842,105.03336956366739,1.2667161313309732,,0.7651610056559245,7.336547851562507,0.9463463425636292
1773519432.8203,105.81863687842886,1.2667161313309732,,0.7721379597981771,10.685485839843771,0.9231038093566895
1773519432.8522,106.33514816771151,1.3278690635535049,,0.759211540222168,11.269104003906278,0.8285542726516724
1773519432.8842,106.33514816771151,2.268315054081505,,0.7639451344807943,11.269104003906278,0.8505942225456238
1773519432.9203,106.58516852430374,2.268315054081505,,0.7589366912841797,12.576812744140629,0.9223129749298096
1773519432.9522,107.39556750847943,1.3278690635535049,,0.7699506123860677,11.269104003906278,0.8485609292984009
1773519432.9842,110.16099038484457,1.3278690635535049,,0.7612207412719727,12.576812744140629,0.9142462611198425
1773519433.0203,110.2683186263059,2.268315054081505,,0.7816294352213542,11.394470214843793,0.9474550485610962
1773519433.0522,114.74083156337828,2.008582860312211,,0.7474772135416666,12.2582397460938,0.9567041993141174
1773519433.0842,117.38798434855657,2.0724686173281537,,0.7636839548746744,11.394470214843793,0.9671273231506348
1773519433.1203,117.38798434855657,2.891632435541321,,0.7618844350179036,11.394470214843793,0.9677075743675232
1773519433.1522,117.38798434855657,2.6045774017844336,,0.7711544036865234,7.808654785156275,0.9686555862426758
1773519433.1843,117.38798434855657,2.0724686173281537,,0.7960381825764974,4.2749023437500355,0.9086043834686279
1773519433.2203,117.38798434855657,2.6045774017844336,,0.790044657389323,-1.2586669921874893,0.9144147038459778
1773519433.2522,117.17934794370905,3.2504786327127775,,0.7785163879394531,-1.9526367187499893,0.969921350479126
1773519433.2842,117.17934794370905,3.8377035307980862,,0.7971722920735677,-1.9526367187499893,0.9241876006126404
1773519433.3203,117.58120164774228,4.063557198343465,,0.7914904276529948,-3.460205078124954,0.9347829818725586
1773519433.3522,117.58120164774228,4.080133986847814,,0.796236801147461,-4.2308959960937464,0.935002863407135
1773519433.3843,117.17934794370905,4.080133986847814,,0.7946311950683593,-4.2308959960937464,0.9265048503875732
1773519433.4203,116.2225606951161,4.080133986847814,,0.8050720850626628,-6.233032226562472,0.9310019612312317
1773519433.4522,116.22879295856188,3.6020501833014222,,0.8004079182942708,-8.471832275390625,0.8832042813301086
1773519433.4842,113.92152912373314,3.1329635268113,,0.8076452891031901,-9.706970214843729,0.8954777121543884
1773519433.5203,112.0376889251698,2.925872409343347,,0.8111822128295898,-11.404693603515579,0.8826785683631897
1773519433.5523,112.0376889251698,2.925872409343347,,0.8121494293212891,-11.868957519531236,0.8703094124794006
1773519433.5843,112.0376889251698,3.1329635268113,,0.8181776682535807,-14.762512207031229,0.8757105469703674
1773519433.6203,112.0376889251698,3.1329635268113,,0.8329994837443034,-16.201354980468707,0.8728824257850647
1773519433.6523,115.74287339988375,3.2704750122649684,,0.8211752573649088,-17.844421386718725,0.872230589389801
1773519433.6843,115.97804378789012,3.325787358848759,,0.8245983123779297,-19.11065673828121,0.882035493850708
1773519433.7163,118.50298606889584,4.290755157065973,,0.8272363026936849,-18.3447570800781,0.8609704375267029
1773519433.7522,120.96331496769388,4.311454292202347,,0.8290653228759766,-19.08139038085933,0.8362507820129395
1773519433.7843,120.96331496769388,4.311454292202347,,0.8256406784057617,-19.08139038085933,0.8496093153953552
1773519433.8163,118.50298606889584,4.290755157065973,,0.8271753311157226,-18.3447570800781,0.8418439030647278
1773519433.8523,116.71060799376518,4.177630723331376,,0.8057350158691406,-11.561492919921825,0.872308075428009
1773519433.8843,115.68450597164157,3.9487934657373454,,0.8115088780721028,-10.667602539062475,0.8659525513648987
1773519433.9163,115.68450597164157,3.211102138738786,,0.8088904698689778,-10.504272460937454,0.876430869102478
1773519433.9523,115.68450597164157,3.188150975836347,,0.8096466064453125,-10.504272460937454,0.8641224503517151
1773519433.9843,114.55461095806798,3.070778402485186,,0.8093063354492187,-10.304656982421836,0.8739646673202515
1773519434.0163,114.55461095806798,2.9525823286624036,,0.8078778584798177,-10.38916015624995,0.8638272285461426
1773519434.0523,113.12857568808639,2.3169739407947163,,0.8022160847981771,-10.38916015624995,0.8519455194473267
1773519434.0843,112.80157861869613,2.1493522782363503,,0.8090665181477864,-9.818603515624993,0.8442900776863098
1773519434.1163,112.25089410445635,2.058341031295032,,0.8095279693603515,-9.191833496093711,0.8495352268218994
1773519434.1523,112.25089410445635,2.058341031295032,,0.8065720876057942,-9.191833496093711,0.8436821699142456
1773519434.1843,110.01314303381403,1.8803458336818974,,0.8040846506754558,-8.48217773437499,0.8407644033432007
1773519434.2163,109.1101343673486,1.8803458336818974,,0.8050936381022136,-8.48217773437499,0.8219055533409119
1773519434.2526,108.80453361315597,1.6152291438103161,,0.8037116368611653,-8.48217773437499,0.9307974576950073
1773519434.2845,108.80453361315597,1.8803458336818974,,0.807061513264974,-8.673492431640621,0.8537728786468506
1773519434.3163,108.80453361315597,1.8803458336818974,,0.8054922103881836,-8.673492431640621,0.8435229659080505
1773519434.3523,109.02434268702685,1.6152291438103161,,0.8075820922851562,-9.426757812499993,0.8577834963798523
1773519434.3843,109.98432745004051,1.2515149972138793,,0.8003596623738607,-9.676635742187454,0.9223887324333191
1773519434.4163,112.29943786576007,1.2515149972138793,,0.8136611302693685,-12.347076416015614,0.9471485018730164
1773519434.4523,112.29943786576007,1.2515149972138793,,0.8131455103556315,-12.594573974609347,0.9452067613601685
1773519434.4843,112.7728620763588,0.5456879636936758,,0.8242604573567708,-12.594573974609347,0.8800867795944214
1773519434.5163,112.99903520206216,3.1810529036105417,,0.8314220428466796,-17.68225097656245,0.8694244623184204
1773519434.5523,113.39655456170414,3.2491626532352966,,0.8136425018310547,-20.39593505859374,0.9461899399757385
1773519434.5843,114.91465899573943,3.1810529036105417,,0.8299139658610026,-20.39593505859374,0.8555262684822083
1773519434.6163,115.186531389034,3.427060784084457,,0.8299272537231446,-20.13424682617183,0.8600647449493408
1773519434.6523,115.186531389034,4.035818222916215,,0.8164000193277995,-20.39593505859374,0.9390120506286621
1773519434.6843,116.76245754312741,4.0598182851501745,,0.829368782043457,-20.13424682617183,0.859004020690918
1773519434.7163,117.2047580960717,4.0598182851501745,,0.8346514383951823,-19.873260498046843,0.863205075263977
1773519434.7524,118.42397732796255,4.0598182851501745,,0.8288250605265299,-19.873260498046843,0.8574827313423157
1773519434.7843,121.98238974356372,4.0598182851501745,,0.8103756586710612,-19.483734130859336,0.9413313865661621
1773519434.8163,121.99572816738942,2.669075015738588,,0.8077280680338542,-11.017547607421854,0.9386976957321167
1773519434.8523,122.08447222849834,2.0305317799691918,,0.828013547261556,-9.7467041015625,0.8362857103347778
1773519434.8843,123.12848409504949,2.0305317799691918,,0.8076600392659505,-9.714050292968732,0.9308724403381348
1773519434.9163,123.12848409504949,2.0305317799691918,,0.8048142115275065,-8.348052978515614,0.943744421005249
1773519434.9523,123.12848409504949,2.0305317799691918,,0.7989728291829427,-8.348052978515614,0.9353949427604675
1773519434.9843,122.20192099528855,2.0305317799691918,,0.7987997690836589,-8.348052978515614,0.9279728531837463
1773519435.0163,120.51087235186483,3.0219802537398253,,0.8208246866861979,-6.919372558593739,0.8282529711723328
1773519435.0523,111.85416769640547,3.0219802537398253,,0.8255577723185221,-6.919372558593739,0.8844963908195496
1773519435.0843,111.48188586525949,3.0219802537398253,,0.8018377939860026,-6.919372558593739,0.85347580909729
1773519435.1163,111.48188586525949,3.0219802537398253,,0.8002018610636393,-6.134124755859354,0.8572413325309753
1773519435.1524,111.85416769640547,3.0219802537398253,,0.7981135050455729,-5.307525634765575,0.8540637493133545
1773519435.1844,112.39154347713111,3.0611470691249743,,0.7984797795613606,-5.131713867187457,0.8518812656402588
1773519435.2164,112.39154347713111,3.0738506357175988,,0.7939615249633789,-3.6654357910155966,0.8598461151123047
1773519435.2524,113.26961380928934,3.0985533835576984,,0.7923926035563151,-3.6654357910155966,0.8586822748184204
1773519435.2843,113.26961380928934,3.0985533835576984,,0.7950587590535482,-3.6654357910155966,0.858076274394989
1773519435.3163,112.33500491302529,3.091596219602351,,0.8176214853922527,-14.49554443359375,0.8805697560310364
1773519435.3524,111.4539401803593,3.0738506357175988,,0.8232769012451172,-17.210144042968736,0.8725555539131165
1773519435.3843,111.39801909073633,3.091596219602351,,0.8254512786865235,-17.210144042968736,0.8874498605728149
1773519435.4163,111.23314834054425,2.877073229474086,,0.8244653065999349,-17.713928222656232,0.8847413659095764
1773519435.4524,110.73526018436289,2.7249735747456016,,0.8227521896362304,-17.713928222656232,0.8841519355773926
1773519435.4843,109.1211553620462,2.681204059526753,,0.8243264516194662,-16.95828247070308,0.8758241534233093
1773519435.5164,107.79934258162923,2.37096548052139,,0.821685791015625,-16.446411132812475,0.864670991897583
1773519435.5524,107.18124849583334,2.2991457743640265,,0.8145615259806315,-13.026763916015582,0.8761038780212402
1773519435.5844,107.18124849583334,2.2886260136913137,,0.8128309885660807,-13.026763916015582,0.8777371644973755
1773519435.6163,106.99613045966613,2.1958124626386892,,0.811168924967448,-13.026763916015582,0.8797643780708313
1773519435.6524,106.99613045966613,2.1958124626386892,,0.8208258310953777,-13.478302001953093,0.8675358891487122
1773519435.6844,106.08584230596041,1.630414534947174,,0.8218477884928386,-13.478302001953093,0.8721982836723328
1773519435.7164,105.72752883315174,0.8119439619683941,,0.8155022303263346,-14.527038574218718,0.8736540675163269
1773519435.7524,105.72752883315174,0.8119439619683941,,0.8148353576660157,-13.478302001953093,0.8696326613426208
1773519435.7844,106.08584230596041,1.0932639677622051,,0.8176870981852213,-13.478302001953093,0.8599435091018677
1773519435.8164,107.72993917441529,1.0932639677622051,,0.8134999593098958,-14.527038574218718,0.8759644627571106
1773519435.8524,114.03399321449345,3.9137845605413117,,0.8255115509033203,-18.282775878906214,0.8709856867790222
1773519435.8844,115.54709421670887,3.9137845605413117,,0.8328718821207682,-21.81573486328123,0.8909665942192078
1773519435.9164,115.54709421670887,3.9137845605413117,,0.8343084971110026,-22.50531005859374,0.9048353433609009
1773519435.9524,114.03399321449345,3.866057320438274,,0.840625254313151,-24.678680419921832,0.9110965132713318
1773519435.9844,111.45486407319525,2.811905433063886,,0.8388363520304362,-25.345825195312468,0.9037327170372009
1773519436.0164,109.38771483762402,2.811905433063886,,0.8429414749145507,-25.53735351562498,0.8957081437110901
1773519436.0524,109.38771483762402,2.811905433063886,,0.8402262369791667,-26.435150146484325,0.9009844660758972
1773519436.0844,109.38771483762402,2.8148127866948998,,0.8424956639607747,-26.435150146484325,0.8853633403778076
1773519436.1164,109.38771483762402,2.8148127866948998,,0.8493836720784506,-26.300415039062486,0.8832218647003174
1773519436.1524,110.92303763156222,3.4110604100513036,,0.8422149658203125,-26.300415039062486,0.8971449136734009
1773519436.1844,110.92303763156222,3.4110604100513036,,0.8405719757080078,-25.511779785156214,0.9097599387168884
1773519436.2164,108.13161488921376,2.7184889377052888,,0.8356376012166341,-23.143280029296847,0.9124423265457153
1773519436.2524,105.89233897471543,2.466094740509469,,0.832276980082194,-21.530181884765582,0.9389974474906921
1773519436.2844,104.24955080720258,2.131457678953714,,0.82312437693278,-21.530181884765582,0.937260627746582
1773519436.3164,104.24955080720258,2.131457678953714,,0.8302664438883464,-21.530181884765582,0.9230390787124634
1773519436.3524,104.24955080720258,2.425537416891606,,0.8411189397176106,-21.572845458984364,0.9268175363540649
1773519436.3844,104.08940188021765,2.425537416891606,,0.8430562337239583,-21.572845458984364,0.9251609444618225
1773519436.4164,103.03398741800584,2.425537416891606,,0.8323658625284831,-21.572845458984364,0.9472006559371948
1773519436.4524,102.60406874558912,2.5383910603416666,,0.8285132726033528,-19.723602294921836,0.9452806115150452
1773519436.4844,101.36071051260386,2.5383910603416666,,0.825058110555013,-18.06512451171871,0.9415630102157593
1773519436.5165,101.36071051260386,2.6931543813332395,,0.8220406850179036,-16.61676025390621,0.9303095936775208
1773519436.5524,101.36071051260386,2.3410165391592015,,0.814993158976237,-13.23394775390625,0.9239017963409424
1773519436.5844,101.36071051260386,2.6931543813332395,,0.8012310663859049,-12.193817138671843,0.9183813333511353
1773519436.6164,101.14694065004467,2.8817873551867197,,0.7983760833740234,-6.628143310546832,0.9287487268447876
1773519436.6524,100.29700240493818,3.013675521638696,,0.8128262201944987,-5.257751464843725,0.9335481524467468
1773519436.6844,99.63307278822374,3.013675521638696,,0.7747584025065104,-5.257751464843725,0.9685778617858887
1773519436.7165,99.63307278822374,3.749901663051034,,0.7724567413330078,-0.1996459960937358,0.964405357837677
1773519436.7484,99.63307278822374,3.7556905247149754,,0.8122257232666016,-0.1996459960937358,0.9814981818199158
1773519436.7844,99.63307278822374,3.7556905247149754,,0.787838363647461,-0.4842529296874609,0.9739643931388855
1773519436.8164,97.92115506640528,0.9793983640051066,,0.7884312947591146,-3.308654785156211,0.9784599542617798
1773519436.8485,97.92115506640528,1.6518133826843997,,0.7943154652913411,-3.308654785156211,0.9268563389778137
1773519436.8844,97.92115506640528,0.9793983640051066,,0.8054382960001628,-3.308654785156211,0.9753974080085754
1773519436.9165,97.20613926793239,0.9793983640051066,,0.7981253306070963,-3.308654785156211,0.9494162201881409
1773519436.9485,97.20613926793239,1.298031885642621,,0.7932895024617513,-3.4507141113281037,0.970253586769104
1773519436.9844,97.20613926793239,1.6518133826843997,-16.14674305797068,0.7921073277791341,-2.816192626953118,0.9521409869194031
1773519437.0164,99.84898248267828,2.105411272562919,-16.14674305797068,0.7946114222208659,-2.816192626953118,0.976375162601471
1773519437.0485,108.42931672054969,4.62482775252445,-16.14674305797068,0.7854300181070963,-3.4507141113281037,0.9685544967651367
1773519437.0844,108.42931672054969,4.62482775252445,-16.14674305797068,0.8090962727864583,-3.4507141113281037,0.9388743042945862
1773519437.1164,108.42931672054969,4.62482775252445,-16.14674305797068,0.7958579381306966,-4.049041748046847,0.9457271099090576
1773519437.1485,107.4495865082684,3.0297764871530313,,0.7924806594848632,-4.049041748046847,0.9473834037780762
1773519437.1844,107.4495865082684,3.0297764871530313,,0.8082327524820964,-4.049041748046847,0.9418880939483643
1773519437.2164,105.85260273431548,3.0297764871530313,,0.7887219111124675,-2.427947998046829,0.9539427161216736
1773519437.2485,104.29886448185178,3.105819916903754,,0.8405148824055989,-1.0659790039062322,0.8189919590950012
1773519437.2844,106.7817117195528,3.105819916903754,,0.7782082875569661,-0.6237487792968643,0.9122466444969177
1773519437.3164,105.2608366730744,3.105819916903754,,0.7896432240804037,3.0595092773437926,0.9124502539634705
1773519437.3485,104.29886448185178,2.5685256812545614,,0.7810484568277994,3.0595092773437926,0.9267687201499939
1773519437.3844,104.57384654519018,2.5588867993980573,,0.778115717569987,0.9967651367187802,0.9211599230766296
1773519437.4164,104.93088888747958,2.5588867993980573,,0.7957054138183594,2.951248168945355,0.9065751433372498
1773519437.4485,104.93088888747958,2.74391183526236,,,-0.28056335449214487,0.0
1773519437.4844,105.11821663886329,2.7386272114601553,,0.7814995447794596,-2.985412597656225,0.895417332649231
1773519437.5164,105.11821663886329,3.0300590689399365,,0.7945143381754557,-1.0094451904296697,0.8890875577926636
1773519437.5485,104.60094110188477,3.1408201486097145,,0.7927697499593099,-2.566711425781243,0.8862558007240295
1773519437.5844,102.71997999586526,3.377416582519288,,0.786281140645345,-3.4041137695312074,0.911313533782959
1773519437.6164,102.71997999586526,3.377416582519288,,0.7995848337809245,-2.566711425781243,0.8605726957321167
1773519437.6485,102.71997999586526,3.8563544603548423,,0.8048548380533854,-2.651428222656236,0.8557538986206055
1773519437.6845,102.71997999586526,3.927354649770582,,0.774658203125,-5.384613037109336,0.9166603088378906
1773519437.7165,103.51460186376002,4.141035153788488,,0.7929462432861328,-2.651428222656236,0.8657149076461792
1773519437.7485,103.51460186376002,4.217076068084658,,0.7986403783162435,-2.651428222656236,0.8492266535758972
1773519437.7844,102.504750744625,4.5716080745587595,,0.7901612599690755,-2.651428222656236,0.8633546233177185
1773519437.8164,101.41056590995268,4.5716080745587595,,0.7986073811848958,-1.314636230468711,0.855157732963562
1773519437.8485,93.68585620477542,4.5716080745587595,,0.7847006479899089,-1.2709655761718253,0.8982658386230469
1773519437.8845,93.18807765188879,4.903037882673919,,0.7900702794392903,1.30645751953125,0.9070724844932556
1773519437.9165,76.04189088863403,6.838078321114039,,0.7752386093139648,5.8482360839844105,0.9127127528190613
1773519437.9485,76.04189088863403,7.093328748430763,,0.7696904500325521,7.848327636718757,0.9190497994422913
1773519437.9844,76.04189088863403,7.329361081104492,,0.7710717519124349,8.511352539062518,0.9171810150146484
1773519438.0165,91.15101960067771,7.329361081104492,,0.745382817586263,18.67041015625004,0.9101771712303162
1773519438.0485,91.80813790221823,7.329361081104492,,0.7352137247721354,18.67041015625004,0.8928850889205933
1773519438.0845,92.4425963409546,7.799806237670074,,0.7485257466634114,20.17901611328128,0.9192265868186951
1773519438.1165,92.4425963409546,7.242314788998694,,0.7914132436116537,18.67041015625004,0.8928385972976685
1773519438.1485,92.4425963409546,7.016442194302669,,0.7375900268554687,9.155639648437521,0.894116222858429
1773519438.1845,92.63419820681813,6.168706875725223,,0.7683481852213542,5.723663330078175,0.9111232757568359
1773519438.2165,92.37786293126928,6.235497989512564,,0.7754981358846028,5.723663330078175,0.9251359105110168
1773519438.2485,92.37786293126928,6.168706875725223,,0.7811355590820312,3.017700195312525,0.9407000541687012
1773519438.2845,92.54818172735723,4.694047592602247,,0.7838772455851237,3.017700195312525,0.9321000576019287
1773519438.3164,106.8176711740052,3.7425581843850217,,0.7850465774536133,3.017700195312525,0.9359795451164246
1773519438.3485,102.8471075137776,2.2093883463833905,,0.7768939971923828,3.6974792480469,0.9268667101860046
1773519438.3845,102.8471075137776,2.1718773856137648,,0.7780344645182292,3.7923583984375497,0.9289501905441284
1773519438.4165,102.8471075137776,2.1718773856137648,,0.779719352722168,3.7923583984375497,0.9244972467422485
1773519438.4485,102.61044986800188,2.2093883463833905,,0.7795216878255208,3.6974792480469,0.9179033041000366
1773519438.4845,97.9512469050356,3.6093056536839905,,0.7911067962646484,3.4715576171875284,0.8924936056137085
1773519438.5165,97.9512469050356,3.6093056536839905,,0.7849283854166667,3.4715576171875284,0.8980233073234558
1773519438.5485,97.94617454212433,3.662389545745074,,0.7801900227864583,2.1550292968750284,0.9008527994155884
1773519438.5845,97.9512469050356,4.129044429939501,,0.7713986714680989,2.1550292968750284,0.931450605392456
1773519438.6165,100.3542524770406,4.217508151607313,,0.7829327901204427,2.1550292968750284,0.9019845724105835
1773519438.6485,100.3542524770406,4.427122106133272,,0.7949323018391927,0.43972778320316763,0.9245785474777222
1773519438.6845,100.3542524770406,4.427122106133272,,0.7865063349405924,-1.7163085937499645,0.9334675669670105
1773519438.7165,101.95559011844043,4.129044429939501,,0.7934110005696614,-2.5531921386718714,0.9138572216033936
1773519438.7485,107.48529785594162,2.8751112609490237,,0.7909980773925781,-2.5531921386718714,0.9181736707687378
1773519438.7845,107.74116632278086,2.5088367984687756,,0.7927415847778321,-2.8745117187499503,0.9132601022720337
1773519438.8165,116.90495077887712,2.3701253842351004,,0.7973649342854817,-2.5531921386718714,0.9043961763381958
1773519438.8485,116.90495077887712,1.8338933788363194,,0.7984844207763672,-2.5531921386718714,0.8944092392921448
1773519438.8845,116.90495077887712,1.8338933788363194,,0.7913658777872722,-4.7723999023437,0.929888904094696
1773519438.9165,118.88086064182386,2.3701253842351004,,0.7868930180867513,-1.892852783203125,0.9087576270103455
1773519438.9485,115.67883254884916,2.8863514478853363,,0.8000942866007487,0.2541198730469141,0.9006452560424805
1773519438.9845,115.67883254884916,2.8863514478853363,,0.7838185628255209,0.2541198730469141,0.9216932058334351
1773519439.0165,125.38348417627422,2.986955606530301,,0.7846957524617513,-6.082489013671832,0.927083432674408
1773519439.0485,125.38348417627422,2.8863514478853363,,0.8152589162190755,-13.361511230468732,0.8921020030975342
1773519439.0845,123.96444116327731,1.5351815074931072,,0.8232776641845703,-13.748168945312464,0.9225413799285889
1773519439.1165,124.78828961001649,1.5351815074931072,,0.816064453125,-15.556030273437482,0.8951833248138428
1773519439.1485,122.5453981502804,1.7407157967472686,,0.8198308308919271,-15.556030273437482,0.8835994005203247
1773519439.1846,120.91707493357477,1.517154333482229,,0.8216010411580403,-14.321380615234371,0.8741889595985413
1773519439.2165,120.47665533893763,1.7407157967472686,,0.8081112543741862,-14.321380615234371,0.9008831977844238
1773519439.2485,120.47665533893763,1.818005864646154,,0.817258644104004,-13.273742675781204,0.8868334293365479
1773519439.2846,119.26710187751048,1.8301764644909397,,0.8103964487711589,-11.849243164062493,0.8950798511505127
1773519439.3165,119.26710187751048,1.9895531281853744,,0.8150760650634765,-11.849243164062493,0.8800488710403442
1773519439.3485,118.74241497600009,2.0506890956620647,,0.8121083577473959,-11.02752685546875,0.8869063854217529
1773519439.3846,117.81102479023374,2.2865523830229852,,0.8040252685546875,-9.909301757812479,0.8959253430366516
1773519439.4165,112.17885495604301,2.2910078151884776,,0.7909307479858398,-4.826675415039032,0.9123717546463013
1773519439.4485,107.47807530761862,2.5313265347148906,,,-1.6839904785156001,0.0
1773519439.4846,107.47807530761862,2.5313265347148906,,0.7857254028320313,-0.33721923828123224,0.9110968112945557
1773519439.5165,115.1611699528002,2.8440869332826084,,,-0.33721923828123224,0.0
1773519439.5486,117.81716298571622,3.0958856172768296,,0.7881249745686849,-1.0045776367187198,0.9070000648498535
1773519439.5845,120.47315601863225,3.3476843012710513,,0.7909056345621744,-1.6719360351562074,0.9548476934432983
1773519439.6165,127.98199664288535,3.3755876719036904,-31.500285977442342,0.8005132675170898,-3.9777679443359037,0.9530565142631531
1773519439.6486,127.50527760209148,4.570585868693573,-29.41583957891458,,-8.864334106445293,0.0
1773519439.6846,127.50527760209148,5.645597435606902,-27.33139318038682,0.8112663269042969,-9.684448242187473,0.9696630239486694
1773519439.7166,109.82929270182126,5.645597435606902,-27.33139318038682,0.8114493052164714,-9.684448242187473,0.9497295618057251
1773519439.7486,100.13886746659803,5.553514176362986,-27.33139318038682,0.8039304097493489,-7.923828124999961,0.9591686725616455
1773519439.7846,100.13886746659803,2.740131601249706,-21.459174045242687,0.7634253184000651,3.905151367187507,0.9802411794662476
1773519439.8165,96.19226122296821,2.3020998607119796,-15.586954910098555,0.7792867024739584,3.905151367187507,0.940326988697052
1773519439.8486,95.12515167964024,0.9269223982187738,,0.7777632395426433,3.905151367187507,0.9234648942947388
1773519439.8846,96.19226122296821,0.9269223982187738,,0.7806934356689453,3.229919433593764,0.9627858996391296
1773519439.9165,97.04753873879383,0.9269223982187738,,0.7988277435302734,3.229919433593764,0.9501173496246338
1773519439.9486,97.04753873879383,2.1153715061720564,,0.7928366343180339,3.229919433593764,0.9764208197593689
1773519439.9846,97.04753873879383,2.1153715061720564,,0.7761014302571615,-2.5988159179687287,0.9686986804008484
1773519440.0165,97.04753873879383,2.994888143351729,,0.7652819315592448,1.098724365234407,0.9707414507865906
1773519440.0486,97.04753873879383,2.163990559425438,,0.7944649378458659,1.098724365234407,0.9794147610664368
1773519440.0846,96.74311877338793,2.163990559425438,,0.785133425394694,-1.906066894531211,0.9797248840332031
1773519440.1165,96.74311877338793,2.163990559425438,,0.7935139338175455,-2.9239196777343324,0.9790886044502258
1773519440.1485,97.40954446666898,2.163990559425438,,0.7913934071858724,-2.9239196777343324,0.9650536179542542
1773519440.1846,98.80975579271737,1.8690898646691712,,0.8221839904785156,-3.8709716796874716,0.9783014059066772
1773519440.2166,98.96655227011571,1.8690898646691712,,0.8328631083170573,-3.8709716796874716,0.9730564951896667
1773519440.2486,99.45750014499933,1.8690898646691712,,0.7954869588216146,-5.450988769531211,0.954376220703125
1773519440.2846,100.24981496718587,1.8690898646691712,,0.7941524505615234,-3.8709716796874716,0.9520670175552368
1773519440.3166,100.24981496718587,1.7699485731200972,,0.7987786610921224,-3.8709716796874716,0.9434480667114258
1773519440.3486,101.35050899108857,1.8855316753327682,,0.7816587448120117,-3.230407714843704,0.9358170628547668
1773519440.3846,102.39245747442841,2.6572154828323,,0.8015129725138347,-4.412902832031236,0.955758810043335
1773519440.4166,103.51306729288024,3.30603866386262,,0.791234016418457,-1.8295593261718501,0.9214449524879456
1773519440.4486,103.51306729288024,3.3786158680361513,,0.7966159820556641,-4.412902832031236,0.9354538917541504
1773519440.4846,103.75000974390191,3.3786158680361513,,0.7795850118001302,-4.412902832031236,0.9317382574081421
1773519440.5166,103.91361967730433,3.3786158680361513,,0.810680071512858,-11.163665771484332,0.9418588876724243
1773519440.5486,103.91361967730433,3.0893679940827554,,0.8120889027913412,-11.163665771484332,0.9241905808448792
1773519440.5846,103.91361967730433,3.0893679940827554,,0.8123167673746745,-11.163665771484332,0.914204478263855
1773519440.6166,104.22678002438634,3.0893679940827554,,0.8047497431437175,-11.079193115234336,0.9436975717544556
1773519440.6486,104.22678002438634,3.0893679940827554,,0.7986141204833984,-11.079193115234336,0.9534266591072083
1773519440.6846,104.22678002438634,3.0893679940827554,,0.8105040868123372,-11.079193115234336,0.9535007476806641
1773519440.7166,104.45864783945487,2.811172747904014,,0.8119494120279948,-11.772949218749957,0.9464143514633179
1773519440.7486,104.45864783945487,2.332083878757534,,0.817001469930013,-13.194580078125,0.9390555024147034
1773519440.7847,104.45864783945487,2.332083878757534,,0.8183235168457031,-13.194580078125,0.9353196620941162
1773519440.8166,105.30053991243322,2.332083878757534,,0.8149111429850261,-13.194580078125,0.9384027123451233
1773519440.8486,105.64005667548186,1.2463576166600505,,0.8137276331583659,-12.626495361328125,0.9306349158287048
1773519440.8847,105.30053991243322,1.242743893399947,,0.8102547963460286,-12.626495361328125,0.9316979646682739
1773519440.9166,105.30053991243322,1.0958475240704477,,0.8124900182088216,-12.626495361328125,0.9207884073257446
1773519440.9486,105.30053991243322,0.6826947972295518,,0.8162275950113932,-12.032440185546847,0.9203490614891052
1773519440.9846,105.64005667548186,0.6302572045047696,,0.8214260737101237,-12.032440185546847,0.9033757448196411
1773519441.0166,106.0735298266237,0.6302572045047696,,0.8119593938191731,-11.777740478515586,0.8934463262557983
1773519441.0486,109.63858400750985,0.6302572045047696,,0.8036006291707357,-11.102294921874964,0.9652488231658936
1773519441.0847,110.17441278669823,0.8271460623208186,,0.8015688578287761,-11.102294921874964,0.9684425592422485
1773519441.1166,110.17441278669823,1.0480892654169198,,0.8105522155761719,-11.102294921874964,0.9541826248168945
1773519441.1486,110.17441278669823,2.804704159448698,,0.8264421463012696,-17.486572265625,0.9075454473495483
1773519441.1847,110.08483288243735,3.035700179127762,,0.8238527933756511,-18.72946166992186,0.8959713578224182
1773519441.2166,110.08483288243735,3.122902093347941,,0.8279368082682291,-18.72946166992186,0.8731275796890259
1773519441.2486,110.08483288243735,3.122902093347941,,0.8297421773274739,-17.523437499999996,0.8653458952903748
1773519441.2847,110.69726596007594,3.250559300253455,,0.8239295959472657,-17.523437499999996,0.8571386933326721
1773519441.3166,113.46939784729554,3.5353604209460934,,0.8195964813232421,-17.43618774414058,0.8708051443099976
1773519441.3486,113.46939784729554,3.5353604209460934,,0.8201920827229817,-17.382598876953086,0.8585101962089539
1773519441.3846,113.46939784729554,3.5353604209460934,,0.8237478256225585,-15.7294311523437,0.855209231376648
1773519441.4166,111.90061490887493,3.2359762624411017,,0.8236361821492513,-15.7294311523437,0.8629589080810547
1773519441.4486,109.22841138224067,2.585541319653019,,0.8057665506998698,-8.805175781249979,0.8966049551963806
1773519441.4847,109.22841138224067,2.2074246955346966,,0.798612912495931,-5.371429443359368,0.8979999423027039
1773519441.5166,109.22841138224067,2.197117935568326,,0.7956605911254883,-4.631286621093729,0.8853695392608643
1773519441.5486,110.4821945455783,2.1569124861066156,,0.7927001317342123,-4.631286621093729,0.8852450847625732
1773519441.5847,110.96104964467706,2.1569124861066156,,0.7970709482828776,-4.631286621093729,0.8774334788322449
1773519441.6166,111.09322917800677,2.2074246955346966,,0.8045538584391276,-4.631286621093729,0.8771824240684509
1773519441.6486,111.9854646856939,2.3673908897535205,,0.8015690485636393,-4.631286621093729,0.8833861947059631
1773519441.6807,112.07950573760341,2.647315144021403,,0.7967629750569661,-4.483459472656222,0.8748765587806702
1773519441.7167,112.11105361556824,2.647315144021403,,0.7907489140828451,-1.596710205078118,0.8748139142990112
1773519441.7487,112.07950573760341,2.6243505555336006,,0.7806931813557942,-0.2206726074218679,0.8928661942481995
1773519441.7807,111.9854646856939,2.3673908897535205,,0.7864227930704752,-0.2206726074218679,0.8900768756866455
1773519441.8166,111.8768808949237,2.237205300065668,,0.7878821690877279,-0.2206726074218679,0.8883904218673706
1773519441.8486,108.91605969922705,2.0270910075741493,,0.814581298828125,-9.44183349609375,0.8665889501571655
1773519441.8807,108.91605969922705,2.0270910075741493,,0.8139359792073567,-9.44183349609375,0.8853096961975098
1773519441.9167,108.91605969922705,2.0270910075741493,,0.8070929209391277,-9.44183349609375,0.8722309470176697
1773519441.9487,110.60520214516859,2.2754161816659324,,0.8061249415079753,-8.977203369140625,0.8790623545646667
1773519441.9807,110.94639551156013,2.282953087750606,,0.7990083694458008,-6.7205810546874645,0.8945045471191406
1773519442.0166,111.45454325920687,2.454058417507482,,0.8010786692301433,-6.7205810546874645,0.8871120810508728
1773519442.0486,112.00510958093474,2.454058417507482,,0.8014236450195312,-6.7205810546874645,0.8848939538002014
1773519442.0807,112.20454556089133,2.454058417507482,,0.8030205408732096,-6.7205810546874645,0.8886047005653381
1773519442.1166,112.20454556089133,2.465360570615793,,0.8052162170410156,-6.7205810546874645,0.8819062113761902
1773519442.1486,112.5467543515071,2.565793331270853,,0.8007074356079101,-7.487091064453093,0.8810791969299316
1773519442.1807,112.20454556089133,2.565793331270853,,0.8006635665893554,-6.3768005371093395,0.8783662915229797
1773519442.2167,111.95670016121126,2.260395503807216,,0.8046550114949544,-6.3768005371093395,0.8815470933914185
1773519442.2487,111.95670016121126,0.6208934205845678,,0.7948116302490235,-6.983581542968711,0.9188865423202515
1773519442.2807,113.64882475452737,0.6208934205845678,,0.8019715627034505,-7.814575195312479,0.9358306527137756
1773519442.3166,111.53669763303591,0.6208934205845678,,0.8037027994791667,-7.814575195312479,0.9476454854011536
1773519442.3487,111.53669763303591,3.051066404381675,,0.8104768753051758,-11.06613159179684,0.8911666870117188
1773519442.3807,111.07071908194071,3.051066404381675,,0.817280133565267,-14.331695556640618,0.897921621799469
1773519442.4166,110.00064972711434,3.051066404381675,,0.8220551808675131,-16.174530029296843,0.8899407386779785
1773519442.4487,109.90151345749558,2.578973452538092,,0.8211193720499674,-16.623718261718743,0.88313889503479
1773519442.4807,109.90151345749558,2.317937482760946,,0.8249766031901041,-16.623718261718743,0.8748170733451843
1773519442.5167,109.70566358938773,2.2906106088737985,,0.8298183441162109,-18.026000976562457,0.8429645895957947
1773519442.5487,109.54499531531546,2.1648712438108415,,0.821578852335612,-18.026000976562457,0.8702021837234497
1773519442.5808,109.70566358938773,1.9996818982349063,,0.8259572982788086,-16.39508056640624,0.861454427242279
1773519442.6167,109.83633976356565,1.9996818982349063,,0.8183375676472981,-14.839263916015586,0.8694456219673157
1773519442.6487,109.83633976356565,1.9954438910368555,,0.7955816268920899,-10.099792480468714,0.9268850088119507
1773519442.6807,109.83633976356565,1.952087435493692,,0.8084636688232422,-8.001037597656246,0.8782544732093811
1773519442.7167,109.94724315073778,1.952087435493692,,0.8040912628173829,-6.245208740234336,0.8888301849365234
1773519442.7487,110.56701204250646,1.9766449484544237,,0.8004332860310872,-7.583801269531243,0.8765568733215332
1773519442.7807,110.56701204250646,1.9766449484544237,,0.7976414998372395,-7.583801269531243,0.872793436050415
1773519442.8167,110.83214961771901,2.0636206706830342,,0.8032220204671224,-7.583801269531243,0.8844187259674072
1773519442.8487,111.03474956462729,2.0636206706830342,,0.8071756998697917,-9.481567382812468,0.890752375125885
1773519442.8807,111.311511711915,2.1909193375108122,,0.8088762919108073,-10.2978515625,0.8936272859573364
1773519442.9167,111.311511711915,2.0636206706830342,,0.8120217641194661,-11.807678222656222,0.8958132863044739
1773519442.9487,111.311511711915,2.0636206706830342,,0.8135295867919922,-12.480407714843711,0.887856662273407
1773519442.9807,111.03474956462729,2.135259735656832,,0.8188911437988281,-12.480407714843711,0.8827527761459351
1773519443.0167,110.93364905786905,2.236653234937437,,0.8134232838948567,-12.480407714843711,0.8925707340240479
1773519443.0487,110.53382298975457,2.135259735656832,,0.8035574595133463,-7.744812011718718,0.8819577693939209
1773519443.0807,110.53382298975457,2.2635629375812076,,0.7946432749430339,-6.502868652343725,0.8887060880661011
1773519443.1167,110.53382298975457,2.2635629375812076,,0.8001326243082683,-6.100891113281239,0.879993736743927
1773519443.1487,111.12252519360916,1.8932640772226865,,0.8009700775146484,-6.100891113281239,0.8866779208183289
1773519443.1807,115.02478482596706,0.4990430973482807,,0.7994950612386068,-6.100891113281239,0.946800172328949
1773519443.2167,118.81797505363636,0.37204530248228157,,0.8051818211873373,-6.386596679687475,0.9535639882087708
1773519443.2487,119.05217694396754,0.3161859800882267,,0.7988122304280599,-6.386596679687475,0.9468331933021545
1773519443.2807,119.05217694396754,0.37204530248228157,,0.8007278442382812,-6.490112304687461,0.9543020725250244
1773519443.3167,119.05217694396754,0.4990430973482807,,0.8009435017903646,-6.490112304687461,0.9551234841346741
1773519443.3487,120.62184231929312,0.37204530248228157,,0.8171700159708659,-8.642089843749954,0.8883910179138184
1773519443.3807,113.92263648961992,0.5848275874260629,,0.8205066045125325,-12.625976562499961,0.8936718106269836
1773519443.4167,112.7750977396994,1.081061692605844,,0.8054267883300781,-12.625976562499961,0.9210197329521179
1773519443.4487,102.04611404415301,0.7254729940686884,,0.8137265523274739,-12.265350341796868,0.8805996179580688
1773519443.4808,101.35912712023713,0.7254729940686884,,0.8129752477010092,-12.180541992187468,0.8837231993675232
1773519443.5167,101.35912712023713,1.081061692605844,,0.8127985636393229,-12.180541992187468,0.8802528381347656
1773519443.5487,101.35912712023713,1.081061692605844,,0.798362922668457,-12.180541992187468,0.934474527835846
1773519443.5808,104.14310766899372,1.1932293871578936,,0.7966272989908855,-5.251434326171829,0.9441980719566345
1773519443.6167,104.14310766899372,1.4331499357193178,,0.8165971120198567,-4.4183349609375,0.894138514995575
1773519443.6487,105.5172901387879,1.4331499357193178,,0.7942492167154948,-3.2768554687499574,0.9255082607269287
1773519443.6808,104.14310766899372,2.546921503720135,,0.7862533569335938,0.5611572265625142,0.9400498270988464
1773519443.7167,104.14310766899372,2.546921503720135,,0.7715582529703776,7.614807128906271,0.9586743116378784
1773519443.7487,102.81981070136048,3.0010840960708682,,0.7650788625081381,10.724914550781257,0.948672354221344
1773519443.7808,102.81981070136048,3.0010840960708682,,0.7512900670369466,10.724914550781257,0.9488687515258789
1773519443.8167,102.81981070136048,2.2084237676674245,,0.7426184336344401,17.343536376953175,0.9645222425460815
1773519443.8487,101.385577866081,1.4711430248680517,,0.7665304819742839,19.966125488281286,0.8911147713661194
1773519443.8807,99.96187391804902,1.4711430248680517,,0.7458263397216797,21.50592041015626,0.8825783729553223
1773519443.9168,99.96187391804902,1.4711430248680517,,0.7404716491699219,22.536376953125004,0.8859595656394958
1773519443.9488,101.33311113821463,2.2084237676674245,,0.7373035430908204,24.057067871093754,0.872918426990509
1773519443.9807,101.33311113821463,2.4670825881722718,,0.7074283599853516,27.75439453125001,0.9026042222976685
1773519444.0168,103.8739552086414,5.048662094412915,,0.7087582270304362,32.75660705566408,0.873704195022583
1773519444.0487,108.73109780560111,7.809744969674269,11.149662020102351,0.7296007792154948,32.75660705566408,0.9672998189926147
1773519444.0808,111.04739633213404,7.9892483386949795,11.149662020102351,,27.75439453125001,0.0
1773519444.1168,129.3252836851918,11.118781607464344,11.149662020102351,0.7549012502034506,21.682281494140632,0.9570695161819458
1773519444.1487,147.60317103824957,14.60732161427513,11.149662020102351,,15.610168457031257,0.0
1773519444.1808,147.60317103824957,14.60732161427513,11.149662020102351,,15.610168457031257,0.0
1773519444.2169,,,,,,0.0
1773519444.2488,,,,,,0.0
1773519444.2808,,,,,,0.0
1773519444.3168,,,,,,0.0
1773519444.3488,,,,,,0.0
1773519444.3808,,,,,,0.0
1773519444.4168,,,,,,0.0
1773519444.4488,,,,,,0.0
1773519444.4808,,,,,,0.0
1773519444.5168,,,,,,0.0
1773519444.5488,,,,,,0.0
1773519444.5808,,,,,,0.0
1773519444.6168,,,,,,0.0
1773519444.6488,,,,,,0.0
1773519444.6808,,,,,,0.0
1773519444.7168,,,,,,0.0
1773519444.7488,,,,,,0.0
1773519444.7808,,,,,,0.0
1773519444.8168,,,,,,0.0
1773519444.8488,,,,,,0.0
1773519444.8808,,,,,,0.0
1773519444.9168,,,,,,0.0
1773519444.9488,,,,,,0.0
1773519444.9808,,,,,,0.0
1773519445.0168,,,,,,0.0
1773519445.0488,,,,,,0.0
1773519445.0808,,,,,,0.0
1773519445.1168,,,,,,0.0
1773519445.1489,,,,,,0.0
1773519445.1808,,,,,,0.0
1773519445.2169,,,,,,0.0
1773519445.2489,,,,,,0.0
1773519445.2808,,,,,,0.0
1773519445.3168,,,,,,0.0
1773519445.3489,,,,,,0.0
1773519445.3809,,,,,,0.0
1773519445.4169,,,,,,0.0
1773519445.4489,,,,,,0.0
1773519445.4808,,,,,,0.0
1773519445.5169,,,,,,0.0
1773519445.5489,,,,,,0.0
1773519445.5808,,,,,,0.0
1773519445.6169,,,,,,0.0
1773519445.6489,,,,,,0.0
1773519445.6809,,,,,,0.0
1773519445.7169,,,,,,0.0
1773519445.7489,,,,,,0.0
1773519445.7809,,,,,,0.0
1773519445.8169,,,,,,0.0
1773519445.8489,,,,,,0.0
1773519445.8809,,,,,,0.0
1773519445.9169,,,,,,0.0
1773519445.9489,,,,,,0.0
1773519445.9809,,,,,,0.0
1773519446.0169,,,,,,0.0
1773519446.0489,,,,,,0.0
1773519446.0809,,,,,,0.0
1773519446.1169,,,,,,0.0
1773519446.1489,,,,,,0.0
1773519446.1809,,,,,,0.0
1773519446.217,,,,,,0.0
1773519446.2489,,,,,,0.0
1773519446.2808,,,,,,0.0
1773519446.3169,,,,,,0.0
1773519446.3489,,,,,,0.0
1773519446.3809,,,,,,0.0
1773519446.4169,,,,,,0.0
1773519446.4489,,,,,,0.0
1773519446.4809,,,,,,0.0
1773519446.5169,,,,,,0.0
1773519446.5489,,,,,,0.0
1773519446.5808,,,,,,0.0
1773519446.6129,,,,,,0.0
1773519446.6489,101.06102758053295,4.514315983008996,,,34.857055664062514,0.0
1773519446.6809,107.16542660054436,5.354481819454065,,,35.578369140625014,0.0
1773519446.7129,107.16542660054436,4.514315983008996,,0.7148035685221354,35.41754150390627,0.6787981986999512
1773519446.7489,104.97728757271985,3.6157505542076342,,0.711798095703125,35.13729858398439,0.9114140272140503
1773519446.7809,103.08279568329125,2.7171851254062727,,0.7136358896891276,34.857055664062514,0.9084482192993164
1773519446.8129,104.97728757271985,2.7171851254062727,,0.7318115234375,30.122192382812507,0.9295027256011963
1773519446.8489,103.08279568329125,2.7171851254062727,,0.7246678670247396,29.390380859375025,0.904224693775177
1773519446.8809,103.08279568329125,5.839772355210382,,0.7344942092895508,26.693237304687525,0.826344907283783
1773519446.9129,101.18830379386266,5.839772355210382,,0.7261924743652344,25.40554809570315,0.856753945350647
1773519446.9489,101.08667745913571,5.839772355210382,,0.7375305811564128,23.948089599609386,0.8604573607444763
1773519446.9809,102.20992564373228,2.5857480803799455,,0.7571732838948567,14.5195922851563,0.8841455578804016
1773519447.0129,101.3999396746978,1.853823082084181,,0.7708517074584961,7.9539489746094105,0.9054578542709351
1773519447.0489,101.24330856691677,1.853823082084181,,0.773147710164388,7.8737487792968786,0.9500471949577332
1773519447.0809,101.08667745913571,1.8423119093080866,,0.789840571085612,6.851867675781289,0.9251298904418945
1773519447.1129,99.30739119813057,2.5857480803799455,,0.7710187911987305,6.518066406250007,0.9602479338645935
1773519447.149,98.77234626568526,4.129375594728013,,0.7942284901936849,4.141784667968764,0.9272953867912292
1773519447.1809,98.77234626568526,4.129375594728013,,0.7738431294759115,6.518066406250007,0.9728156924247742
1773519447.2129,99.30739119813057,1.8423119093080866,,0.7787937164306641,4.141784667968764,0.9674294590950012
1773519447.249,104.37964793479321,2.303703163128157,,0.7730543136596679,4.141784667968764,0.9288200736045837
1773519447.2809,104.84652878088237,0.9392551534752013,,0.7838371276855469,3.2805175781250107,0.9128680229187012
1773519447.3129,112.33696517590717,0.6619346138911422,,0.7805880228678386,1.7209472656250036,0.9615781903266907
1773519447.349,112.33696517590717,0.27565661451261564,,0.7977041880289714,-4.935241699218729,0.9211991429328918
1773519447.3809,112.33696517590717,0.27565661451261564,,0.8086678822835286,-9.107543945312475,0.911573052406311
1773519447.4129,111.41460121475546,0.27565661451261564,,0.8073420206705729,-9.107543945312475,0.9026042222976685
1773519447.4489,111.41460121475546,0.2951713425909027,,0.806396484375,-9.107543945312475,0.9259191155433655
1773519447.4809,111.41460121475546,0.9897841142382736,,0.7868085225423177,-9.107543945312475,0.9281615614891052
1773519447.513,116.02707879103274,1.544777818209516,,0.8055016835530598,-9.107543945312475,0.9657595753669739
1773519447.549,116.02707879103274,1.544777818209516,,0.8184551239013672,-11.132873535156236,0.9211421012878418
1773519447.5809,116.02707879103274,1.544777818209516,,0.8156162897745768,-11.132873535156236,0.9302079677581787
1773519447.6129,106.21892869680568,0.806423459698542,,0.8106159210205078,-12.243530273437457,0.9203485250473022
1773519447.649,106.21892869680568,0.7102165358400283,,0.8057422637939453,-11.132873535156236,0.9235754609107971
1773519447.6809,106.21892869680568,0.5718489568428073,,0.8129297892252604,-11.132873535156236,0.9192817807197571
1773519447.7129,106.4902363094034,0.5035211074024198,,0.7930349985758464,-8.793518066406225,0.9340871572494507
1773519447.749,106.49155490692091,0.5718489568428073,,0.8226439158121744,-12.243530273437457,0.8992689251899719
1773519447.781,107.27854939058693,0.5718489568428073,,0.7901837666829427,-3.9785766601562145,0.917854368686676
1773519447.813,106.49155490692091,1.273838072874792,,0.8182590484619141,-7.95626831054685,0.8779898881912231
1773519447.849,105.70456042325489,1.575508178147848,,0.7957111358642578,-3.9785766601562145,0.9034126400947571
1773519447.8809,105.70456042325489,1.7231984525341013,,0.8039979934692383,-3.9785766601562145,0.854606568813324
1773519447.913,,1.7231984525341013,,0.79335142771403,-2.845916748046875,0.8399239778518677
1773519447.949,,1.7231984525341013,,0.7931947072347005,-2.7706909179687322,0.843425989151001
1773519447.981,,1.7231984525341013,,0.7907320022583008,-1.5885925292968395,0.8535909056663513
1773519448.0129,,0.757850319677297,,0.7868282953898112,-0.7427368164062464,0.852044403553009
1773519448.049,,0.757850319677297,,0.7854733149210612,-0.7427368164062464,0.8314574956893921
1773519448.081,,0.757850319677297,,0.7889698028564454,-0.7427368164062464,0.8368685245513916
1773519448.113,,1.1525579560331234,,0.7919668197631836,-0.7427368164062464,0.8262481093406677
1773519448.149,,1.1525579560331234,,0.7917872111002604,-1.3734436035155895,0.8410614132881165
1773519448.181,,1.405926002619908,,0.7864012400309245,-2.095092773437468,0.8364536762237549
1773519448.2129,,1.1525579560331234,,0.7902837753295898,-2.095092773437468,0.8425009846687317
1773519448.249,,1.1525579560331234,,0.8021928787231445,-4.517425537109325,0.8514031767845154
1773519448.2809,,1.279738250174389,,0.7994319915771484,-4.517425537109325,0.8548333644866943
1773519448.313,,1.5113120044694328,,0.7968337376912434,-4.517425537109325,0.8662800192832947
1773519448.349,,1.780832154633902,,0.7903537750244141,-3.462585449218736,0.850945770740509
1773519448.381,,1.8178828107693965,,0.7946361541748047,-2.7540283203124716,0.8628187775611877
1773519448.4129,,1.9502318487626853,,0.7931599934895833,-1.4070434570312251,0.8674210906028748
1773519448.449,,1.9502318487626853,,0.7887311935424804,-0.6282043457030895,0.8566033840179443
1773519448.481,,1.9502318487626853,,0.7821050643920898,-0.6282043457030895,0.8766942024230957
1773519448.5129,,1.079407735644217,,0.7871868133544921,-0.6282043457030895,0.8699666261672974
1773519448.549,,1.079407735644217,,0.7984144846598308,-1.1605224609374787,0.8544543385505676
1773519448.581,,0.801295159887403,,0.7999486287434896,-4.3059692382812464,0.8745114207267761
1773519448.613,,0.801295159887403,,0.7898401896158854,-4.3059692382812464,0.8773925304412842
1773519448.649,,1.1311603478757388,,0.7963932037353516,-4.3059692382812464,0.8940447568893433
1773519448.681,,1.1549113232706976,,0.7876242955525716,-2.7332458496093626,0.8642773628234863
1773519448.713,,1.1786622986656563,,0.7981197992960612,-4.3059692382812464,0.8964802622795105
1773519448.749,,1.7879514276545134,,,-0.09689331054685724,0.0
1773519448.781,,2.62904860954928,,,0.6012115478515767,0.0
1773519448.813,,1.7879514276545134,,0.7742200215657552,6.337158203125028,0.892131507396698
1773519448.849,,1.7879514276545134,,,6.337158203125028,0.0
1773519448.881,119.84081113791797,4.758149881351116,,,-1.5343933105468555,0.0
1773519448.913,119.84081113791797,7.728348335047719,,,-9.40594482421874,0.0
1773519448.949,119.84081113791797,7.728348335047719,,0.8070181528727214,-9.40594482421874,0.9644944071769714
1773519448.981,119.84081113791797,7.728348335047719,,,-9.40594482421874,0.0
1773519449.013,119.84081113791797,7.728348335047719,,,-9.40594482421874,0.0
1773519449.0491,,,,,,0.0
1773519449.081,,,,,,0.0
1773519449.113,,,,,,0.0
1773519449.1491,,,,,,0.0
1773519449.181,,,,,,0.0
1773519449.213,,,,,,0.0
1773519449.2491,,0.4427651800023203,,,3.220458984375032,0.0
1773519449.281,,0.5560403235766149,,,2.5977783203125338,0.0
1773519449.313,,0.6693154671509096,,0.780713144938151,1.9750976562500355,0.8563103675842285
1773519449.3491,,0.5728413274785924,,0.7833076477050781,2.52507019042973,0.8694847226142883
1773519449.381,,0.5728413274785924,,0.7877700805664063,2.52507019042973,0.866717517375946
1773519449.413,,0.6693154671509096,,0.7810160954793294,1.9750976562500355,0.8669559955596924
1773519449.4491,,0.7013684842981003,,,1.4540863037109641,0.0
1773519449.481,,0.4763671878062753,,,3.0750427246094247,0.0
1773519449.513,,,,,,0.0
1773519449.5491,,,,,,0.0
1773519449.581,,1.7073490335651487,,,7.790740966796914,0.0
1773519449.613,,1.4739018411886218,,,6.909362792968778,0.0
1773519449.6491,,1.7073490335651487,,0.7711917241414388,7.632354736328164,0.8604970574378967
1773519449.6811,,1.879532894010707,,0.774864133199056,7.3323059082031605,0.8553261756896973
1773519449.713,,1.7073490335651487,,0.7715216954549153,7.032257080078157,0.8402484655380249
1773519449.7451,,1.393243593534764,,0.7727718989054362,6.027984619140643,0.8494732975959778
1773519449.781,,1.7224801739955147,,0.7800180435180664,5.295516967773466,0.8344318270683289
1773519449.8131,,1.393243593534764,,0.7800083160400391,3.558776855468775,0.8374531269073486
1773519449.8451,,1.2743222756067678,,,3.556442260742223,0.0
1773519449.8811,,1.393243593534764,,,3.558776855468775,0.0
1773519449.9131,,,,,,0.0
1773519449.9451,,,,,,0.0
1773519449.981,,,,,,0.0
1773519450.0131,,,,,,0.0
1773519450.0451,,,,,,0.0
1773519450.0811,,,,,,0.0
1773519450.113,,,,,,0.0
1773519450.1451,,,,,,0.0
1773519450.1811,,,,,,0.0
1773519450.2131,,6.0945600168852465,,,1.8052673339844105,0.0
1773519450.2451,,6.172844182190725,,,2.1031646728515963,0.0
1773519450.2811,,6.251128347496204,,0.7836614608764648,1.8052673339844105,0.9236342906951904
1773519450.3131,,6.172844182190725,,0.7824202219645182,2.1031646728515963,0.9147341847419739
1773519450.3451,,6.0945600168852465,,0.7840215682983398,2.401062011718782,0.9163882732391357
1773519450.3811,,3.939095318825025,,0.7656515757242839,7.7075805664062536,0.8584004044532776
1773519450.4131,,3.699286055269333,,0.7610204060872395,7.7075805664062536,0.858102560043335
1773519450.4451,,3.699286055269333,,0.771364974975586,7.7075805664062536,0.845439076423645
1773519450.4811,,3.939095318825025,,0.7722880681355794,7.264495849609425,0.8345199823379517
1773519450.513,,3.939095318825025,,0.7797246297200521,6.6690063476562855,0.8529388308525085
1773519450.5451,,4.18236835740744,,0.7735286712646484,5.102783203125032,0.8390730619430542
1773519450.5811,,4.327488423037724,,0.7767916361490885,4.39886474609378,0.8415238857269287
1773519450.6131,,4.4726084886680075,,0.7960975011189778,5.102783203125032,0.9347670674324036
1773519450.6452,,6.431682222240566,,,0.46937561035160336,0.0
1773519450.6811,,9.740515284758308,,,-4.164031982421825,0.0
1773519450.7131,,,,,,0.0
1773519450.7451,,,,,,0.0
1773519450.7811,,1.7318032958950555,,,4.414642333984382,0.0
1773519450.8131,,1.7318032958950555,,,4.414642333984382,0.0
1773519450.8451,,2.983064662890058,,0.7782252629597982,5.173965454101568,0.8046106100082397
1773519450.8812,,4.234326029885061,,,4.414642333984382,0.0
1773519450.9131,,4.78938238746916,,0.7750614166259766,3.466964721679693,0.8839136362075806
1773519450.9452,,5.1989875434032715,,0.787234115600586,1.3048400878906286,0.9092305898666382
1773519450.9811,,5.1989875434032715,,0.7821739196777344,1.3048400878906286,0.9043075442314148
1773519451.0131,,5.344438745053258,,0.7879226048787434,0.09039306640625355,0.9084089398384094
1773519451.0451,,5.1989875434032715,,,1.1396026611328391,0.0
1773519451.0812,103.04611556655364,5.670662148437234,,,2.748916625976605,0.0
1773519451.1131,103.04611556655364,5.932286600549155,,,3.276458740234398,0.0
1773519451.1451,103.04611556655364,5.576785245977127,,0.7754684448242187,5.7379150390625355,0.9102646112442017
1773519451.1812,103.04611556655364,5.576785245977127,,0.7857245127360026,5.7379150390625355,0.8976051807403564
1773519451.2131,103.04611556655364,5.368325437675087,,0.7745281219482422,3.276458740234398,0.8786631226539612
1773519451.2452,,5.13410588540665,,,0.7640686035156374,0.0
1773519451.2812,,5.108346141440253,,0.7859367370605469,0.7131347656250142,0.8808897137641907
1773519451.3131,,5.060658042396364,,0.791073989868164,-0.5198059082030948,0.8909078240394592
1773519451.3452,,5.060658042396364,,,-0.5198059082030948,0.0
1773519451.3812,,4.961450455419682,,,-1.7527465820312038,0.0
1773519451.4131,,,,,,0.0
1773519451.4452,,,,,,0.0
1773519451.4812,,,,,,0.0
1773519451.5131,,,,,,0.0
1773519451.5452,,,,,,0.0
1773519451.5812,,,,,,0.0
1773519451.6131,,,,,,0.0
1773519451.6452,,,,,,0.0
1773519451.6812,,,,,,0.0
1773519451.7131,,,,,,0.0
1773519451.7452,,,,,,0.0
1773519451.7811,,,,,,0.0
1773519451.8131,136.6703403060939,2.325417460780142,,,-7.507263183593711,0.0
1773519451.8452,136.6703403060939,2.5140151050207313,,,-4.968688964843722,0.0
1773519451.8812,136.6703403060939,2.702612749261321,,0.8030625661214192,-5.050598144531229,0.905834972858429
1773519451.9131,136.6703403060939,2.7482549803100085,,0.7924851735432943,-3.7403564453124805,0.8818081021308899
1773519451.9452,136.6703403060939,2.7938972113586957,,0.7979445139567057,-5.050598144531229,0.8931788206100464
1773519451.9812,,3.0687659650991175,,0.7923533121744791,-2.4301147460937322,0.8835335969924927
1773519452.0131,,3.0687659650991175,,0.8120710372924804,-2.3668212890624574,0.9573555588722229
1773519452.0452,,3.151461762386364,,0.789178212483724,-1.2434082031249716,0.8708488345146179
1773519452.0812,,3.151461762386364,,0.7889624913533528,-0.8427734374999929,0.872794508934021
1773519452.1131,,3.0687659650991175,,0.7900128682454427,-0.7392272949218359,0.8789761066436768
1773519452.1452,,3.151461762386364,,0.7832304636637369,0.36221313476564987,0.8611018657684326
1773519452.1812,,3.1886012884055344,,0.7806044260660807,1.1871795654297213,0.8583189845085144
1773519452.2131,,3.225740814424704,,0.7866678237915039,2.0121459960937926,0.9169933795928955
1773519452.2452,,3.3468228218412914,,,3.272644042968782,0.0
1773519452.2812,,3.426233643954887,,,1.8179931640625036,0.0
1773519452.3131,,3.426233643954887,,0.7760143915812174,5.475860595703157,0.8555561304092407
1773519452.3452,,3.1681827804253917,,0.7836349487304688,5.503448486328155,0.9043538570404053
1773519452.3812,,2.910131916895897,,0.7754898071289062,5.475860595703157,0.8504964709281921
1773519452.4131,,2.617493953330409,,0.7758994420369466,4.832565307617225,0.849869430065155
1773519452.4452,,2.3248559897649206,,0.7788097381591796,5.531036376953153,0.853862464427948
1773519452.4812,,2.279767734948412,,,4.832565307617225,0.0
1773519452.5131,,2.970543106210438,,,5.098571777343777,0.0
1773519452.5452,,3.5731612934764003,,,6.777893066406273,0.0
1773519452.5812,,3.5731612934764003,,0.7747910817464193,6.777893066406273,0.8440999388694763
1773519452.6131,,3.5731612934764003,,0.7718125661214192,6.777893066406273,0.839265763759613
1773519452.6452,,3.5731612934764003,,,6.777893066406273,0.0
1773519452.6812,,3.5300923642968454,,,7.492736816406289,0.0
1773519452.7131,,,,,,0.0
1773519452.7452,,,,,,0.0
1773519452.7812,,,,,,0.0
1773519452.8132,,,,,,0.0
1773519452.8452,,,,,,0.0
1773519452.8812,,,,,,0.0
1773519452.9131,,,,,,0.0
1773519452.9452,,,,,,0.0
1773519452.9812,,,,,,0.0
1773519453.0132,,1.4882070297905825,,,7.263824462890671,0.0
1773519453.0452,,1.4882070297905825,,,7.263824462890671,0.0
1773519453.0812,102.86597587493605,3.25725978210396,,0.7722894668579101,4.351730346679714,0.8632888793945312
1773519453.1132,102.86597587493605,3.25725978210396,,,4.351730346679714,0.0
1773519453.1452,102.86597587493605,3.25725978210396,,0.7844231923421224,4.351730346679714,0.9344068765640259
1773519453.1812,102.86597587493605,5.026312534417338,,,1.439636230468757,0.0
